snapped_at,price,market_cap,total_volume
2020-01-24 00:00:00 UTC,0.23477826648007644,0.0,17707.845249119542
2020-01-25 00:00:00 UTC,0.22289657645612249,0.0,16431.67985000887
2020-01-26 00:00:00 UTC,0.23095064729452583,0.0,16795.024576015538
2020-01-27 00:00:00 UTC,0.228535987401366,0.0,16610.340611288175
2020-01-28 00:00:00 UTC,0.22346814816617924,0.0,16310.560964615097
2020-01-29 00:00:00 UTC,0.22005752219375518,0.0,16272.419837019303
2020-01-30 00:00:00 UTC,0.22128103772323637,0.0,15163.36202313925
2020-01-31 00:00:00 UTC,0.239646335795014,0.0,19324.300496014792
2020-02-01 00:00:00 UTC,0.21361176461265438,0.0,15930.667339964584
2020-02-02 00:00:00 UTC,0.24428286981179734,0.0,18099.990950828887
2020-02-03 00:00:00 UTC,0.24304621112737546,0.0,19697.18932085645
2020-02-04 00:00:00 UTC,0.22647608940999645,0.0,16584.052333872205
2020-02-05 00:00:00 UTC,0.24207907144112353,0.0,17970.000367156794
2020-02-06 00:00:00 UTC,0.21727107740135784,0.0,17736.285262323792
2020-02-07 00:00:00 UTC,0.20973015651836,0.0,17537.627613766203
2020-02-08 00:00:00 UTC,0.20393569088007238,0.0,15349.699496968033
2020-02-09 00:00:00 UTC,0.2161731610492669,0.0,16089.35224514313
2020-02-10 00:00:00 UTC,0.21381695019560606,0.0,16117.10820698235
2020-02-11 00:00:00 UTC,0.20216741232058383,0.0,15286.304336128333
2020-02-12 00:00:00 UTC,0.21028429550611621,0.0,16000.364959354449
2020-02-13 00:00:00 UTC,0.2252356216119902,0.0,17251.13392260644
2020-02-14 00:00:00 UTC,0.2125336513649982,0.0,16456.189215814866
2020-02-15 00:00:00 UTC,0.2059097285425399,0.0,16191.62082943856
2020-02-16 00:00:00 UTC,0.19139590913237992,0.0,15789.463683847902
2020-02-17 00:00:00 UTC,0.1991394126671298,0.0,40718.686045300485
2020-02-18 00:00:00 UTC,0.1894287658601918,0.0,15784.645816423557
2020-02-19 00:00:00 UTC,0.18755496411646627,0.0,38316.62041487172
2020-02-20 00:00:00 UTC,0.18077601019562653,0.0,34920.68694492941
2020-02-21 00:00:00 UTC,0.17744916540753605,0.0,42606.78907538149
2020-02-22 00:00:00 UTC,0.18408194482483697,0.0,46859.17624535278
2020-02-23 00:00:00 UTC,0.18856489420332595,0.0,49185.11463005365
2020-02-24 00:00:00 UTC,0.18033359660926382,0.0,47086.53583865739
2020-02-25 00:00:00 UTC,0.17663010707036905,0.0,54446.437406846984
2020-02-26 00:00:00 UTC,0.16249727074812298,0.0,78048.465824493
2020-02-27 00:00:00 UTC,0.1561545331454535,0.0,74159.0616684843
2020-02-28 00:00:00 UTC,0.1475839990258313,0.0,70967.19194275337
2020-02-29 00:00:00 UTC,0.14477749971511125,0.0,68637.54427790578
2020-03-01 00:00:00 UTC,0.1436415289402677,0.0,112531.92199081069
2020-03-02 00:00:00 UTC,0.13939503985815815,0.0,106318.47920318198
2020-03-03 00:00:00 UTC,0.1332233879466413,0.0,104690.24563634665
2020-03-04 00:00:00 UTC,0.11602747633650225,0.0,78682.26769145248
2020-03-05 00:00:00 UTC,0.12648024505028327,0.0,80886.90907170581
2020-03-06 00:00:00 UTC,0.11484837284943446,0.0,70173.64697768797
2020-03-07 00:00:00 UTC,0.1424673145754112,0.0,89926.16622819025
2020-03-08 00:00:00 UTC,0.1563414650126149,0.0,98233.77868568827
2020-03-09 00:00:00 UTC,0.1288488493212432,0.0,86776.05902222138
2020-03-10 00:00:00 UTC,0.11745229430221978,0.0,84882.94020793885
2020-03-11 00:00:00 UTC,0.12887953920403641,0.0,97281.3533357272
2020-03-12 00:00:00 UTC,0.12948774983378875,0.0,100550.21363229706
2020-03-13 00:00:00 UTC,0.07070049567600971,0.0,52399.74366297916
2020-03-14 00:00:00 UTC,0.08093947444246355,0.0,62751.2393764802
2020-03-15 00:00:00 UTC,0.07736798531361694,0.0,349692.6154326719
2020-03-16 00:00:00 UTC,0.07626884416248125,0.0,363426.65831316874
2020-03-17 00:00:00 UTC,0.07257109608140398,0.0,335584.16347960604
2020-03-18 00:00:00 UTC,0.07560928714175111,0.0,355910.2740790982
2020-03-19 00:00:00 UTC,0.07530297183728289,0.0,235801.5246735778
2020-03-20 00:00:00 UTC,0.07697120930340833,0.0,180844.17485750956
2020-03-21 00:00:00 UTC,0.07803358260139533,0.0,178802.9348919048
2020-03-22 00:00:00 UTC,0.07832858522040946,0.0,279731.83949723246
2020-03-23 00:00:00 UTC,0.07509432469335246,0.0,344897.00958569313
2020-03-24 00:00:00 UTC,0.08510033870204121,0.0,394515.09777791507
2020-03-25 00:00:00 UTC,0.08920694037319865,0.0,442372.71085914504
2020-03-26 00:00:00 UTC,0.08653728916408947,0.0,215640.1450450315
2020-03-27 00:00:00 UTC,0.09218467633055362,0.0,347141.2248303493
2020-03-28 00:00:00 UTC,0.08582432793653974,0.0,447615.91537011263
2020-03-29 00:00:00 UTC,0.08194863033053022,0.0,414655.2209848332
2020-03-30 00:00:00 UTC,0.07766515383246324,0.0,368406.8592255406
2020-03-31 00:00:00 UTC,0.0832782435338984,0.0,292121.2604282538
2020-04-01 00:00:00 UTC,0.08198687467517014,0.0,376617.29740971746
2020-04-02 00:00:00 UTC,0.08154304790155412,0.0,457501.4231672688
2020-04-03 00:00:00 UTC,0.08230627597529704,0.0,489683.5069508977
2020-04-04 00:00:00 UTC,0.07999713058980787,0.0,484074.1533408528
2020-04-05 00:00:00 UTC,0.08338245206239187,0.0,491071.4749866857
2020-04-06 00:00:00 UTC,0.07841169002389506,0.0,365993.1291836628
2020-04-07 00:00:00 UTC,0.08044532924212898,0.0,283803.2876846903
2020-04-08 00:00:00 UTC,0.07630206227281805,0.0,203297.76661601433
2020-04-09 00:00:00 UTC,0.08072253938718542,0.0,227913.28994190675
2020-04-10 00:00:00 UTC,0.07877791856898803,0.0,241430.3905791727
2020-04-11 00:00:00 UTC,0.08038854193501391,0.0,223692.0518254931
2020-04-12 00:00:00 UTC,0.0825380946325717,0.0,289516.90487606573
2020-04-13 00:00:00 UTC,0.08424174384999338,0.0,390020.91773078614
2020-04-14 00:00:00 UTC,0.08448787978110966,0.0,412851.2795040617
2020-04-15 00:00:00 UTC,0.08112976458798442,0.0,418469.5237020153
2020-04-16 00:00:00 UTC,0.0772487404245128,0.0,417711.8232937815
2020-04-17 00:00:00 UTC,0.08324062454038805,0.0,450424.47136107134
2020-04-18 00:00:00 UTC,0.08390482710692256,0.0,461608.7696494753
2020-04-19 00:00:00 UTC,0.09065790155452735,0.0,511570.9304562807
2020-04-20 00:00:00 UTC,0.10186920586183341,0.0,604033.3830268149
2020-04-21 00:00:00 UTC,0.08754407885079675,0.0,140120.94868777183
2020-04-22 00:00:00 UTC,0.0970521931794801,1677343.6267361855,538550.0392864927
2020-04-23 00:00:00 UTC,0.10593576729417015,1938535.8162076492,660390.7886310548
2020-04-24 00:00:00 UTC,0.12321311722334494,2239866.457431649,131595.13057124778
2020-04-25 00:00:00 UTC,0.1271426232163241,2191665.5529836775,459275.056774529
2020-04-26 00:00:00 UTC,0.1231400651490254,2286091.9874862405,135787.84560517463
2020-04-27 00:00:00 UTC,0.10483047285490416,1911785.8906708758,90399.84657075637
2020-04-28 00:00:00 UTC,0.11592712919186604,2199382.1105122524,106480.96539804904
2020-04-29 00:00:00 UTC,0.12023637225208055,2264284.453032037,130256.28392126033
2020-04-30 00:00:00 UTC,0.1355795678687199,2475125.735917459,155685.75827668718
2020-05-01 00:00:00 UTC,0.1204534426112501,2255954.4484414095,127324.07588054979
2020-05-02 00:00:00 UTC,0.12944259673505942,2397845.917615547,153483.50946873782
2020-05-03 00:00:00 UTC,0.13589627463109863,2490787.125761339,153172.2906589885
2020-05-04 00:00:00 UTC,0.12148502264507585,2216625.7579772836,140874.74229869503
2020-05-05 00:00:00 UTC,0.12432669954847488,2253941.6556479223,140509.53260679188
2020-05-06 00:00:00 UTC,0.13299290145717677,2389604.868950455,177101.13308362538
2020-05-07 00:00:00 UTC,0.13101175188663425,2401701.2986223944,179238.1864591635
2020-05-08 00:00:00 UTC,0.17792349039592656,3239706.063260016,275133.86134542356
2020-05-09 00:00:00 UTC,0.15210736541656514,2689392.80271307,200688.81190634693
2020-05-10 00:00:00 UTC,0.15223848449842645,2800215.565451567,204797.9142366967
2020-05-11 00:00:00 UTC,0.290525281374901,5298258.166260478,300116.5650250382
2020-05-12 00:00:00 UTC,0.25476690484986536,4550162.172377808,255518.2449453517
2020-05-13 00:00:00 UTC,0.21815336211650838,3986071.4228978185,169434.06120789173
2020-05-14 00:00:00 UTC,0.2429061748974473,4515629.66759224,228901.32263514507
2020-05-15 00:00:00 UTC,0.2487897344561871,4586907.3047908265,225913.5823351014
2020-05-16 00:00:00 UTC,0.24471691061878503,4482924.239617042,190702.91005821855
2020-05-17 00:00:00 UTC,0.2717936903920015,4909432.320368277,212237.85009994038
2020-05-18 00:00:00 UTC,0.2880235129015726,5357962.621502919,233068.03273849827
2020-05-19 00:00:00 UTC,0.28777934582409126,5275416.421588311,247865.85557179176
2020-05-20 00:00:00 UTC,0.376009236204908,6860240.3719041,352242.712877154
2020-05-21 00:00:00 UTC,0.37376005749582963,6824096.224851791,306882.3205443135
2020-05-22 00:00:00 UTC,0.31323017611806725,5674241.265394571,268453.2797567317
2020-05-23 00:00:00 UTC,0.2919062922061524,5342573.356559788,198571.03359563157
2020-05-24 00:00:00 UTC,0.3021534655583551,5524107.535754074,186050.75890161216
2020-05-25 00:00:00 UTC,0.30754050573777303,5592441.884748094,234039.5564944477
2020-05-26 00:00:00 UTC,0.2814268570923048,5148637.47566949,234104.64302350738
2020-05-27 00:00:00 UTC,0.29941107211509344,5503908.617934449,654151.1037449575
2020-05-28 00:00:00 UTC,0.3017069775286251,5537759.605033131,1744741.4267564418
2020-05-29 00:00:00 UTC,0.30950561336275334,5656748.919050927,1794399.8480565099
2020-05-30 00:00:00 UTC,0.3253171082590808,5944154.222655226,287530.0439747335
2020-05-31 00:00:00 UTC,0.33093916646923177,5931174.583244291,192434.511672938
2020-06-01 00:00:00 UTC,0.3341487817252638,6095183.079152567,1402430.0826534727
2020-06-02 00:00:00 UTC,0.3293783477309573,5998316.99598069,2501485.5363194295
2020-06-03 00:00:00 UTC,0.38251649083811273,7293060.430745759,4164803.7776698293
2020-06-04 00:00:00 UTC,0.37182709082611876,6774548.449873269,859162.6887797989
2020-06-05 00:00:00 UTC,0.3786628062622792,7125976.5374296745,1622783.9016911197
2020-06-06 00:00:00 UTC,0.45027498830703083,8253532.530969931,1766607.001873391
2020-06-07 00:00:00 UTC,0.4495687333031463,8214464.645706392,1186322.0601755485
2020-06-08 00:00:00 UTC,0.4497811879418341,8264513.711028619,2406622.4280344886
2020-06-09 00:00:00 UTC,0.4026037502623452,7368399.774162378,1548547.4303025356
2020-06-10 00:00:00 UTC,0.41730092865715357,7611730.889691941,1589810.8538085148
2020-06-11 00:00:00 UTC,0.4107735495737298,7432478.1372470185,1983733.9694120963
2020-06-12 00:00:00 UTC,0.3856727117089441,7119512.629107255,3495978.96556757
2020-06-13 00:00:00 UTC,0.43569707355155296,7978079.6284373,904751.735131278
2020-06-14 00:00:00 UTC,0.41509619659832386,7490166.981461915,621161.1351580379
2020-06-15 00:00:00 UTC,0.4136710539338463,7618119.288851911,1002827.2768524312
2020-06-16 00:00:00 UTC,0.40237343439504114,7404617.034569428,2236523.624877127
2020-06-17 00:00:00 UTC,0.41073977253750577,7522020.269054653,612283.5568892759
2020-06-18 00:00:00 UTC,0.41113123706594845,7466108.902362627,634955.874585071
2020-06-19 00:00:00 UTC,0.4160547191333432,7594759.349750965,465610.909000609
2020-06-20 00:00:00 UTC,0.4197180224736875,7627526.916947667,697277.5100206193
2020-06-21 00:00:00 UTC,0.42309784355650965,7750426.96689839,534076.9144096748
2020-06-22 00:00:00 UTC,0.4131848356255181,7550900.484649657,328233.76609725296
2020-06-23 00:00:00 UTC,0.4215890995875629,7707285.197998253,784838.716782909
2020-06-24 00:00:00 UTC,0.3873357241382382,7105644.78654391,599279.1089935418
2020-06-25 00:00:00 UTC,0.3939863184393778,7183099.764536255,680438.7103092112
2020-06-26 00:00:00 UTC,0.4168096391044015,15145432.545887427,819192.8128657114
2020-06-27 00:00:00 UTC,0.410228914209962,14769893.650594609,673782.9899848083
2020-06-28 00:00:00 UTC,0.39993184127455567,14591119.248568745,808094.1870756248
2020-06-29 00:00:00 UTC,0.3927281349034355,14175501.958375605,387500.91350185755
2020-06-30 00:00:00 UTC,0.39419504800904104,14334016.617195789,892152.3770838021
2020-07-01 00:00:00 UTC,0.3206189251237639,11771788.500806928,791207.6460114061
2020-07-02 00:00:00 UTC,0.2735412871531334,10120239.132811202,872992.1986216644
2020-07-03 00:00:00 UTC,0.2629056301232573,9653491.213125767,762202.2637505924
2020-07-04 00:00:00 UTC,0.2744877888605434,10147295.063982973,506268.99997792376
2020-07-05 00:00:00 UTC,0.28389799450428055,10438978.637215983,525098.6662099961
2020-07-06 00:00:00 UTC,0.2776818339493872,10317223.933536801,421799.12031844945
2020-07-07 00:00:00 UTC,0.2630727833327441,9804817.727923354,595382.696840577
2020-07-08 00:00:00 UTC,0.2651088782763698,9902033.223666018,409333.1009182746
2020-07-09 00:00:00 UTC,0.26605840851586626,9735670.823400063,438207.45813928527
2020-07-10 00:00:00 UTC,0.24321613707571033,9157074.112517674,527754.0865607052
2020-07-11 00:00:00 UTC,0.27263831969007934,10366583.289291281,546796.7294141679
2020-07-12 00:00:00 UTC,0.28582008981649293,10778076.638091953,475625.7362798012
2020-07-13 00:00:00 UTC,0.2771880971307918,10476565.406727953,655776.7619759291
2020-07-14 00:00:00 UTC,0.25755027159833505,9789352.408923404,743396.8531740926
2020-07-15 00:00:00 UTC,0.2625219346000433,9995320.647526298,641696.903049968
2020-07-16 00:00:00 UTC,0.27380601930357445,10448384.725302976,525683.4932318074
2020-07-17 00:00:00 UTC,0.2547013467019312,9850598.736483224,529904.0591018272
2020-07-18 00:00:00 UTC,0.2801641985816362,10778045.52933068,488275.1555501614
2020-07-19 00:00:00 UTC,0.2606775356649419,9986588.509259569,501493.75029577053
2020-07-20 00:00:00 UTC,0.2669971035649465,10300200.272595877,632471.0645792179
2020-07-21 00:00:00 UTC,0.28444386042146047,11242416.432942275,792082.9583057502
2020-07-22 00:00:00 UTC,0.2869994792799924,11105404.618209297,839073.6932888565
2020-07-23 00:00:00 UTC,0.288120402857125,11104920.25067802,574732.1080191123
2020-07-24 00:00:00 UTC,0.2915480373323048,11325784.186000345,750694.1428000006
2020-07-25 00:00:00 UTC,0.314909747352794,12187974.582107883,601315.1743086865
2020-07-26 00:00:00 UTC,0.3411909964075108,13401547.657781776,490476.6532708045
2020-07-27 00:00:00 UTC,0.36684082418691266,14434251.198725624,1043464.8238025536
2020-07-28 00:00:00 UTC,0.3536579188644481,13938455.41885786,1124385.8013283173
2020-07-29 00:00:00 UTC,0.3079663461181537,12157478.469661294,629686.097056261
2020-07-30 00:00:00 UTC,0.30284034310868485,12035562.812197136,478198.72747162124
2020-07-31 00:00:00 UTC,0.31951813892061776,12917876.750416718,547571.036254637
2020-08-01 00:00:00 UTC,0.31139212704950125,12505267.933922105,471718.54647345765
2020-08-02 00:00:00 UTC,0.3064526308385458,12300979.464303788,761621.6301323074
2020-08-03 00:00:00 UTC,0.28268011538169413,11350668.13157421,682180.4737725789
2020-08-04 00:00:00 UTC,0.2553841824050338,10336691.92620167,533673.1604102066
2020-08-05 00:00:00 UTC,0.2518332766346933,10189163.792571701,579970.5255365544
2020-08-06 00:00:00 UTC,0.7193078891594764,29161251.78718826,2327592.766312141
2020-08-07 00:00:00 UTC,0.6612378192863269,26780779.690166175,2855274.0436222386
2020-08-08 00:00:00 UTC,0.758345196743763,29667866.022153754,2070181.2591105418
2020-08-09 00:00:00 UTC,0.7899459157685421,32180085.880252108,2199212.77278938
2020-08-10 00:00:00 UTC,0.7816880607499194,31913679.722878385,949888.8891776566
2020-08-11 00:00:00 UTC,0.7607903153651626,31573561.82073176,1386899.9395307999
2020-08-12 00:00:00 UTC,0.701426139280543,28406330.80195123,1443123.282076198
2020-08-13 00:00:00 UTC,0.6885956306593921,29161749.854125254,1208948.0112456481
2020-08-14 00:00:00 UTC,0.723243467111255,28209327.615763668,1976450.7952957046
2020-08-15 00:00:00 UTC,0.7790708239351182,32144651.86855276,1548655.7091864406
2020-08-16 00:00:00 UTC,0.7010616273726091,29193629.064651083,762967.2976395921
2020-08-17 00:00:00 UTC,0.6755328356653008,28068112.822924122,912321.9318990827
2020-08-18 00:00:00 UTC,0.6315892464835552,26581802.27289145,1613087.4375031912
2020-08-19 00:00:00 UTC,0.5729928222708311,23909407.070292424,737100.843614773
2020-08-20 00:00:00 UTC,0.5487022639494303,22904606.86315812,1458659.5194135434
2020-08-21 00:00:00 UTC,0.6784467590934249,28495533.333732653,1148266.4286303124
2020-08-22 00:00:00 UTC,0.6147603161989916,25675129.183466047,1307526.9409810547
2020-08-23 00:00:00 UTC,0.6287753029108616,26403428.51267403,1063244.8167123012
2020-08-24 00:00:00 UTC,0.6243575221229962,26177932.87136011,956078.8106115921
2020-08-25 00:00:00 UTC,0.6893081123053253,29213515.700034786,1251588.5683143476
2020-08-26 00:00:00 UTC,0.7029915046752885,29855435.364552315,1503046.911564556
2020-08-27 00:00:00 UTC,0.7202789822936334,30525441.76194278,1118370.5774334874
2020-08-28 00:00:00 UTC,0.773766545782023,32939069.279883713,1567091.1082959857
2020-08-29 00:00:00 UTC,0.7445709929022095,31762322.150729436,1238438.9822741707
2020-08-30 00:00:00 UTC,0.7398625622903098,31569742.46668098,890909.9674369919
2020-08-31 00:00:00 UTC,0.7174193363783876,30600391.869208124,578211.4220733535
2020-09-01 00:00:00 UTC,0.6776007015679275,27986279.866553646,1263304.0879129574
2020-09-02 00:00:00 UTC,0.6044596736824758,25816031.531881716,1074689.8799035682
2020-09-03 00:00:00 UTC,0.6760947246721342,28740434.521686904,947173.8723639408
2020-09-04 00:00:00 UTC,0.6279518078111609,25609339.529597178,940986.4306756593
2020-09-05 00:00:00 UTC,0.5690183185715161,23178028.9426551,618120.0104199193
2020-09-06 00:00:00 UTC,0.47305301714948605,20845453.442103457,621860.6115022324
2020-09-07 00:00:00 UTC,0.517489046480405,22385607.701648224,404020.4105254745
2020-09-08 00:00:00 UTC,0.46960903069430765,20443291.227226403,591824.5367868632
2020-09-09 00:00:00 UTC,0.4458063519469143,19469922.936786033,546565.8790117055
2020-09-10 00:00:00 UTC,0.4812890745827656,20910464.19184515,574452.4713852659
2020-09-11 00:00:00 UTC,0.5096631601947057,22264751.419248186,539509.1848685433
2020-09-12 00:00:00 UTC,0.48038837233034465,21090485.944517516,402612.9145934097
2020-09-13 00:00:00 UTC,0.4739406024495946,20839144.964658402,413435.0840596312
2020-09-14 00:00:00 UTC,0.44351681036008445,19469038.082778193,568905.5018811907
2020-09-15 00:00:00 UTC,0.41386894005363933,18210450.049003776,665694.8004515119
2020-09-16 00:00:00 UTC,0.42638116809752225,18855986.45417748,472973.7219898607
2020-09-17 00:00:00 UTC,0.39904107306742215,17449453.41622662,575845.2853548047
2020-09-18 00:00:00 UTC,0.39410568036286137,17490185.275719613,440021.81460817246
2020-09-19 00:00:00 UTC,0.39396463787674585,17490461.100264095,399853.9606682681
2020-09-20 00:00:00 UTC,0.3698200193946165,16717048.476021849,406366.06776860025
2020-09-21 00:00:00 UTC,0.3721998085343691,16604670.20268202,429226.6065733317
2020-09-22 00:00:00 UTC,0.36621600566316376,16317590.52634244,814361.0987242301
2020-09-23 00:00:00 UTC,0.34551090997796335,15524764.545401119,344911.29054885113
2020-09-24 00:00:00 UTC,0.3308157587226222,14943678.707492152,522411.0742266286
2020-09-25 00:00:00 UTC,0.35953062898087645,16160402.47683686,619649.167810472
2020-09-26 00:00:00 UTC,0.3950169014732878,17900158.428507596,448938.5933917058
2020-09-27 00:00:00 UTC,0.3691778579543893,16664791.939675072,330256.0548842104
2020-09-28 00:00:00 UTC,0.3301436018512651,14947969.36339737,407596.31357990106
2020-09-29 00:00:00 UTC,0.3460425610372042,15392428.39425226,675175.7850153522
2020-09-30 00:00:00 UTC,0.4052109010092376,18141065.368312042,575389.0109881733
2020-10-01 00:00:00 UTC,0.38063105157527444,17287341.777396422,467773.4420120232
2020-10-02 00:00:00 UTC,0.37114372201604806,16908267.748647932,626625.2561947065
2020-10-03 00:00:00 UTC,0.35675115791596074,16181764.698974663,517749.56743967754
2020-10-04 00:00:00 UTC,0.34197067678152204,15565471.446820173,211670.79258082237
2020-10-05 00:00:00 UTC,0.3331637191109515,15156652.694012782,405470.1016804932
2020-10-06 00:00:00 UTC,0.3592689889398678,16367566.761761157,650101.8277322535
2020-10-07 00:00:00 UTC,0.3259337701519636,14752632.669622397,571640.8617261237
2020-10-08 00:00:00 UTC,0.3077034097915984,14084690.9551384,415263.5535680206
2020-10-09 00:00:00 UTC,0.29874257623149875,13849827.97380537,494447.5406534691
2020-10-10 00:00:00 UTC,0.2988781721597277,13736476.634574322,553026.1747541303
2020-10-11 00:00:00 UTC,0.2973706009278533,13598624.21497957,449294.40894857974
2020-10-12 00:00:00 UTC,0.295757965202426,13606042.099769171,337154.363297207
2020-10-13 00:00:00 UTC,0.2807346760295887,12810197.10516569,717984.3207361755
2020-10-14 00:00:00 UTC,0.27914997239008377,12905024.316940159,452021.65177610546
2020-10-15 00:00:00 UTC,0.27427478250674364,12628805.918602668,379834.64809797273
2020-10-16 00:00:00 UTC,0.27255707088029973,12679817.651823875,532073.602024101
2020-10-17 00:00:00 UTC,0.25485820894755506,11974739.811997613,455118.6501998464
2020-10-18 00:00:00 UTC,0.258366415423265,12025105.679881094,288179.6748122179
2020-10-19 00:00:00 UTC,0.2506172515229531,11751948.500216898,361877.602872342
2020-10-20 00:00:00 UTC,0.24480392705327034,11499938.741059365,816858.9489771259
2020-10-21 00:00:00 UTC,0.21612255487535514,10212188.55691792,507425.6656892242
2020-10-22 00:00:00 UTC,0.20729901167130593,9814324.558451941,761139.5582429947
2020-10-23 00:00:00 UTC,0.22598755716876606,10601035.064813212,399026.36567068315
2020-10-24 00:00:00 UTC,0.20357508742240102,9551691.650724549,299290.16883133765
2020-10-25 00:00:00 UTC,0.2164697996932071,10241570.542160269,294197.22765871213
2020-10-26 00:00:00 UTC,0.20146640235655824,9545884.380390394,364359.34555933555
2020-10-27 00:00:00 UTC,0.20565909158476867,9761083.33596583,648802.334943927
2020-10-28 00:00:00 UTC,0.1787981288667478,8568632.83230912,648131.762145325
2020-10-29 00:00:00 UTC,0.19989793145637455,9490043.14246375,631343.363891436
2020-10-30 00:00:00 UTC,0.16937420907150091,8010833.97524131,318284.5825720128
2020-10-31 00:00:00 UTC,0.17808511285014123,8474243.014676325,46483.433389975784
2020-11-01 00:00:00 UTC,0.1644179942410831,7887104.515691067,324905.8336244721
2020-11-02 00:00:00 UTC,0.16466908019903662,7822572.042427386,288920.5737296632
2020-11-03 00:00:00 UTC,0.1690197430751789,8067049.610745482,651120.1537119811
2020-11-04 00:00:00 UTC,0.16278376335834047,7794110.775456637,536020.7700769877
2020-11-05 00:00:00 UTC,0.16163321811118875,7758084.169008394,608746.8359039751
2020-11-06 00:00:00 UTC,0.17320836353905747,8330230.380547582,797187.0169300411
2020-11-07 00:00:00 UTC,0.1689400643299323,8030832.283897033,463399.97006548895
2020-11-08 00:00:00 UTC,0.16109665290127048,7852593.938877249,472547.8469673839
2020-11-09 00:00:00 UTC,0.1779362643578513,8640757.12864058,399860.1852717449
2020-11-10 00:00:00 UTC,0.2013746586796128,9774413.998681031,597478.9784431761
2020-11-11 00:00:00 UTC,0.1742440309523529,8461170.74652106,356008.3830633923
2020-11-12 00:00:00 UTC,0.1719577595067815,8371799.543813075,493815.46995265083
2020-11-13 00:00:00 UTC,0.16079308958050886,7897238.521750317,666817.8074167825
2020-11-14 00:00:00 UTC,0.16282070360915965,7953554.980393103,366720.12968675635
2020-11-15 00:00:00 UTC,0.163575183873406,7992143.348423118,332792.97577097925
2020-11-16 00:00:00 UTC,0.16566651507187977,8095286.877744477,327776.8640085713
2020-11-17 00:00:00 UTC,0.17242914907868095,8417276.693465807,718583.2139210701
2020-11-18 00:00:00 UTC,0.17778977310750751,8814525.607642805,740194.3655308564
2020-11-19 00:00:00 UTC,0.17911587469067528,8720145.997555297,594078.9189715969
2020-11-20 00:00:00 UTC,0.18284840177391745,9007833.536766704,346420.15882457915
2020-11-21 00:00:00 UTC,0.22572836085910572,10805925.5749504,546743.4449009311
2020-11-22 00:00:00 UTC,0.21732741579866166,10929950.597879222,410166.66304788506
2020-11-23 00:00:00 UTC,0.19806129672718356,10212148.041204838,400274.46632660413
2020-11-24 00:00:00 UTC,0.2251531805876268,11196766.034110656,530989.2317581485
2020-11-25 00:00:00 UTC,0.2412217720651439,11843769.49915851,609978.6881416793
2020-11-26 00:00:00 UTC,0.23875668284537158,11956689.3180995,499014.57862640015
2020-11-27 00:00:00 UTC,0.19695469195625306,9723110.268581327,664452.7545007421
2020-11-28 00:00:00 UTC,0.18155009573453323,9177859.30203074,342673.00395893154
2020-11-29 00:00:00 UTC,0.17609776007293065,8799695.677352939,335044.4162434824
2020-11-30 00:00:00 UTC,0.1740184251227148,8680127.057547113,425363.46530333546
2020-12-01 00:00:00 UTC,0.17363954041842042,8746307.7333381,757386.2610470167
2020-12-02 00:00:00 UTC,0.16783772316874473,8226025.146034419,564181.927629261
2020-12-03 00:00:00 UTC,0.16682390352344778,8385628.005399277,322458.808695693
2020-12-04 00:00:00 UTC,0.16808375753553398,8455949.11492177,360445.9844158526
2020-12-05 00:00:00 UTC,0.17178518693971734,8673653.229227519,479560.16211157496
2020-12-06 00:00:00 UTC,0.20701783722105385,10682520.99852141,353661.95147421537
2020-12-07 00:00:00 UTC,0.18791861888786932,9710745.484968152,339037.945751345
2020-12-08 00:00:00 UTC,0.1710526133085497,8848305.138116831,511918.65104639594
2020-12-09 00:00:00 UTC,0.17553747864961092,9099502.490613157,635459.0050905537
2020-12-10 00:00:00 UTC,0.170574934450789,8891853.581179945,598401.3022894583
2020-12-11 00:00:00 UTC,0.15878235178517097,8377270.042905493,334550.6741507174
2020-12-12 00:00:00 UTC,0.16561292148031287,8698992.756832518,529703.3347398159
2020-12-13 00:00:00 UTC,0.1655375298402021,8689658.144676879,391132.71580067393
2020-12-14 00:00:00 UTC,0.16694485734311904,8776587.667459587,523731.1783910383
2020-12-15 00:00:00 UTC,0.16723520562670308,8892675.336960057,393820.54986632976
2020-12-16 00:00:00 UTC,0.16668880587871826,9009031.72963106,543848.4035391493
2020-12-17 00:00:00 UTC,0.16294498454453696,8788162.194373464,680770.2122365504
2020-12-18 00:00:00 UTC,0.16578733538330326,8970331.999482125,947264.2976951336
2020-12-19 00:00:00 UTC,0.17409751867123863,10189387.460291164,286001.9852456119
2020-12-20 00:00:00 UTC,0.19094833313394807,11435511.523811972,531771.573637032
2020-12-21 00:00:00 UTC,0.185654244278178,11391117.488568012,561129.7238176387
2020-12-22 00:00:00 UTC,0.1789793000324859,10563824.47695676,623058.5639438946
2020-12-23 00:00:00 UTC,0.17615580715912044,10221068.953084966,1393731.187893807
2020-12-24 00:00:00 UTC,0.17169663115290754,9576381.168753898,640396.2541408893
2020-12-25 00:00:00 UTC,0.172867752410275,9746032.752731944,286370.6268387377
2020-12-26 00:00:00 UTC,0.15970303693369475,9495783.82684655,473147.9558675156
2020-12-27 00:00:00 UTC,0.15335127723114908,9199015.825662544,647788.2505094064
2020-12-28 00:00:00 UTC,0.1475139078511929,8834477.09680134,767811.1288155232
2020-12-29 00:00:00 UTC,0.14242501602232652,8503993.773221709,369171.5273571007
2020-12-30 00:00:00 UTC,0.16680447725734884,9954744.994265283,472138.3539085616
2020-12-31 00:00:00 UTC,0.151621916913688,9065376.23723339,601456.3071055561
2021-01-01 00:00:00 UTC,0.15301287117668297,9141742.83230063,423327.78646873427
2021-01-02 00:00:00 UTC,0.14561968093698277,8700869.84981736,330926.8026984095
2021-01-03 00:00:00 UTC,0.15204686093299447,9173030.07777468,1017871.9894172805
2021-01-04 00:00:00 UTC,0.13664463860587736,8328281.768626415,641752.2507695468
2021-01-05 00:00:00 UTC,0.14513129903697927,8796891.060474055,420187.3389539972
2021-01-06 00:00:00 UTC,0.155307645018538,9268442.543661661,466811.5340569401
2021-01-07 00:00:00 UTC,0.14822227704924257,14370681.362184497,510043.1659110882
2021-01-08 00:00:00 UTC,0.13930959276562857,13349214.565365138,555289.3386656564
2021-01-09 00:00:00 UTC,0.14439718268669965,13916748.212181706,532632.621736633
2021-01-10 00:00:00 UTC,0.15741504024971376,15295262.260121232,333199.6646587554
2021-01-11 00:00:00 UTC,0.1514111782039225,14754387.076769408,605430.3806763018
2021-01-12 00:00:00 UTC,0.13486695312362798,13219139.065374376,1071820.0422308177
2021-01-13 00:00:00 UTC,0.14109489266706413,13638132.646895453,285313.0073793165
2021-01-14 00:00:00 UTC,0.14591435904947211,14232147.742131718,442793.4449395319
2021-01-15 00:00:00 UTC,0.1355340264210581,13319024.790637115,444681.3682597624
2021-01-16 00:00:00 UTC,0.13997318839491035,13733280.74531329,560412.6667812034
2021-01-17 00:00:00 UTC,0.15208028450259717,14839846.03985859,449882.8355361026
2021-01-18 00:00:00 UTC,0.14979399304880636,14770408.60073358,358382.02195151465
2021-01-19 00:00:00 UTC,0.14807045456735496,14666056.41295808,619778.0318391139
2021-01-20 00:00:00 UTC,0.14601434735602917,14385681.189717157,595858.2940265902
2021-01-21 00:00:00 UTC,0.14417298948951954,14232680.77105558,235360.09228754413
2021-01-22 00:00:00 UTC,0.14171639253667334,13982134.92202605,606377.5023817191
2021-01-23 00:00:00 UTC,0.14205057027817736,14060916.019691344,549887.174415776
2021-01-24 00:00:00 UTC,0.14310538119343172,14106162.399868948,276961.60438611003
2021-01-25 00:00:00 UTC,0.17909993359352397,17109500.305265877,504303.13572982274
2021-01-26 00:00:00 UTC,0.17226134922001873,17026444.39098766,770583.8213827081
2021-01-27 00:00:00 UTC,0.16190219104248568,16020952.666286912,490543.08186879125
2021-01-28 00:00:00 UTC,0.16125617319067204,15883735.385623537,484524.15504143835
2021-01-29 00:00:00 UTC,0.15884726871012128,16051213.269096969,505688.53354561236
2021-01-30 00:00:00 UTC,0.17839255222507155,17559420.242368303,1325328.6403316844
2021-01-31 00:00:00 UTC,0.18255922408797207,18181905.092663027,338814.6254881733
2021-02-01 00:00:00 UTC,0.18195256008200636,18048624.788901247,360785.9126323922
2021-02-02 00:00:00 UTC,0.18958223835126,19113473.00307284,720778.2460453487
2021-02-03 00:00:00 UTC,0.2939560312493443,30446672.039995816,1076279.3805688554
2021-02-04 00:00:00 UTC,0.29247692967548594,29897890.08227884,833258.2366688915
2021-02-05 00:00:00 UTC,0.29752440040982125,30383798.579990786,283305.7028097064
2021-02-06 00:00:00 UTC,0.2920256998136552,29811953.26670657,182719.72834190432
2021-02-07 00:00:00 UTC,0.2608093974026882,26674689.623765036,301124.16533510067
2021-02-08 00:00:00 UTC,0.2608810500665226,26687950.702908404,490328.4819103699
2021-02-09 00:00:00 UTC,0.2957600583752631,30044585.25413336,893635.0446197888
2021-02-10 00:00:00 UTC,0.28343737831356747,29281414.87176191,537875.8262508969
2021-02-11 00:00:00 UTC,0.32279113033907714,33958808.68938182,596033.9036350105
2021-02-12 00:00:00 UTC,0.3046625654744721,31146743.180844016,581552.3705925703
2021-02-13 00:00:00 UTC,0.3527693028935393,36406283.06901353,847608.6893838313
2021-02-14 00:00:00 UTC,0.3655653037699636,37300718.837123364,595843.101347099
2021-02-15 00:00:00 UTC,0.3994634816742816,41066271.848795526,828214.1924579428
2021-02-16 00:00:00 UTC,0.4099581720240148,42111329.13980723,673516.3704331947
2021-02-17 00:00:00 UTC,0.3995122468876195,41538339.42640772,646937.2171189983
2021-02-18 00:00:00 UTC,0.3794611987736503,39681364.308996715,560053.6520038814
2021-02-19 00:00:00 UTC,0.4127515834809592,42932188.448784605,511066.78482031915
2021-02-20 00:00:00 UTC,0.4403402908430404,46553090.2743353,1088923.7320685822
2021-02-21 00:00:00 UTC,0.4478837014333159,46250609.2707779,1089025.0183772447
2021-02-22 00:00:00 UTC,0.44149925943432944,46185731.765682176,862762.7694400662
2021-02-23 00:00:00 UTC,0.41968928249528564,43996621.0338062,994640.0368050734
2021-02-24 00:00:00 UTC,0.3741140631740947,39257718.511376165,856634.7916349418
2021-02-25 00:00:00 UTC,0.4325412594394813,45042083.76840431,604025.2560466658
2021-02-26 00:00:00 UTC,0.38513974718190125,40544093.337412074,494537.5045061447
2021-02-27 00:00:00 UTC,0.4123479647089202,43112758.832840964,952949.375474088
2021-02-28 00:00:00 UTC,0.407947919744844,43016505.35984992,528603.0862468295
2021-03-01 00:00:00 UTC,0.3911559759983438,41104476.80005995,806965.3009706149
2021-03-02 00:00:00 UTC,0.4281586208100692,43906445.452881634,791003.8666123901
2021-03-03 00:00:00 UTC,0.41105588659713604,43030100.27326495,584383.6794449835
2021-03-04 00:00:00 UTC,0.3952914244494117,41569988.87359648,783753.7107766321
2021-03-05 00:00:00 UTC,0.37105280699341436,39601403.5003542,656582.9404483434
2021-03-06 00:00:00 UTC,0.34245638289731867,36620711.07143193,738502.2797215551
2021-03-07 00:00:00 UTC,0.3720592305378645,39835118.653541625,566118.4363990775
2021-03-08 00:00:00 UTC,0.387568774212112,41539835.39278645,755835.7392007019
2021-03-09 00:00:00 UTC,0.3927426338509189,42196376.03173328,772565.0143558696
2021-03-10 00:00:00 UTC,0.37201609938866514,39863055.0025601,799540.1611365523
2021-03-11 00:00:00 UTC,0.3623953889704153,38936839.71952753,613516.0730585614
2021-03-12 00:00:00 UTC,0.3925668542788746,42110483.72419684,822309.8625422076
2021-03-13 00:00:00 UTC,0.37639956397012936,40412004.247290924,840337.3479950596
2021-03-14 00:00:00 UTC,0.36786147810139475,38956867.92710238,892565.7909562936
2021-03-15 00:00:00 UTC,0.37151014863609066,39469192.9956859,780520.0470982147
2021-03-16 00:00:00 UTC,0.3643343332669289,39314434.792575695,744115.0698839359
2021-03-17 00:00:00 UTC,0.3520067520302331,37850941.659310825,840998.8649757872
2021-03-18 00:00:00 UTC,0.4266226059463925,45975423.687583126,1378750.2681882463
2021-03-19 00:00:00 UTC,0.4350875019468179,46869102.69089165,955840.8901582282
2021-03-20 00:00:00 UTC,0.47698259209792465,51439489.25015711,1029302.5333943678
2021-03-21 00:00:00 UTC,0.6153202095622575,66427826.59563689,2040794.9426957113
2021-03-22 00:00:00 UTC,0.6098730858086191,65784998.50096273,1540318.2885988392
2021-03-23 00:00:00 UTC,0.553061094784542,60840955.30129837,1383477.8948984542
2021-03-24 00:00:00 UTC,0.5070296772698641,55811169.79251723,1018493.3583297256
2021-03-25 00:00:00 UTC,0.564896389334198,62810198.74013731,2054146.5087980193
2021-03-26 00:00:00 UTC,0.5998050402668175,67034977.643021934,2333076.0106232273
2021-03-27 00:00:00 UTC,0.6735219739193034,74377930.09801544,1793358.9854424007
2021-03-28 00:00:00 UTC,0.6884684954535574,75969959.64593226,1402658.6162892685
2021-03-29 00:00:00 UTC,0.668660699469275,74178981.30686378,704849.5099302377
2021-03-30 00:00:00 UTC,0.7072886081161976,78477879.36761373,1438475.0481024813
2021-03-31 00:00:00 UTC,0.7005311536544925,77159496.56259748,746393.4318544392
2021-04-01 00:00:00 UTC,0.6969187684733301,76266054.36805989,1388946.4825597848
2021-04-02 00:00:00 UTC,0.6753045698456894,74790294.38032092,875988.6130867822
2021-04-03 00:00:00 UTC,0.6274866769652324,70549121.72211276,746365.056483831
2021-04-04 00:00:00 UTC,0.6155770608969159,69246557.49466357,619681.3511972801
2021-04-05 00:00:00 UTC,0.6283435316169576,70978528.11347774,702818.3918753496
2021-04-06 00:00:00 UTC,0.7126802569311046,80633991.25312987,1622345.8044936631
2021-04-07 00:00:00 UTC,0.8289678527214932,93431789.63148466,2426967.9665986844
2021-04-08 00:00:00 UTC,0.9240805256393454,103507935.837655,2039065.1429701017
2021-04-09 00:00:00 UTC,1.1364994481261672,128651379.7202646,1472543.030389137
2021-04-10 00:00:00 UTC,1.6977131723743084,199915646.75381976,885597.3840821324
2021-04-11 00:00:00 UTC,1.4307869985843302,163779757.23390958,2525430.0072616288
2021-04-12 00:00:00 UTC,1.3591698301629835,160964402.12469983,1337048.6972479152
2021-04-13 00:00:00 UTC,1.5231618144789303,175131182.8242941,3020450.885024286
2021-04-14 00:00:00 UTC,1.557035483969048,180638945.2756124,3472830.299932542
2021-04-15 00:00:00 UTC,1.4589718373691232,169247769.33923903,3113505.6940545137
2021-04-16 00:00:00 UTC,1.3394584223027015,154883431.6414991,2201930.807276681
2021-04-17 00:00:00 UTC,1.2171919711269001,140837761.05312312,2850811.6733659636
2021-04-18 00:00:00 UTC,1.172832842409784,136688764.5836331,1906880.6717993666
2021-04-19 00:00:00 UTC,1.0483569639388537,121705669.2548634,3212135.9228034345
2021-04-20 00:00:00 UTC,0.9605500204545007,111939446.76411381,1986779.858419094
2021-04-21 00:00:00 UTC,0.9819136830093778,114435266.41712575,2208882.9577551694
2021-04-22 00:00:00 UTC,0.9045039189258307,106060157.21476416,2140343.4692453924
2021-04-23 00:00:00 UTC,1.066669843068326,124560364.29489988,3214186.933568136
2021-04-24 00:00:00 UTC,0.9406354460336833,110046171.82570468,2511107.4873383855
2021-04-25 00:00:00 UTC,1.0402835749976427,121295333.14793293,236943.2204053705
2021-04-26 00:00:00 UTC,0.9826704954288051,114618995.30809636,1509647.6438732736
2021-04-27 00:00:00 UTC,1.036398090461253,120066001.79896495,2379608.9251828543
2021-04-28 00:00:00 UTC,1.0554580545984418,123072698.55166785,1521476.4065355198
2021-04-29 00:00:00 UTC,1.0463665322576303,121593964.47322956,2243074.409514629
2021-04-30 00:00:00 UTC,1.0513674053038131,122902206.60456616,3854469.4417930786
2021-05-01 00:00:00 UTC,1.0980873280328451,128338485.56455024,185260.17047349893
2021-05-02 00:00:00 UTC,1.1637626473555724,136299512.9388281,339766.68417778396
2021-05-03 00:00:00 UTC,1.0924799760056814,130089348.08475143,123678.03605147354
2021-05-04 00:00:00 UTC,1.1539146601049062,137636998.94068977,187240.24533787637
2021-05-05 00:00:00 UTC,1.030643659330756,123217555.64671037,280108.5842981641
2021-05-06 00:00:00 UTC,1.1153972010410231,132980805.18306534,371639.2749491622
2021-05-07 00:00:00 UTC,1.1810745687180124,141417088.2469931,261037.39598520292
2021-05-08 00:00:00 UTC,1.1861362109005498,142059907.89184478,317447.88839137915
2021-05-09 00:00:00 UTC,1.2257667429297459,146334662.43993407,569127.431571994
2021-05-10 00:00:00 UTC,1.2044224802434,144142719.50342622,480511.68605146307
2021-05-11 00:00:00 UTC,1.2943999237139996,153619637.20193523,876068.2720455667
2021-05-12 00:00:00 UTC,1.3619626777423632,163054821.45711118,2556172.036940316
2021-05-13 00:00:00 UTC,1.2470348352064213,149560489.46946254,693420.116169771
2021-05-14 00:00:00 UTC,1.1211388592078375,135570529.40817037,399653.02313188754
2021-05-15 00:00:00 UTC,1.1023964528877155,132017337.54935746,378645.19963866577
2021-05-16 00:00:00 UTC,1.0338454001498067,124132584.45288153,180411.0452567903
2021-05-17 00:00:00 UTC,0.949720780369988,114092505.50952253,432114.71526765835
2021-05-18 00:00:00 UTC,0.8443960767647486,102100178.48342161,1993033.061509093
2021-05-19 00:00:00 UTC,0.8204770974619588,98461772.21397665,1543413.0586771579
2021-05-20 00:00:00 UTC,0.6963001964104084,83273845.31260201,2405050.407627743
2021-05-21 00:00:00 UTC,0.7550212452229264,89863594.20322782,1141781.125781433
2021-05-22 00:00:00 UTC,0.6428931195553205,77557777.3262648,885224.017040841
2021-05-23 00:00:00 UTC,0.6303408722901856,76921312.0033752,1403737.7040072805
2021-05-24 00:00:00 UTC,0.5416060711725335,65130173.75689887,1086697.6182943839
2021-05-25 00:00:00 UTC,0.6848171723171921,82511157.71697626,1017020.8883459863
2021-05-26 00:00:00 UTC,0.6481579360143586,78222433.86985573,866784.466465736
2021-05-27 00:00:00 UTC,0.6178892706396163,74742587.58808796,950452.6051459966
2021-05-28 00:00:00 UTC,0.606348052381041,74386655.86900169,746726.7689805148
2021-05-29 00:00:00 UTC,0.5576292283802435,67415322.86409886,403974.09589195007
2021-05-30 00:00:00 UTC,0.5458109199924468,66529783.95380535,645777.149808916
2021-05-31 00:00:00 UTC,0.5643950531105979,68176749.47200666,652093.8598110038
2021-06-01 00:00:00 UTC,0.5463446809295961,66098546.03924295,384339.2501784491
2021-06-02 00:00:00 UTC,0.5451144737169868,66065667.027904436,863243.2084328181
2021-06-03 00:00:00 UTC,0.5565395387642024,67457740.39031382,329549.53950818314
2021-06-04 00:00:00 UTC,0.5404729852111554,66827801.038191006,674804.1714507933
2021-06-05 00:00:00 UTC,0.5174717054734538,63813689.45601688,735670.5082621375
2021-06-06 00:00:00 UTC,0.49049643517531205,60530955.34706756,478153.90087494056
2021-06-07 00:00:00 UTC,0.4942790879152413,61038263.03230474,553504.8066420566
2021-06-08 00:00:00 UTC,0.4767328007288201,58844731.863424584,953507.4617831556
2021-06-09 00:00:00 UTC,0.47561160693649496,58746995.89528115,591184.9757211918
2021-06-10 00:00:00 UTC,0.5032388335912314,62573227.006944194,473343.3951350416
2021-06-11 00:00:00 UTC,0.6381832538727932,80207168.98605312,1146622.1258879667
2021-06-12 00:00:00 UTC,0.5707269142522938,71051819.28499286,743887.4988311409
2021-06-13 00:00:00 UTC,0.5196086007790433,64632816.7719945,604621.9592810627
2021-06-14 00:00:00 UTC,0.5078797146508311,62692449.519668974,541657.7461552862
2021-06-15 00:00:00 UTC,0.4947508330806183,61251087.77237043,616647.7496432429
2021-06-16 00:00:00 UTC,0.5054787115574413,62732853.28365956,549405.7469157894
2021-06-17 00:00:00 UTC,0.4924378579007971,61177787.62085375,466353.7020346569
2021-06-18 00:00:00 UTC,0.49034555055230056,61094939.566863365,473497.9780036732
2021-06-19 00:00:00 UTC,0.4922685780400291,60842745.25103061,482695.90840338846
2021-06-20 00:00:00 UTC,0.4909040233123144,61371142.59258851,563911.7442372824
2021-06-21 00:00:00 UTC,0.4543131409413618,56454585.08963149,513397.02942652314
2021-06-22 00:00:00 UTC,0.372486883140185,46311252.01403906,1334330.6171944656
2021-06-23 00:00:00 UTC,0.4274384521991691,53004040.2121567,893545.2626524034
2021-06-24 00:00:00 UTC,0.4574778590036451,56046952.488737196,235229.05228190983
2021-06-25 00:00:00 UTC,0.4411791609493283,55056998.96611334,322082.33928928775
2021-06-26 00:00:00 UTC,0.4072374235971655,50982114.868847705,968458.3132749042
2021-06-27 00:00:00 UTC,0.42316952820865483,52830407.18744471,90853.72969682614
2021-06-28 00:00:00 UTC,0.4022160591286059,50171242.35190918,520894.8559656048
2021-06-29 00:00:00 UTC,0.4098688129429805,51488838.45111644,848830.3355376885
2021-06-30 00:00:00 UTC,0.4069692753106099,50966753.10298914,762560.9776848196
2021-07-01 00:00:00 UTC,0.38751372815843416,48489334.188419126,602342.0966549754
2021-07-02 00:00:00 UTC,0.39525724316664435,49442364.95425786,365477.16007626225
2021-07-03 00:00:00 UTC,0.3836872317150325,48612338.009429574,680599.1220174567
2021-07-04 00:00:00 UTC,0.3849286535501619,49046108.68055442,781115.5589152852
2021-07-05 00:00:00 UTC,0.38801336296837463,49444079.56610045,749743.6952413127
2021-07-06 00:00:00 UTC,0.36972168672682715,47123584.8610855,772819.5297951146
2021-07-07 00:00:00 UTC,0.37407210804099206,47693592.312750734,444560.5857172252
2021-07-08 00:00:00 UTC,0.41909715960289257,53479589.525016405,57777.88489595736
2021-07-09 00:00:00 UTC,0.40109183441626883,51113005.68914374,114483.65535654243
2021-07-10 00:00:00 UTC,0.3764200924573291,48088910.642205104,438253.0551941553
2021-07-11 00:00:00 UTC,0.37169085562486376,47489556.73542249,436091.06325362396
2021-07-12 00:00:00 UTC,0.3752050346581181,47976815.05935207,465065.543494193
2021-07-13 00:00:00 UTC,0.36821608334806916,47199793.02954221,634974.2462042082
2021-07-14 00:00:00 UTC,0.3882836962827733,49807914.7449861,448525.7487546841
2021-07-15 00:00:00 UTC,0.4031887939208923,54293282.010715015,535725.7946435831
2021-07-16 00:00:00 UTC,0.3820379247765146,50901317.414398365,555742.6138470381
2021-07-17 00:00:00 UTC,0.3806577068858318,50520876.8153612,578789.6863585191
2021-07-18 00:00:00 UTC,0.3706646783165976,49139000.27356388,346189.16073597467
2021-07-19 00:00:00 UTC,0.35977560012152987,47652031.831986815,437741.0106543227
2021-07-20 00:00:00 UTC,0.34990412320832825,46649364.607258745,598379.3021883238
2021-07-21 00:00:00 UTC,0.33149353235663814,44052024.79409137,643229.5028938936
2021-07-22 00:00:00 UTC,0.32861215123281345,43614244.88336331,852372.0723037098
2021-07-23 00:00:00 UTC,0.33190439670399696,44126382.370885864,430582.94096202526
2021-07-24 00:00:00 UTC,0.33205642381024303,44187482.207127035,498859.0391370135
2021-07-25 00:00:00 UTC,0.3444108097946216,45853232.37673578,624490.6065536862
2021-07-26 00:00:00 UTC,0.3478199139403116,45624239.88910453,570720.0228267966
2021-07-27 00:00:00 UTC,0.3472815804580618,46232368.36666531,1439536.9201545985
2021-07-28 00:00:00 UTC,0.31947543020414,42319851.27483359,602146.0431167074
2021-07-29 00:00:00 UTC,0.3314232723205998,43950938.52043017,469596.3225914685
2021-07-30 00:00:00 UTC,0.3169317188816228,42320448.26822393,519932.3344611869
2021-07-31 00:00:00 UTC,0.33439522408984773,44565461.77232763,724239.4932075776
2021-08-01 00:00:00 UTC,0.345010706037483,46141673.68906174,560925.5681800803
2021-08-02 00:00:00 UTC,0.3570315524320507,47681936.410129145,725440.2136396477
2021-08-03 00:00:00 UTC,0.3340089504759483,44364374.90618522,694302.6001990685
2021-08-04 00:00:00 UTC,0.33673126637616807,45753035.77095593,511500.34519892535
2021-08-05 00:00:00 UTC,0.3337050581947671,45356510.23656489,546415.8865754893
2021-08-06 00:00:00 UTC,0.3378989990925278,45915776.062933564,847730.6855846406
2021-08-07 00:00:00 UTC,0.35030972983868575,47443605.7790615,774235.3398149328
2021-08-08 00:00:00 UTC,0.36005409144526107,48964895.599073745,765320.2304269237
2021-08-09 00:00:00 UTC,0.39609551701432894,52932308.99543981,845784.8076536297
2021-08-10 00:00:00 UTC,0.43325600225309213,60825237.26000166,1354575.7449235134
2021-08-11 00:00:00 UTC,0.4313971171844473,58748543.38879958,660777.6745084681
2021-08-12 00:00:00 UTC,0.5067733181519568,68905639.91486506,1165769.3744890415
2021-08-13 00:00:00 UTC,0.49932816155379695,68331630.1906556,952940.2138600192
2021-08-14 00:00:00 UTC,0.5385852583279311,73429661.83861974,1400356.6269866007
2021-08-15 00:00:00 UTC,0.5298083635305066,72328271.59798177,1992527.615993082
2021-08-16 00:00:00 UTC,0.5943197032278833,81139033.11799194,1492876.3905567704
2021-08-17 00:00:00 UTC,0.6506145281442539,88515686.95718047,1724489.9764942147
2021-08-18 00:00:00 UTC,0.6256544961772351,90053635.85729985,1500373.3381964632
2021-08-19 00:00:00 UTC,0.6298412573022883,90470136.11755487,1213507.0435826783
2021-08-20 00:00:00 UTC,0.6719419461998184,94834531.0411368,1085546.9651492166
2021-08-21 00:00:00 UTC,0.8509196623762394,123293440.09956694,2705178.197802901
2021-08-22 00:00:00 UTC,0.7813775836285751,112392609.12410384,1363848.8986159945
2021-08-23 00:00:00 UTC,0.7891302264870742,113899905.3293003,1218117.2613102065
2021-08-24 00:00:00 UTC,0.7880688205267491,113766953.09210575,1969953.53369864
2021-08-25 00:00:00 UTC,0.7507419840390929,108104026.22289439,1245218.3343026214
2021-08-26 00:00:00 UTC,0.7845789873898658,114381114.69963987,1614689.4188960607
2021-08-27 00:00:00 UTC,0.73015858884882,105248873.87070525,1447553.8283674351
2021-08-28 00:00:00 UTC,0.8377737810285211,120746796.42065977,1815218.2433908747
2021-08-29 00:00:00 UTC,0.8311676692378384,119766058.21468656,1651540.6589289356
2021-08-30 00:00:00 UTC,0.8107001969415202,116167377.60265432,1135237.9001479328
2021-08-31 00:00:00 UTC,0.8002807644616614,115450458.23613654,1634308.0613704147
2021-09-01 00:00:00 UTC,0.8132519165564043,117216333.76747833,1532292.324126785
2021-09-02 00:00:00 UTC,0.7788478357725178,113768819.01692931,1320430.5555356396
2021-09-03 00:00:00 UTC,0.789911634492077,115839902.71665427,1731156.2466169768
2021-09-04 00:00:00 UTC,0.7912132511826526,114349026.57556896,1947907.2580025697
2021-09-05 00:00:00 UTC,0.7672216352816335,114237924.71905681,999642.3121478466
2021-09-06 00:00:00 UTC,0.8493574438553911,123622160.97846395,1705608.5728171945
2021-09-07 00:00:00 UTC,1.0116691818878338,148634196.14692536,4816198.035059762
2021-09-08 00:00:00 UTC,0.894155602713784,131499120.05952989,4843259.671652322
2021-09-09 00:00:00 UTC,0.9913786927397518,146275430.29890808,3147150.193474564
2021-09-10 00:00:00 UTC,1.2099923942401016,178278949.79611027,4701659.096383855
2021-09-11 00:00:00 UTC,1.3642516228223591,200509330.85559055,6422320.3676956715
2021-09-12 00:00:00 UTC,1.6063842335456415,236983473.14811373,10213759.902951222
2021-09-13 00:00:00 UTC,1.7973713761712022,273925153.2408738,9917273.602006165
2021-09-14 00:00:00 UTC,1.643329954127471,242377732.7096713,31168813.310097948
2021-09-15 00:00:00 UTC,1.8328964909533456,270502306.5205539,4469299.034794073
2021-09-16 00:00:00 UTC,1.7488057549655516,258499658.96601295,3399434.2421950446
2021-09-17 00:00:00 UTC,1.6497581410805766,242760098.28300118,2948811.0134593695
2021-09-18 00:00:00 UTC,1.7624909650759586,260277674.93861356,2745260.874119995
2021-09-19 00:00:00 UTC,2.1766751948030176,290418790.22311085,6441791.396313894
2021-09-20 00:00:00 UTC,2.2221038480783735,328918889.90452915,5714380.8110059975
2021-09-21 00:00:00 UTC,1.8787674795873799,272309307.94268495,8139738.275631378
2021-09-22 00:00:00 UTC,1.6075845152358075,238280873.15854344,7725495.699038721
2021-09-23 00:00:00 UTC,1.8728976535296435,277092050.9548699,5858144.685020519
2021-09-24 00:00:00 UTC,1.903468172986873,281810546.1015807,3981734.168058154
2021-09-25 00:00:00 UTC,1.755858497210433,259280134.07188842,5278588.159952177
2021-09-26 00:00:00 UTC,1.8417959101846566,273065200.06932,4312325.679256718
2021-09-27 00:00:00 UTC,1.7313817733563648,256613615.12096092,3678242.092899117
2021-09-28 00:00:00 UTC,1.6292885724266435,242291848.59322068,2787644.824598856
2021-09-29 00:00:00 UTC,1.4549164308744233,216310142.82413596,4285559.322579788
2021-09-30 00:00:00 UTC,1.4007824734975138,207453693.14849934,2880325.4017376085
2021-10-01 00:00:00 UTC,1.5928347913898564,236532076.76825714,3140147.3268598537
2021-10-02 00:00:00 UTC,1.678831749490233,255867047.0230188,3548541.8358044233
2021-10-03 00:00:00 UTC,1.7786393937578389,271399354.6208916,1782525.5375284504
2021-10-04 00:00:00 UTC,1.899360570693694,289067371.96625173,4331081.053772688
2021-10-05 00:00:00 UTC,1.9409632148145273,297149825.4156669,7226299.111929316
2021-10-06 00:00:00 UTC,2.161784913788463,329859905.3638182,6528859.484895534
2021-10-07 00:00:00 UTC,2.0563636491838504,313530649.72354877,4018700.9021083796
2021-10-08 00:00:00 UTC,1.933000880438975,295639506.7849252,4478738.5473478995
2021-10-09 00:00:00 UTC,1.812036147017722,278255161.6250331,4504291.349113178
2021-10-10 00:00:00 UTC,1.8567671370110552,282767040.5449269,2032025.104620114
2021-10-11 00:00:00 UTC,2.0016420873251555,306786293.6677253,4819410.176404952
2021-10-12 00:00:00 UTC,2.038097557763394,311888988.2432597,2963515.4209811445
2021-10-13 00:00:00 UTC,2.2292294202282537,341463770.09542274,7233135.439851969
2021-10-14 00:00:00 UTC,2.3648640535243968,362247977.86383486,5849043.375958838
2021-10-15 00:00:00 UTC,2.28555002431329,350182782.4700396,3570021.7612858573
2021-10-16 00:00:00 UTC,2.1927830178714127,335590664.6715662,2707924.5905504143
2021-10-17 00:00:00 UTC,2.17489453063562,331758452.3032428,1926312.4669761136
2021-10-18 00:00:00 UTC,2.3089451139668262,354748773.39216524,2935218.7304385337
2021-10-19 00:00:00 UTC,2.839116537506699,443727388.8577038,12271003.528723774
2021-10-20 00:00:00 UTC,2.7742837340442446,425663706.9250153,8220913.105968782
2021-10-21 00:00:00 UTC,3.7535128129604427,568167488.0888538,18655719.69925377
2021-10-22 00:00:00 UTC,3.5543955457588896,543075705.1406922,14506913.642805588
2021-10-23 00:00:00 UTC,3.771510587536235,582780191.9349352,12317410.558562545
2021-10-24 00:00:00 UTC,5.21166146731943,811077161.0001724,30406459.755005553
2021-10-25 00:00:00 UTC,6.873286017271575,1029881942.6534041,64066147.138580725
2021-10-26 00:00:00 UTC,6.642175849112052,1009712838.6429533,57230132.636404425
2021-10-27 00:00:00 UTC,7.032985616347923,1094758496.2013896,29301231.389916684
2021-10-28 00:00:00 UTC,5.848273431726564,899442966.9240886,30949279.32548139
2021-10-29 00:00:00 UTC,6.607618943483487,1017050468.738665,39430590.67854072
2021-10-30 00:00:00 UTC,7.0947485281654075,1079000448.3042145,18731332.583025593
2021-10-31 00:00:00 UTC,6.176309851990796,953493938.6302509,16718496.126449455
2021-11-01 00:00:00 UTC,6.753719691079126,1044427342.9785255,18667534.41544865
2021-11-02 00:00:00 UTC,7.13627441668114,1118622027.1113873,19004453.617974848
2021-11-03 00:00:00 UTC,7.035614911736866,1101871274.703303,17699253.320968807
2021-11-04 00:00:00 UTC,8.448592345838199,1365361064.198999,45102396.53028726
2021-11-05 00:00:00 UTC,9.800683699439476,1518242404.0998523,44300963.036909156
2021-11-06 00:00:00 UTC,10.786073486572615,1707260333.574495,85108399.59118761
2021-11-07 00:00:00 UTC,14.719022625116223,2190406606.1582294,86763145.41826402
2021-11-08 00:00:00 UTC,20.8561735550602,3137154041.5157523,42850841.268057026
2021-11-09 00:00:00 UTC,15.657764314727528,2461575579.458858,204682757.52560952
2021-11-10 00:00:00 UTC,18.28863115089592,2873184124.058241,116880835.06902203
2021-11-11 00:00:00 UTC,22.531393719002878,3542465795.455117,313104579.3252395
2021-11-12 00:00:00 UTC,24.52314182462999,3876853086.43199,227446643.22279504
2021-11-13 00:00:00 UTC,22.469073945456802,3524114259.9177785,165146367.48239842
2021-11-14 00:00:00 UTC,22.811275758533625,3583221030.2231812,100327178.36138743
2021-11-15 00:00:00 UTC,21.64385184406563,3406090151.9077897,87014165.25298138
2021-11-16 00:00:00 UTC,19.45980284954578,3070336154.8305483,88484793.08498967
2021-11-17 00:00:00 UTC,18.701247311957584,3002882415.5426397,135263015.03868198
2021-11-18 00:00:00 UTC,21.522425178877583,3368808808.875905,122007138.17482203
2021-11-19 00:00:00 UTC,18.881868343977885,2973329982.90818,101416291.06745382
2021-11-20 00:00:00 UTC,20.09955388998561,3168004019.3921633,65987416.450888745
2021-11-21 00:00:00 UTC,20.09092560951504,3167536835.321875,54747696.26702671
2021-11-22 00:00:00 UTC,18.314447252773874,2906656945.7061887,59361723.954881944
2021-11-23 00:00:00 UTC,16.886714419594597,2665240779.5923414,80484815.66666563
2021-11-24 00:00:00 UTC,18.500607321566232,2882486232.603577,69415342.7841511
2021-11-25 00:00:00 UTC,16.59242950916429,2626898750.70535,52307878.44585457
2021-11-26 00:00:00 UTC,19.809786148951304,3190451268.5202837,98763418.9067504
2021-11-27 00:00:00 UTC,17.477549098071695,2741893125.760468,86357853.86860292
2021-11-28 00:00:00 UTC,17.038716157151928,2625620294.214548,38180710.562272675
2021-11-29 00:00:00 UTC,17.47717178540108,2766368323.470793,56632139.46293474
2021-11-30 00:00:00 UTC,16.902228768321173,2690770396.590708,41134618.42773332
2021-12-01 00:00:00 UTC,16.65957314421871,2669673136.8705196,54298335.34495542
2021-12-02 00:00:00 UTC,17.08666307227227,2746923592.298778,57497023.0334425
2021-12-03 00:00:00 UTC,16.57255721742421,2663820268.775993,39756427.146993764
2021-12-04 00:00:00 UTC,14.81414437008635,2373147455.255882,57681630.78495215
2021-12-05 00:00:00 UTC,11.86412363696815,1917033139.968818,75867187.47763334
2021-12-06 00:00:00 UTC,12.241333831377172,1956502466.9306276,48533033.977192946
2021-12-07 00:00:00 UTC,12.01345267259293,1930385832.5702314,119265553.43083969
2021-12-08 00:00:00 UTC,10.73412394351968,1729920531.01901,47889524.98706662
2021-12-09 00:00:00 UTC,12.39177445856588,1998126886.7150574,58023383.11550049
2021-12-10 00:00:00 UTC,10.551721949927051,1703531004.0506167,45702181.79839963
2021-12-11 00:00:00 UTC,10.252227581798278,1658610816.022635,65292686.14645051
2021-12-12 00:00:00 UTC,10.028254529509622,1622893983.4677832,43140704.0582134
2021-12-13 00:00:00 UTC,10.769168517293211,1752837097.7288888,27334836.942736365
2021-12-14 00:00:00 UTC,9.680866966537067,1565928561.632825,50061442.418726094
2021-12-15 00:00:00 UTC,9.772633397331779,1575924932.703547,29740236.462664068
2021-12-16 00:00:00 UTC,11.106433764207676,1796407800.5245667,58156414.198371924
2021-12-17 00:00:00 UTC,11.778532040689074,1883894123.044513,70410595.44237098
2021-12-18 00:00:00 UTC,11.044676586326984,1781690369.022307,68142969.32282151
2021-12-19 00:00:00 UTC,11.259105919769311,1819798364.9276187,41986486.44362063
2021-12-20 00:00:00 UTC,10.703135618378164,1743061822.7181914,30436759.452577975
2021-12-21 00:00:00 UTC,10.186323783060164,1651558878.0739799,56858575.921278335
2021-12-22 00:00:00 UTC,11.0545406160486,1791953889.0192113,46269647.23744934
2021-12-23 00:00:00 UTC,10.860803651477687,1768996039.7891922,48074505.3553916
2021-12-24 00:00:00 UTC,11.494340791153402,1860478306.100176,48442599.29731872
2021-12-25 00:00:00 UTC,12.24402421680786,2004397972.359412,69687837.23841693
2021-12-26 00:00:00 UTC,13.791794748764623,2241052284.562799,62560681.627163775
2021-12-27 00:00:00 UTC,15.391998204306287,2491078533.9915934,105631796.73593757
2021-12-28 00:00:00 UTC,14.673460379707006,2384730587.8527846,96964691.57286483
2021-12-29 00:00:00 UTC,12.986651438081491,2126294947.7424307,91914876.92169946
2021-12-30 00:00:00 UTC,12.295173915018603,2002134001.3449855,58554377.164539985
2021-12-31 00:00:00 UTC,12.639194963194232,2025964850.487205,64646492.39108077
2022-01-01 00:00:00 UTC,12.40502013829855,2033149282.2007685,47766162.62027768
2022-01-02 00:00:00 UTC,12.878768593812074,2125501195.0066202,32840703.3739711
2022-01-03 00:00:00 UTC,12.203318485827252,2025059996.928946,35871948.61010171
2022-01-04 00:00:00 UTC,11.413023242058317,1915780268.6049514,52338258.24266097
2022-01-05 00:00:00 UTC,10.790483071748854,1859460774.8721488,38503928.11204161
2022-01-06 00:00:00 UTC,10.742634082666314,1804309196.0444815,72460332.5640159
2022-01-07 00:00:00 UTC,10.537071355656176,1756849960.0611782,43286763.50179066
2022-01-08 00:00:00 UTC,9.133609038246549,1535846373.197725,44126923.91624749
2022-01-09 00:00:00 UTC,8.97086948398806,1495069875.7707467,44369325.84771617
2022-01-10 00:00:00 UTC,9.397944097221794,1566574056.7876585,41284825.42043464
2022-01-11 00:00:00 UTC,8.863523246136833,1489528180.8673942,48178340.36343308
2022-01-12 00:00:00 UTC,9.268049018596573,1546135756.4826343,34390796.923590444
2022-01-13 00:00:00 UTC,10.187698316732689,1700963488.6497002,44848990.872786865
2022-01-14 00:00:00 UTC,9.59279825527079,1612474572.8756669,37406994.21969936
2022-01-15 00:00:00 UTC,9.38465810223281,1576251703.827244,23065181.265706677
2022-01-16 00:00:00 UTC,9.328414920744862,1556725914.5808215,16033705.426386239
2022-01-17 00:00:00 UTC,8.905071950752895,1482586987.6151865,22319476.088838585
2022-01-18 00:00:00 UTC,8.295638608827153,1385341617.1302872,36560326.15172848
2022-01-19 00:00:00 UTC,7.8699600801767255,1313425071.6504178,36613814.09387352
2022-01-20 00:00:00 UTC,7.22914156005877,1212656108.9671052,38550054.14300656
2022-01-21 00:00:00 UTC,7.029176703749445,1198396254.8494291,33395643.890289187
2022-01-22 00:00:00 UTC,5.518274834241544,918173772.0396515,57271069.83684935
2022-01-23 00:00:00 UTC,5.0338269671985785,840707630.8530626,54557129.73906045
2022-01-24 00:00:00 UTC,5.7544753346267505,939346648.8612386,33590668.57750828
2022-01-25 00:00:00 UTC,5.375617030044582,900066869.2241135,42636994.1029024
2022-01-26 00:00:00 UTC,5.367523938285177,901489147.3570575,25276840.17743514
2022-01-27 00:00:00 UTC,5.803255394286286,990463651.6601719,67617814.23875654
2022-01-28 00:00:00 UTC,5.71215484872811,962522296.2212893,44441015.098222755
2022-01-29 00:00:00 UTC,5.815296779511788,978190482.1976839,26520341.502079505
2022-01-30 00:00:00 UTC,6.452907664914952,1072143357.5912946,40158604.06894511
2022-01-31 00:00:00 UTC,5.970334379991796,1000830491.2289737,26990082.039585322
2022-02-01 00:00:00 UTC,6.109502230269613,1026031220.272046,31976969.907452226
2022-02-02 00:00:00 UTC,6.091807103681413,1014752209.5938121,32902460.54968646
2022-02-03 00:00:00 UTC,5.559013321877513,932532810.9731914,27599467.806629125
2022-02-04 00:00:00 UTC,5.419446681103462,908958890.8631407,22182465.81188771
2022-02-05 00:00:00 UTC,6.09485653736844,1009852020.664444,36681009.45628084
2022-02-06 00:00:00 UTC,6.151110430385149,1042316252.4793768,37303063.27805226
2022-02-07 00:00:00 UTC,6.545122075433109,1096627100.743574,25276789.723961715
2022-02-08 00:00:00 UTC,7.705618271061392,1292303236.9370017,87162237.73056643
2022-02-09 00:00:00 UTC,9.000433945490991,1517287754.79182,183596194.18412828
2022-02-10 00:00:00 UTC,9.939779236235585,1665542194.3818133,112438479.28518693
2022-02-11 00:00:00 UTC,8.494726037781223,1437744992.4719481,121968987.88060793
2022-02-12 00:00:00 UTC,7.5681749395640106,1260154370.7662344,86397100.72417487
2022-02-13 00:00:00 UTC,7.335003416616802,1223627361.6459072,74578527.99930775
2022-02-14 00:00:00 UTC,7.1162242278015935,1197022845.6143103,38556587.743739165
2022-02-15 00:00:00 UTC,7.313616078859748,1227611255.4295762,68104817.82532296
2022-02-16 00:00:00 UTC,8.544454016261538,1453562442.2165139,90558493.02122235
2022-02-17 00:00:00 UTC,8.223915689049361,1379802315.94154,67779541.74778548
2022-02-18 00:00:00 UTC,7.207146053204387,1225575256.1392176,137941311.70492232
2022-02-19 00:00:00 UTC,6.8444491046096925,1150362838.6247253,49400207.11064241
2022-02-20 00:00:00 UTC,7.054831709403865,1205344235.4810097,28418778.823550317
2022-02-21 00:00:00 UTC,6.177904977608587,1071497072.1689191,42893339.393400006
2022-02-22 00:00:00 UTC,5.854005790235954,1012617339.4829112,66480111.032413565
2022-02-23 00:00:00 UTC,6.342392543840681,1093488220.0667946,40368214.41988981
2022-02-24 00:00:00 UTC,6.146873265748737,1051897961.7360084,14854722.99518386
2022-02-25 00:00:00 UTC,5.916632854508925,1042007230.8072981,27073309.464638215
2022-02-26 00:00:00 UTC,6.230133580873603,1073004193.3971512,13960265.86948438
2022-02-27 00:00:00 UTC,6.530325016158964,1102143116.6020374,30981309.989722647
2022-02-28 00:00:00 UTC,5.863109694808044,1001076213.9748106,14453652.888728172
2022-03-01 00:00:00 UTC,6.8917666262204005,1178361212.431217,18724647.06846724
2022-03-02 00:00:00 UTC,7.252281933624994,1233692442.0728464,35028397.64491454
2022-03-03 00:00:00 UTC,7.613326990416683,1302136040.4137406,78513703.16900453
2022-03-04 00:00:00 UTC,7.065509472215889,1209557960.6075246,22206517.471229117
2022-03-05 00:00:00 UTC,6.4516952756712715,1107601091.1720269,26881058.36242948
2022-03-06 00:00:00 UTC,6.8003498606084385,1161991350.020618,15731889.251800822
2022-03-07 00:00:00 UTC,6.468798325669144,1105749512.0081644,30533487.070088048
2022-03-08 00:00:00 UTC,6.159411747709372,1034545665.9358035,31693212.39776274
2022-03-09 00:00:00 UTC,6.046383784332971,1036951445.7430503,7609045.7407817785
2022-03-10 00:00:00 UTC,6.5877564923030825,1130482909.0519936,44746339.65575395
2022-03-11 00:00:00 UTC,6.1958108615937215,1061862993.7541101,33651300.42805803
2022-03-12 00:00:00 UTC,6.522222606404877,1122678472.2636466,254048871.99075887
2022-03-13 00:00:00 UTC,6.701548795048077,1147978429.5377297,94891110.95957565
2022-03-14 00:00:00 UTC,6.2483792188793075,1074530931.4970033,52121178.97260212
2022-03-15 00:00:00 UTC,6.3620652911740745,1089873876.8737001,62945340.79222398
2022-03-16 00:00:00 UTC,6.0329900743369675,1035994185.3849943,53986194.65620051
2022-03-17 00:00:00 UTC,6.26759674143183,1080902890.753517,58027818.07172861
2022-03-18 00:00:00 UTC,6.182542884238867,1060150446.3982646,46104543.43001033
2022-03-19 00:00:00 UTC,6.300124373504531,1074281029.0533154,50969489.26755124
2022-03-20 00:00:00 UTC,6.313296456656662,1080284977.6023664,53107771.48926994
2022-03-21 00:00:00 UTC,6.100934479161488,1049515802.1306745,32476099.79061388
2022-03-22 00:00:00 UTC,6.0828029207275165,1040919189.0738401,38296376.59901486
2022-03-23 00:00:00 UTC,6.122644535118884,1049838079.3683382,46871645.198416576
2022-03-24 00:00:00 UTC,6.3771971330177495,1091132451.391805,56647687.93267586
2022-03-25 00:00:00 UTC,6.574503835930254,1126130990.5835128,85862209.43989371
2022-03-26 00:00:00 UTC,6.781452423641802,1156521547.123686,124066148.83936113
2022-03-27 00:00:00 UTC,6.740555671325172,1154997651.1262248,46008995.71294954
2022-03-28 00:00:00 UTC,7.061413683367429,1208060725.1035774,54535296.369130865
2022-03-29 00:00:00 UTC,6.721505473027215,1160295300.4145648,74207380.28541048
2022-03-30 00:00:00 UTC,6.783334016754316,1160869568.650873,56785879.724230774
2022-03-31 00:00:00 UTC,6.77475462428463,1161108202.9233255,74119789.11648235
2022-04-01 00:00:00 UTC,6.369346218840726,1089498084.6052716,64661839.88552355
2022-04-02 00:00:00 UTC,6.865028789175079,1174319073.8632507,76528801.15931235
2022-04-03 00:00:00 UTC,7.180040125939236,1230876684.367473,176043719.5819683
2022-04-04 00:00:00 UTC,7.6186503845893565,1305206688.042811,115211640.9501881
2022-04-05 00:00:00 UTC,7.326365594094453,1255051207.7181945,97420510.44502391
2022-04-06 00:00:00 UTC,7.110467702115575,1224374341.40951,80439890.79602098
2022-04-07 00:00:00 UTC,6.52334981886083,1122645964.0158048,84797181.38101976
2022-04-08 00:00:00 UTC,6.627417066225494,1134970543.4962773,61733483.99378919
2022-04-09 00:00:00 UTC,6.157912208018938,1054129146.2242947,62058371.24653076
2022-04-10 00:00:00 UTC,6.290722818222166,1074919224.8226159,34867610.1016209
2022-04-11 00:00:00 UTC,6.144221129923413,1054566968.0889994,33461030.3343585
2022-04-12 00:00:00 UTC,5.385660353111235,924008604.6888402,95692308.4221275
2022-04-13 00:00:00 UTC,5.620415392813919,962535837.9108255,89378113.78880593
2022-04-14 00:00:00 UTC,5.884281336373691,1007957128.1822023,51561111.7285012
2022-04-15 00:00:00 UTC,5.545115424316036,950378556.171337,51762217.748368874
2022-04-16 00:00:00 UTC,5.584337552722372,956888422.7392511,30888250.613369547
2022-04-17 00:00:00 UTC,5.4945996845045455,942150821.2769837,19807403.903471846
2022-04-18 00:00:00 UTC,5.39300202575694,923166819.630373,22873271.23229677
2022-04-19 00:00:00 UTC,5.539189331782346,938953243.3803911,46053280.79545216
2022-04-20 00:00:00 UTC,5.4945582723541895,943152409.5403445,68188915.54935104
2022-04-21 00:00:00 UTC,5.39113215641109,924393234.9822164,71597290.5160979
2022-04-22 00:00:00 UTC,5.213739055413634,892088683.479916,56729841.64049727
2022-04-23 00:00:00 UTC,5.15324377432254,883970613.3577417,35508296.13558824
2022-04-24 00:00:00 UTC,4.94743846415842,848673094.509441,25365320.413419753
2022-04-25 00:00:00 UTC,4.856740217557597,833310789.3587229,40420583.68006334
2022-04-26 00:00:00 UTC,5.0152493377657414,860037853.0010431,62359727.22377576
2022-04-27 00:00:00 UTC,4.616234838043515,791534979.0247456,46444945.72023509
2022-04-28 00:00:00 UTC,4.688941314923714,803960259.1684638,30341133.40131669
2022-04-29 00:00:00 UTC,4.640092219994101,796518437.5510075,29036837.40492218
2022-04-30 00:00:00 UTC,4.063790119254844,698305700.6217471,37973049.957015485
2022-05-01 00:00:00 UTC,3.562955284717556,608734301.0945137,49751003.68291047
2022-05-02 00:00:00 UTC,3.907883390798737,671496152.322276,52373592.15506392
2022-05-03 00:00:00 UTC,3.7833047255392325,647901068.0806441,24373876.881498963
2022-05-04 00:00:00 UTC,3.832460474438126,656990819.8046556,26496587.153353292
2022-05-05 00:00:00 UTC,4.218950373890495,721945964.6601405,43944918.198110715
2022-05-06 00:00:00 UTC,3.732623646404078,637219199.168827,40684875.62479722
2022-05-07 00:00:00 UTC,3.5788691275619633,616230901.5113935,34883748.30465649
2022-05-08 00:00:00 UTC,3.515718180668573,602583266.9541763,19928575.13822804
2022-05-09 00:00:00 UTC,3.123827365054939,534878233.21603477,45321002.64648349
2022-05-10 00:00:00 UTC,2.640472562720622,452137105.53255516,52133005.75548945
2022-05-11 00:00:00 UTC,2.4653865572631743,423321604.4645912,58165588.636019066
2022-05-12 00:00:00 UTC,1.7399822070650293,306099939.29870087,72389975.43986376
2022-05-13 00:00:00 UTC,1.6137015499375023,276444780.20391905,38089861.51488507
2022-05-14 00:00:00 UTC,2.034843051957035,374828658.42045164,56678608.12003426
2022-05-15 00:00:00 UTC,2.984619794516407,548600541.8786602,73433122.40774919
2022-05-16 00:00:00 UTC,3.282235084907535,603292068.7021505,106826692.85407227
2022-05-17 00:00:00 UTC,2.91446675451427,541424331.0838377,47628701.95589473
2022-05-18 00:00:00 UTC,2.962106236225414,547398792.5571394,53190329.60662813
2022-05-19 00:00:00 UTC,2.283366251520143,421360462.60910743,54926421.28060145
2022-05-20 00:00:00 UTC,2.6798829058540257,495347065.15745854,59793283.62677944
2022-05-21 00:00:00 UTC,2.6177071588997407,481262425.15729195,34266379.63937694
2022-05-22 00:00:00 UTC,2.5928908014095047,479447739.1481178,14946484.614620315
2022-05-23 00:00:00 UTC,2.6419193663299523,486559330.644968,16509866.862421073
2022-05-24 00:00:00 UTC,2.3749172298535117,438379251.9545341,28700794.707428988
2022-05-25 00:00:00 UTC,2.4028151418735866,443940293.86707217,22257443.604680896
2022-05-26 00:00:00 UTC,2.2608758504142976,417538864.5538946,17739168.924033783
2022-05-27 00:00:00 UTC,2.1202194639292817,392403013.81309503,32371248.68650651
2022-05-28 00:00:00 UTC,2.0014988119709063,369770932.6521053,22204395.72050846
2022-05-29 00:00:00 UTC,2.0789219922105358,384189873.20219463,10622000.841363054
2022-05-30 00:00:00 UTC,2.13204078389166,394242501.62695444,12166807.544254942
2022-05-31 00:00:00 UTC,2.302869237951046,427861719.68186074,27996841.577889543
2022-06-01 00:00:00 UTC,2.2272835455957933,411607451.4455009,25393570.704740793
2022-06-02 00:00:00 UTC,2.0444009279531103,378463181.4031824,20760486.67833936
2022-06-03 00:00:00 UTC,2.147126952155388,399225651.9418183,13234992.236153124
2022-06-04 00:00:00 UTC,1.9533460596108023,360628784.5371876,14964606.092261845
2022-06-05 00:00:00 UTC,2.0185139558827965,370498527.8166035,13265208.690504551
2022-06-06 00:00:00 UTC,1.992512935871036,371399975.0816885,15106357.408542775
2022-06-07 00:00:00 UTC,2.0506506846772865,377376949.95513654,16486992.723119823
2022-06-08 00:00:00 UTC,1.9639551909249453,364217461.50901526,23221399.513108376
2022-06-09 00:00:00 UTC,1.925900879535121,356175652.16201895,14433756.509640096
2022-06-10 00:00:00 UTC,1.893193940174894,350040526.1531857,9918397.285468414
2022-06-11 00:00:00 UTC,1.748294668451162,323171436.46286803,21701919.92184778
2022-06-12 00:00:00 UTC,1.662324463366906,307208330.62178653,15528579.756066319
2022-06-13 00:00:00 UTC,1.507558587470075,281607404.8127249,19396331.534478467
2022-06-14 00:00:00 UTC,1.4992713311791375,272809858.16897,52283290.317491844
2022-06-15 00:00:00 UTC,1.5853555136671562,292590339.07652503,44318901.075765945
2022-06-16 00:00:00 UTC,1.804326440260865,339793908.7869668,38666133.790347256
2022-06-17 00:00:00 UTC,1.644982218736483,304778545.96892315,24300031.38682099
2022-06-18 00:00:00 UTC,1.7171182187916076,318437079.58448064,12853726.268940069
2022-06-19 00:00:00 UTC,1.6343069408868447,302203447.4437782,24859231.753065668
2022-06-20 00:00:00 UTC,1.655243124099839,305185817.5152839,15691133.651402147
2022-06-21 00:00:00 UTC,1.72165567008751,317996342.4451795,20319364.60211707
2022-06-22 00:00:00 UTC,1.6838420856760876,311995350.7616106,19556931.664388813
2022-06-23 00:00:00 UTC,1.6350464248471595,302825928.24922127,14180174.099993406
2022-06-24 00:00:00 UTC,1.7056950325367526,315770413.20472884,15401304.629306657
2022-06-25 00:00:00 UTC,1.7621820251679148,327367252.14405036,20763435.30123031
2022-06-26 00:00:00 UTC,1.765595538191236,325571523.7528144,12355362.356684288
2022-06-27 00:00:00 UTC,1.680430678224326,311165555.4147018,14864371.366889106
2022-06-28 00:00:00 UTC,1.6618512409833417,307227040.4516261,11153912.103505006
2022-06-29 00:00:00 UTC,1.6004318093415124,294772044.5334947,8974493.018755719
2022-06-30 00:00:00 UTC,1.5561678085342212,287584054.05144733,9175238.877142504
2022-07-01 00:00:00 UTC,1.5211361491588753,280573275.0239316,9505340.081421906
2022-07-02 00:00:00 UTC,1.5051386321001186,279406679.1631715,10896935.227754513
2022-07-03 00:00:00 UTC,1.4812827882803146,273666275.958392,6950135.978126121
2022-07-04 00:00:00 UTC,1.4838100446689286,273604347.1723186,7837023.647162708
2022-07-05 00:00:00 UTC,1.5441985880820406,285206232.38471395,8180363.509134587
2022-07-06 00:00:00 UTC,1.4916005514738326,276058232.0322831,9176280.591118656
2022-07-07 00:00:00 UTC,1.532483390194689,282883721.947981,6779439.843071887
2022-07-08 00:00:00 UTC,1.6172578804196618,299301890.58456963,12675692.549840895
2022-07-09 00:00:00 UTC,1.6031668582052416,296606393.82132155,14297510.220518073
2022-07-10 00:00:00 UTC,1.6005728261681058,296142788.6374676,5806746.943564586
2022-07-11 00:00:00 UTC,1.542687107780853,285092353.8976945,6140860.112409192
2022-07-12 00:00:00 UTC,1.4788487838189135,273524949.5555903,7938600.2850782415
2022-07-13 00:00:00 UTC,1.4740238581833924,273152887.91939867,5922722.207019354
2022-07-14 00:00:00 UTC,1.5592715027960462,288114223.2523794,20499060.211542115
2022-07-15 00:00:00 UTC,1.5717130100456695,290915200.87427336,14121617.317647204
2022-07-16 00:00:00 UTC,1.5361324265835694,283536379.54305506,12271671.236122897
2022-07-17 00:00:00 UTC,1.5543047580272706,287051193.88834393,10340140.818635583
2022-07-18 00:00:00 UTC,1.6095889046769258,297951034.9863503,23472284.75411379
2022-07-19 00:00:00 UTC,1.7414993888475576,321087183.57291454,44206530.226605654
2022-07-20 00:00:00 UTC,1.8383310350110402,339306253.9567214,28232653.128750965
2022-07-21 00:00:00 UTC,1.6920937242363463,312870265.8874527,23783612.246990293
2022-07-22 00:00:00 UTC,1.6936565204199356,313319017.5656545,12548124.773808839
2022-07-23 00:00:00 UTC,1.6324917469041187,301580424.482398,16075860.441190587
2022-07-24 00:00:00 UTC,1.634148451491514,301728745.946973,8871622.177054914
2022-07-25 00:00:00 UTC,1.6052713805565006,297810607.4321203,8028444.595985921
2022-07-26 00:00:00 UTC,1.5093207032920253,280618636.54975903,14555783.390704213
2022-07-27 00:00:00 UTC,1.579251500673303,293361805.81703246,11179747.14451274
2022-07-28 00:00:00 UTC,1.6569331381561478,305787374.26347995,16138374.113890372
2022-07-29 00:00:00 UTC,1.775790073126135,325037676.5658668,27265852.018515058
2022-07-30 00:00:00 UTC,1.7672710568135352,327715055.88176006,23037910.364344474
2022-07-31 00:00:00 UTC,1.7620964900446834,323296922.3159311,30327448.70943954
2022-08-01 00:00:00 UTC,2.03700539426372,378114673.0667497,61180776.68377513
2022-08-02 00:00:00 UTC,1.92120623647098,354372456.2634191,60841895.46373811
2022-08-03 00:00:00 UTC,1.8509711408127145,343437758.96796083,24355462.726160705
2022-08-04 00:00:00 UTC,1.934023930331286,356550773.8782661,30585885.794970356
2022-08-05 00:00:00 UTC,1.9293880701620416,355487394.3600151,24500352.504087962
2022-08-06 00:00:00 UTC,2.0863939076199585,385118313.33575946,28315169.527938776
2022-08-07 00:00:00 UTC,2.06161279354173,380774628.24938184,21551691.91465107
2022-08-08 00:00:00 UTC,2.12503645887677,392226438.9730086,16335501.85408137
2022-08-09 00:00:00 UTC,2.277730367282769,420913549.6154111,45755398.46279627
2022-08-10 00:00:00 UTC,2.111524987466258,392193709.4753893,32389103.535038047
2022-08-11 00:00:00 UTC,2.2706153478851974,418759480.83644426,42207755.77251564
2022-08-12 00:00:00 UTC,2.121344119276456,390943240.57216215,35467343.45088914
2022-08-13 00:00:00 UTC,2.1856885973539657,403893973.6219962,23592754.220350213
2022-08-14 00:00:00 UTC,2.1605987690563486,399781859.8651745,21081424.637283172
2022-08-15 00:00:00 UTC,2.0473303825905176,378439844.5298898,21485898.427413657
2022-08-16 00:00:00 UTC,2.025826332062373,374912550.7936746,17140753.035529636
2022-08-17 00:00:00 UTC,1.9404177683786272,358405791.3067138,14867400.051272415
2022-08-18 00:00:00 UTC,1.785332335491817,330410742.69258386,26198341.909846082
2022-08-19 00:00:00 UTC,1.6403513921605963,304759686.8597689,16731658.169660589
2022-08-20 00:00:00 UTC,1.5968210181169527,295168379.63260007,23498955.011907294
2022-08-21 00:00:00 UTC,1.6684891814916378,329565569.85595965,17006235.25841012
2022-08-22 00:00:00 UTC,1.6823681962207298,332781433.9876976,8450358.827304486
2022-08-23 00:00:00 UTC,1.6515055045439901,326113449.78943956,7817941.218842083
2022-08-24 00:00:00 UTC,1.6766420882761015,331957763.2485015,8178643.624685315
2022-08-25 00:00:00 UTC,1.6713113692054382,330647595.37718797,8928927.35839197
2022-08-26 00:00:00 UTC,1.6920652702666137,334815716.58389294,6676738.296880855
2022-08-27 00:00:00 UTC,1.553843813158569,306342569.01490587,12734966.342678707
2022-08-28 00:00:00 UTC,1.5915412588003375,315917306.42017436,7521127.765116001
2022-08-29 00:00:00 UTC,1.547850738321427,306127740.9328736,11120648.28525315
2022-08-30 00:00:00 UTC,1.6851795570683168,334668864.6324608,13433495.937797964
2022-08-31 00:00:00 UTC,1.593105707149024,316453146.7323988,10585653.012273967
2022-09-01 00:00:00 UTC,1.582621654644907,313404059.1785674,7675738.943013996
2022-09-02 00:00:00 UTC,1.5932845986981146,314856867.1598093,6592166.556280244
2022-09-03 00:00:00 UTC,1.5587868134213296,308654057.13767356,9007208.72907741
2022-09-04 00:00:00 UTC,1.5599235502277344,309035266.81868166,4425834.7968814075
2022-09-05 00:00:00 UTC,1.5708937516815826,311069590.6382705,6669948.295248199
2022-09-06 00:00:00 UTC,1.5513154429949427,307284189.48846847,6385799.056003676
2022-09-07 00:00:00 UTC,1.4681766572049684,292308617.2569513,13588588.815791508
2022-09-08 00:00:00 UTC,1.5093368411511219,299048070.53598803,7852349.240231814
2022-09-09 00:00:00 UTC,1.5017257164230042,297428538.08153856,6702864.147303595
2022-09-10 00:00:00 UTC,1.6145871169349697,317157021.2104605,13040967.280903757
2022-09-11 00:00:00 UTC,1.6031623473271917,317941390.6957049,10859724.052714083
2022-09-12 00:00:00 UTC,1.6003570197960202,316692447.5689395,18699377.84699469
2022-09-13 00:00:00 UTC,1.7158403743909696,340927475.1198068,26141201.665965945
2022-09-14 00:00:00 UTC,1.5460573997814582,306145987.506093,23922166.139521424
2022-09-15 00:00:00 UTC,1.5856265511041565,313654588.5375266,9904353.727104723
2022-09-16 00:00:00 UTC,1.5240422843540193,302228683.71858484,9402431.884915937
2022-09-17 00:00:00 UTC,1.4865087804514125,294450607.8394353,9017130.551936029
2022-09-18 00:00:00 UTC,1.529674747090311,303299574.04627365,4582746.6308996435
2022-09-19 00:00:00 UTC,1.4728623470036708,292473077.7452507,7500557.375798353
2022-09-20 00:00:00 UTC,1.4759184372772782,292120044.6612621,7503883.963424629
2022-09-21 00:00:00 UTC,1.423844771504743,282266809.65528697,6021451.33761823
2022-09-22 00:00:00 UTC,1.3886891048707208,274751187.84398246,14478522.942773053
2022-09-23 00:00:00 UTC,1.4190615802732722,280487105.00655234,6252664.708812883
2022-09-24 00:00:00 UTC,1.4521719011275172,282636363.2430219,8666321.6336186
2022-09-25 00:00:00 UTC,1.4492992858540046,287857118.51134783,6945579.722813314
2022-09-26 00:00:00 UTC,1.4084129011934703,278971461.16973233,4751612.272083066
2022-09-27 00:00:00 UTC,1.4169726490892955,280422412.64065546,6428228.045678218
2022-09-28 00:00:00 UTC,1.3997954408072508,277679886.63680416,10021869.42808126
2022-09-29 00:00:00 UTC,1.3947109651561809,276165689.63781726,5710044.515362447
2022-09-30 00:00:00 UTC,1.4031097438806053,277107414.293381,5184459.974533222
2022-10-01 00:00:00 UTC,1.4019969152158036,276881166.6580363,5944381.831025006
2022-10-02 00:00:00 UTC,1.394301800384839,276243599.5340963,3386506.4745138017
2022-10-03 00:00:00 UTC,1.3685206538293229,271391653.1291852,3019075.5461232997
2022-10-04 00:00:00 UTC,1.3969087990194125,276645129.0247569,4860998.234290282
2022-10-05 00:00:00 UTC,1.4034437206329045,278008840.1186964,5506881.521657489
2022-10-06 00:00:00 UTC,1.4538935044172223,288547396.9175013,8517318.157398827
2022-10-07 00:00:00 UTC,1.4120318251094328,279674933.79590935,6870679.681569236
2022-10-08 00:00:00 UTC,1.4045901954795423,278193922.7351758,4909241.973910507
2022-10-09 00:00:00 UTC,1.3929115225859598,276414538.122146,2696686.6941892374
2022-10-10 00:00:00 UTC,1.4016319664996426,277237844.35529155,2280162.2573761777
2022-10-11 00:00:00 UTC,1.3660889415851303,270688672.7054956,3136410.3362154965
2022-10-12 00:00:00 UTC,1.3360857993841326,264187718.38456798,4797606.346543457
2022-10-13 00:00:00 UTC,1.3408541999490535,265855663.74737853,2357841.4940018016
2022-10-14 00:00:00 UTC,1.314995841688174,260474371.6865274,10210711.635069285
2022-10-15 00:00:00 UTC,1.267643007522478,251038876.1801726,4047642.893153313
2022-10-16 00:00:00 UTC,1.2870146592259262,254830816.20463333,3339447.0954863774
2022-10-17 00:00:00 UTC,1.3478030416928324,266659721.978175,5793179.108930712
2022-10-18 00:00:00 UTC,1.3366149228861888,263744189.54133397,4262861.7365493355
2022-10-19 00:00:00 UTC,1.2982336408534798,257323507.73414436,3897485.8887274456
2022-10-20 00:00:00 UTC,1.2593228021245753,249762625.64309,4024174.3905422366
2022-10-21 00:00:00 UTC,1.260092437647361,249506211.53568777,4146849.774060871
2022-10-22 00:00:00 UTC,1.2612198999624409,250012004.1964307,4552996.623288269
2022-10-23 00:00:00 UTC,1.2638069500087337,250453687.55237076,2809629.478311998
2022-10-24 00:00:00 UTC,1.2876746855438916,255134071.21202648,3831727.3523929543
2022-10-25 00:00:00 UTC,1.255613152842628,248503850.439639,3697931.1400668183
2022-10-26 00:00:00 UTC,1.288038209554015,255057602.53128576,6320572.013184418
2022-10-27 00:00:00 UTC,1.28371550593151,254002340.7353002,7816588.218826864
2022-10-28 00:00:00 UTC,1.2656008583662002,250747065.52975607,5971617.532020881
2022-10-29 00:00:00 UTC,1.2758184940407373,252575186.7995949,5371860.536457866
2022-10-30 00:00:00 UTC,1.3048498217942983,258522690.35752913,7991967.8963746205
2022-10-31 00:00:00 UTC,1.2868283707178,254574077.27684838,7092672.030211003
2022-11-01 00:00:00 UTC,1.3922030744512348,274116073.59556484,19143247.618032027
2022-11-02 00:00:00 UTC,1.3132465731490095,260331538.91491768,9817833.157430982
2022-11-03 00:00:00 UTC,1.2775627104653828,252645574.0111968,11033645.697055716
2022-11-04 00:00:00 UTC,1.3120534384091675,259602984.79909542,9660767.046828125
2022-11-05 00:00:00 UTC,1.4229387589821643,281658878.6950303,16610382.444684388
2022-11-06 00:00:00 UTC,1.3797720596839114,273592815.54371536,11957841.088897455
2022-11-07 00:00:00 UTC,1.305846130107786,259067489.28006464,10098488.031700118
2022-11-08 00:00:00 UTC,1.308115050659415,258901470.54590848,11329424.594774906
2022-11-09 00:00:00 UTC,1.1780725600103905,233650804.28090948,27666924.003436793
2022-11-10 00:00:00 UTC,0.9579117034930118,189626380.24762368,23853278.468923982
2022-11-11 00:00:00 UTC,1.0655732042761974,210636945.88068616,17694282.48066361
2022-11-12 00:00:00 UTC,1.004260414283534,198345782.44950405,10958285.689550092
2022-11-13 00:00:00 UTC,0.9653105433039402,191180914.2709046,5328663.247544873
2022-11-14 00:00:00 UTC,0.8965006900001912,177431923.05325893,9524141.97704295
2022-11-15 00:00:00 UTC,0.9091138964592629,180089483.20262223,13908652.887009121
2022-11-16 00:00:00 UTC,0.8981487901663265,178032713.06407428,6610926.452870024
2022-11-17 00:00:00 UTC,0.8725067693056658,173029137.49265322,5525709.128322243
2022-11-18 00:00:00 UTC,0.8942373817543727,177190494.44547734,6152613.559652237
2022-11-19 00:00:00 UTC,0.8920444909821746,187918581.29766992,4366579.382514491
2022-11-20 00:00:00 UTC,0.8956689635720849,188788904.65949562,2953199.524753311
2022-11-21 00:00:00 UTC,0.8377021640035403,176591584.7589661,4741949.930595115
2022-11-22 00:00:00 UTC,0.8147317196317684,172142231.06646156,6832352.192417652
2022-11-23 00:00:00 UTC,0.8318411503688912,175909857.82956293,4402692.02043048
2022-11-24 00:00:00 UTC,0.8600322351721261,181808001.8073734,5140035.225409361
2022-11-25 00:00:00 UTC,0.8801745067739255,185770173.7483155,6859018.557523221
2022-11-26 00:00:00 UTC,0.8724358466421708,184063077.43406317,4049203.7352529904
2022-11-27 00:00:00 UTC,0.8571964112199159,180844254.57265526,4182561.2246126356
2022-11-28 00:00:00 UTC,0.9407929301552205,197552737.9873192,47301952.874374494
2022-11-29 00:00:00 UTC,0.915850833843307,193499292.19606847,10882252.691780074
2022-11-30 00:00:00 UTC,0.9234636524024191,195371970.8723202,5929011.993534992
2022-12-01 00:00:00 UTC,0.9635217761852862,203233295.71414548,6909650.288053772
2022-12-02 00:00:00 UTC,1.0039672188021906,212256594.46720746,15581655.901240397
2022-12-03 00:00:00 UTC,1.024323199655816,216617096.78127858,8316361.085786445
2022-12-04 00:00:00 UTC,1.0249165652453014,217317174.73785204,4490289.378318081
2022-12-05 00:00:00 UTC,1.1004628070685982,232706419.77525228,17450932.462544985
2022-12-06 00:00:00 UTC,1.0462026119866377,221844254.00345463,10020296.527700558
2022-12-07 00:00:00 UTC,1.048885929058029,222153194.628785,5153566.18666207
2022-12-08 00:00:00 UTC,0.9917823504122802,209873978.62615487,5510728.217461311
2022-12-09 00:00:00 UTC,1.0364416583131983,219674707.91019678,8483204.474128276
2022-12-10 00:00:00 UTC,1.017061299217218,216288546.44167334,5951908.094304165
2022-12-11 00:00:00 UTC,0.9972988413183133,211406851.23745415,3167282.888408599
2022-12-12 00:00:00 UTC,0.9903876189731872,210340167.6859434,3747316.4835776575
2022-12-13 00:00:00 UTC,1.0001076552369639,212762192.85205564,4205583.383675245
2022-12-14 00:00:00 UTC,1.027876309197119,218538167.9690119,10466391.691150358
2022-12-15 00:00:00 UTC,1.013727249069724,215316007.10162693,5351019.629772771
2022-12-16 00:00:00 UTC,0.9711751414398546,206604412.36690047,4755400.33596284
2022-12-17 00:00:00 UTC,0.901123797637333,190548823.172802,5851375.079624352
2022-12-18 00:00:00 UTC,0.9206535236389469,195965341.4476017,5165993.115506911
2022-12-19 00:00:00 UTC,0.9100523943688731,193577974.18898624,2658595.797018641
2022-12-20 00:00:00 UTC,0.8887000167922753,189164362.37288433,3469070.9433779432
2022-12-21 00:00:00 UTC,0.9285202643068978,197429226.2936331,6865554.352438483
2022-12-22 00:00:00 UTC,0.9091944562629226,192673456.20822284,2854350.3525652178
2022-12-23 00:00:00 UTC,0.9254222106649549,196808436.70412716,3124352.473085612
2022-12-24 00:00:00 UTC,0.918502885481479,194892510.85657272,2997617.399713892
2022-12-25 00:00:00 UTC,0.9148066380969255,195085631.989583,1920430.7795556241
2022-12-26 00:00:00 UTC,0.9015483480972762,192837699.65505826,1906621.7425236618
2022-12-27 00:00:00 UTC,0.9074374037859552,192721656.19704574,2157733.049919349
2022-12-28 00:00:00 UTC,0.8960079513491412,190963232.85699397,2147402.725818876
2022-12-29 00:00:00 UTC,0.8745805517719245,185985554.9022951,3237571.759219297
2022-12-30 00:00:00 UTC,0.8653787683011984,184385623.24342114,2718399.7311838972
2022-12-31 00:00:00 UTC,0.8771586047628199,187289722.24758872,2598091.904022907
2023-01-01 00:00:00 UTC,0.8675372497691659,184838650.13046268,1590794.2145267958
2023-01-02 00:00:00 UTC,0.867013784687897,186988704.71810886,2074404.1755972113
2023-01-03 00:00:00 UTC,0.880402249476536,189725311.12305304,3656373.5454271925
2023-01-04 00:00:00 UTC,0.870912496022977,187699006.09829617,2435919.317044257
2023-01-05 00:00:00 UTC,0.9044172431966911,194669322.44563514,4448487.366027243
2023-01-06 00:00:00 UTC,0.8910738959654746,192074860.4326678,2423952.854209777
2023-01-07 00:00:00 UTC,0.9454123244973862,203366029.8275414,5205857.227335687
2023-01-08 00:00:00 UTC,0.92310404207216,198485645.4180146,5120483.466684241
2023-01-09 00:00:00 UTC,0.9492131528090798,204730107.8474205,3703439.041302578
2023-01-10 00:00:00 UTC,0.9602373464339967,206643248.67687467,7128160.098578504
2023-01-11 00:00:00 UTC,0.9591416578208136,206798267.8846883,4665032.184997358
2023-01-12 00:00:00 UTC,0.9696580670191705,208411972.91030863,4316499.488163182
2023-01-13 00:00:00 UTC,0.986095148414828,213136514.55733955,9484616.659369556
2023-01-14 00:00:00 UTC,1.0476441572722648,226385683.2963355,11806864.4519818
2023-01-15 00:00:00 UTC,1.123384028882348,238174222.5014614,18490603.144151956
2023-01-16 00:00:00 UTC,1.0925038498197694,236216657.45138428,14444032.24299629
2023-01-17 00:00:00 UTC,1.109214502984098,239805429.20091107,11199573.0251495
2023-01-18 00:00:00 UTC,1.1044522527893335,238385366.61039576,10258715.36888487
2023-01-19 00:00:00 UTC,0.9994326669667803,216123149.51396093,15446889.765653536
2023-01-20 00:00:00 UTC,1.0296579167416364,222945830.17876422,7121920.636365156
2023-01-21 00:00:00 UTC,1.1486784267429604,248310166.26711822,14878192.261925032
2023-01-22 00:00:00 UTC,1.1270404971229837,243934826.80493727,18867140.60243596
2023-01-23 00:00:00 UTC,1.2655401471706098,268902452.31310505,24275141.414966226
2023-01-24 00:00:00 UTC,1.286881956331473,278284939.925597,26508462.9239532
2023-01-25 00:00:00 UTC,1.1778462478464669,254731086.49488088,15779585.479635062
2023-01-26 00:00:00 UTC,1.2586142065160637,273114835.22062916,17363536.387161102
2023-01-27 00:00:00 UTC,1.2359575475202287,268500558.9441322,11184218.591343317
2023-01-28 00:00:00 UTC,1.2628433371421977,273986034.1405465,14268595.327215467
2023-01-29 00:00:00 UTC,1.3199358972336046,286002832.8544336,29244579.397368215
2023-01-30 00:00:00 UTC,1.3484195826694714,292097489.2217183,16038055.501147358
2023-01-31 00:00:00 UTC,1.2188888372850564,263266025.24172118,16770020.924893398
2023-02-01 00:00:00 UTC,1.199949941110421,260776299.69150376,11108914.782968158
2023-02-02 00:00:00 UTC,1.2692158399766909,276142848.2581828,17927121.11580513
2023-02-03 00:00:00 UTC,1.236142962919402,270367441.9938901,15394966.171235772
2023-02-04 00:00:00 UTC,1.239083513868961,271599184.16592616,12928384.759472232
2023-02-05 00:00:00 UTC,1.2541622617362942,275967732.6104853,10194697.212804582
2023-02-06 00:00:00 UTC,1.1798303218749018,259119800.5354078,13617738.746571323
2023-02-07 00:00:00 UTC,1.1688922704570828,256191539.52268472,12518073.838532705
2023-02-08 00:00:00 UTC,1.2506395934662273,274621743.72145456,18171496.031137943
2023-02-09 00:00:00 UTC,1.210042324739375,265704991.9361041,20023413.934085652
2023-02-10 00:00:00 UTC,1.0698418795251876,235027081.06703314,19123478.82496861
2023-02-11 00:00:00 UTC,1.0593804355377268,232869887.23148498,11133790.8107433
2023-02-12 00:00:00 UTC,1.1161450053720885,244922814.73102897,6651200.287037464
2023-02-13 00:00:00 UTC,1.067259549840344,235076802.05606306,9189767.907307796
2023-02-14 00:00:00 UTC,1.0484475599929026,230856234.26892373,16260964.736509517
2023-02-15 00:00:00 UTC,1.0693752741476465,235226540.2506605,12104586.928047543
2023-02-16 00:00:00 UTC,1.1628097333838787,255522425.1972516,16080896.176938228
2023-02-17 00:00:00 UTC,1.0896816575424237,239773973.18953526,18358048.28664328
2023-02-18 00:00:00 UTC,1.152185532765505,253751306.5860138,15950942.65621354
2023-02-19 00:00:00 UTC,1.194281628252707,263195014.27484933,16218459.802662991
2023-02-20 00:00:00 UTC,1.2398728465302262,274102239.5736849,45869889.1612101
2023-02-21 00:00:00 UTC,1.264504031173711,278720002.0319187,23313571.50546095
2023-02-22 00:00:00 UTC,1.1875224466409497,261388390.00967753,23004619.25005298
2023-02-23 00:00:00 UTC,1.2544114634809624,276854859.67610335,31296380.808769345
2023-02-24 00:00:00 UTC,1.206860391962733,265716501.35474405,16083034.315492589
2023-02-25 00:00:00 UTC,1.137448851091192,250982853.12297335,11401710.621615246
2023-02-26 00:00:00 UTC,1.108197318180641,244855772.1744387,8937031.555166636
2023-02-27 00:00:00 UTC,1.1329722973980356,250137916.1021126,7749774.635418602
2023-02-28 00:00:00 UTC,1.1180477564464089,246849111.7453606,8814396.497212976
2023-03-01 00:00:00 UTC,1.0824076402201053,238925857.78542525,9251679.503789619
2023-03-02 00:00:00 UTC,1.11634260080989,248900716.1170474,9880128.91890075
2023-03-03 00:00:00 UTC,1.1118378108908689,248081147.73898655,8367789.483741869
2023-03-04 00:00:00 UTC,1.0403327825733248,232024069.90082598,10785105.083946638
2023-03-05 00:00:00 UTC,1.035789689252985,231073808.71768758,5800972.6577481525
2023-03-06 00:00:00 UTC,1.025518731285411,228641299.7060388,6744165.3893179055
2023-03-07 00:00:00 UTC,1.0406730347670363,232311302.15319422,6738161.122488352
2023-03-08 00:00:00 UTC,1.0348210892814638,230147644.08782318,11489737.47003839
2023-03-09 00:00:00 UTC,0.9593725445582373,214941828.65592355,7719178.045593815
2023-03-10 00:00:00 UTC,0.9363259419589872,208695882.6108518,9872587.098305294
2023-03-11 00:00:00 UTC,0.936293049587597,210114415.3642344,10257866.184485003
2023-03-12 00:00:00 UTC,0.9165793498604116,204832113.02127174,7352247.501569983
2023-03-13 00:00:00 UTC,0.9876075036036966,218828825.1046238,7419750.855585112
2023-03-14 00:00:00 UTC,1.0231638129186789,229081842.80838516,12747965.367076613
2023-03-15 00:00:00 UTC,1.0393001319535444,232243004.04582825,15014920.388712337
2023-03-16 00:00:00 UTC,0.987048338268652,220636842.78668952,11504884.658482771
2023-03-17 00:00:00 UTC,0.9971995094918783,222802432.78267658,7338251.234970559
2023-03-18 00:00:00 UTC,1.0528379702689248,234695278.97147483,8965581.687799435
2023-03-19 00:00:00 UTC,1.0312222566332145,231117858.7003827,12084283.142803168
2023-03-20 00:00:00 UTC,1.0680571058043387,240143557.82766482,9208806.023815576
2023-03-21 00:00:00 UTC,1.0079193031398497,226151305.84013197,10133903.942316893
2023-03-22 00:00:00 UTC,1.0513931675610966,235031215.82078245,6265538.922145932
2023-03-23 00:00:00 UTC,1.0022023867489147,224286247.01935902,8752962.201491687
2023-03-24 00:00:00 UTC,1.0190926487424319,228162651.8058046,5368053.0690839905
2023-03-25 00:00:00 UTC,0.9672367712944091,217997273.25818554,6772976.749839364
2023-03-26 00:00:00 UTC,0.9410646828566341,211333421.8395909,8747494.924680026
2023-03-27 00:00:00 UTC,0.9479279531470529,213456458.73363096,6307400.771431494
2023-03-28 00:00:00 UTC,0.9199630238566366,205907393.60889968,6600078.216567435
2023-03-29 00:00:00 UTC,0.9321911350319375,209026046.49235168,7530950.810085342
2023-03-30 00:00:00 UTC,0.9959619326099995,223557734.87134346,11255797.899795296
2023-03-31 00:00:00 UTC,0.9834111814152704,220560264.46491483,15482424.598173141
2023-04-01 00:00:00 UTC,1.0087624423288208,227006884.3051344,8139719.610345312
2023-04-02 00:00:00 UTC,0.997132692029044,225534246.83534622,5942726.551346454
2023-04-03 00:00:00 UTC,0.9599247285889997,217689157.18994835,7386562.817254708
2023-04-04 00:00:00 UTC,0.9709469046147708,220795679.5379257,9210780.486440776
2023-04-05 00:00:00 UTC,0.9848240522750689,223560474.19194004,9965057.033369102
2023-04-06 00:00:00 UTC,0.9946131638169886,225868468.45155194,10050282.134404462
2023-04-07 00:00:00 UTC,0.9789943937466041,222016065.46548712,6799214.21743448
2023-04-08 00:00:00 UTC,0.977121216846071,221820917.02613205,6854943.929069786
2023-04-09 00:00:00 UTC,0.9670452785554488,219483997.23700786,6770420.401042037
2023-04-10 00:00:00 UTC,0.9826443567341769,223113188.29145807,5922659.1001293305
2023-04-11 00:00:00 UTC,0.9953512333915874,226439358.7697571,6765166.914810315
2023-04-12 00:00:00 UTC,0.9961854279216744,226348002.09135967,8831045.61037591
2023-04-13 00:00:00 UTC,0.975411780342366,222093184.78343385,8680691.46245594
2023-04-14 00:00:00 UTC,1.0089184357940586,229380295.21455035,8424829.465216992
2023-04-15 00:00:00 UTC,1.0147067214478014,230771915.08831084,10709610.639311593
2023-04-16 00:00:00 UTC,1.0899833195093598,248432222.01663357,18953336.75446185
2023-04-17 00:00:00 UTC,1.0581301527424667,240733615.94117656,12877029.228496062
2023-04-18 00:00:00 UTC,1.031375619493555,234381787.4146701,12192830.445676776
2023-04-19 00:00:00 UTC,1.0691972247071402,243015544.77124217,10429807.137487806
2023-04-20 00:00:00 UTC,0.9687124388752989,221036896.23262393,13984664.58230832
2023-04-21 00:00:00 UTC,0.9452027686623722,215053696.12423965,9454769.490124162
2023-04-22 00:00:00 UTC,0.9243663742672672,210642134.74688143,8503732.614686213
2023-04-23 00:00:00 UTC,0.9529504246432797,217247037.71394393,5856126.036985232
2023-04-24 00:00:00 UTC,0.9305824906765785,211838686.72256398,5601017.089392336
2023-04-25 00:00:00 UTC,0.9217403236823799,210123685.11327037,5256445.998358199
2023-04-26 00:00:00 UTC,0.9401571095278988,214087808.28623813,5568831.876242908
2023-04-27 00:00:00 UTC,0.9212494913454932,210636921.88975167,8972053.388088048
2023-04-28 00:00:00 UTC,0.9362180687019217,213319949.94475156,6873064.960561283
2023-04-29 00:00:00 UTC,0.918511436209121,209429755.65037435,5570806.092337664
2023-04-30 00:00:00 UTC,0.9174493583346137,209674765.0644615,4724898.680332016
2023-05-01 00:00:00 UTC,0.9137422200585827,208820665.4775077,3671364.5691152713
2023-05-02 00:00:00 UTC,0.9049491900345696,208441225.77951208,5698478.2095466675
2023-05-03 00:00:00 UTC,0.9121904507124273,210166164.32300666,5598578.7013669815
2023-05-04 00:00:00 UTC,0.9153383829022353,210956613.65762752,5417526.415531791
2023-05-05 00:00:00 UTC,0.8988460798958513,207384030.59946004,4923908.689757561
2023-05-06 00:00:00 UTC,0.8997280524251392,207608114.3460775,5465611.49908426
2023-05-07 00:00:00 UTC,0.860629273348691,198256888.0436441,6712240.513909542
2023-05-08 00:00:00 UTC,0.8672747874922941,200680888.9123172,3546398.604271156
2023-05-09 00:00:00 UTC,0.8156294337828179,188180342.29543424,7274784.925847428
2023-05-10 00:00:00 UTC,0.8231782739114109,189976751.26395512,3867019.8640841227
2023-05-11 00:00:00 UTC,0.8303958901534547,191551501.12363923,5097447.791050527
2023-05-12 00:00:00 UTC,0.7910575847272094,182916431.7352977,6443715.019241273
2023-05-13 00:00:00 UTC,0.8087198442221162,186887676.70793352,5529393.231838706
2023-05-14 00:00:00 UTC,0.7836237553404372,181995181.67323658,2846604.776843171
2023-05-15 00:00:00 UTC,0.7935500644389578,183537653.13525674,3515042.6821310176
2023-05-16 00:00:00 UTC,0.8012088263801631,185070249.44994232,4483580.312374938
2023-05-17 00:00:00 UTC,0.7925084528239931,183547253.50333157,2777525.2454434857
2023-05-18 00:00:00 UTC,0.8006157031976964,185395728.7165036,2890913.4329261105
2023-05-19 00:00:00 UTC,0.7767219940784735,179890620.40492752,2758532.396131596
2023-05-20 00:00:00 UTC,0.7817610122576878,181213635.578643,2784543.2244269853
2023-05-21 00:00:00 UTC,0.7835186655153094,181592315.21990448,1972007.807811749
2023-05-22 00:00:00 UTC,0.7775670249858931,180190023.1876112,2624948.004845914
2023-05-23 00:00:00 UTC,0.7852683386195177,181982258.76336488,2531014.6603957727
2023-05-24 00:00:00 UTC,0.8053391672409461,186643076.34632125,3239939.075685835
2023-05-25 00:00:00 UTC,0.751169322988335,174186008.98450303,4434573.340945725
2023-05-26 00:00:00 UTC,0.7444450788334358,172475448.8661055,3345405.2267804868
2023-05-27 00:00:00 UTC,0.7455476539842769,172913722.14840046,4392955.272746148
2023-05-28 00:00:00 UTC,0.7463796631693401,173331443.57978803,3286162.8427446494
2023-05-29 00:00:00 UTC,0.7755782338695344,180130744.94368786,3620985.6316402233
2023-05-30 00:00:00 UTC,0.7561390232511427,175684822.66806003,3494077.180214172
2023-05-31 00:00:00 UTC,0.778458621624017,180881745.51275262,6432020.761640419
2023-06-01 00:00:00 UTC,0.7448534664423627,172953229.55307633,4947228.812176196
2023-06-02 00:00:00 UTC,0.7300102703550791,171023842.05382222,3069323.0612536054
2023-06-03 00:00:00 UTC,0.7485230439638849,175438562.4657053,2778392.8762402954
2023-06-04 00:00:00 UTC,0.7440566255225218,173882921.57540786,2315867.704838195
2023-06-05 00:00:00 UTC,0.7470945567583691,175196222.47084993,2610999.1627953732
2023-06-06 00:00:00 UTC,0.6609092998958002,154831582.15720338,10781811.630115865
2023-06-07 00:00:00 UTC,0.6806956645245646,159491933.2635965,5001209.366899104
2023-06-08 00:00:00 UTC,0.6129746394535628,143685958.5547914,5305495.338216074
2023-06-09 00:00:00 UTC,0.6197534301266163,145423611.20801064,4138671.9592572534
2023-06-10 00:00:00 UTC,0.6040439557297023,141839480.0552473,3394361.1917890497
2023-06-11 00:00:00 UTC,0.5571531615234535,130855178.06188606,8257643.995297339
2023-06-12 00:00:00 UTC,0.5583027943673531,131100320.97949448,2780584.6511981543
2023-06-13 00:00:00 UTC,0.5499505608659703,129150849.29165618,2553167.9436337394
2023-06-14 00:00:00 UTC,0.5526698304195721,129801573.33355853,2773849.2729238886
2023-06-15 00:00:00 UTC,0.5203090752810763,122270867.18692659,3904506.5290408162
2023-06-16 00:00:00 UTC,0.5201319137345174,122002184.40970615,3547503.5786677836
2023-06-17 00:00:00 UTC,0.5303839873649108,124838965.47719893,2056136.7559892337
2023-06-18 00:00:00 UTC,0.5367972309883015,126356181.90831716,2301517.655020217
2023-06-19 00:00:00 UTC,0.5260524985587217,123941520.1901701,2038103.259231057
2023-06-20 00:00:00 UTC,0.5360637206008567,125993357.40246932,1361633.7841207741
2023-06-21 00:00:00 UTC,0.5666298081100575,132757923.44080201,2541909.8793576118
2023-06-22 00:00:00 UTC,0.6598384169592983,155233481.4222414,15681771.035779756
2023-06-23 00:00:00 UTC,0.6184657823168423,145724032.3305443,3470291.861176341
2023-06-24 00:00:00 UTC,0.6583047495053082,155009959.85244653,4335988.9429017855
2023-06-25 00:00:00 UTC,0.6414763131363076,151299473.01515558,2239473.9378549596
2023-06-26 00:00:00 UTC,0.6526949017677661,153922630.29363585,1999873.6652902423
2023-06-27 00:00:00 UTC,0.6224222864549852,146657924.4798236,2004301.4285450312
2023-06-28 00:00:00 UTC,0.6222791492932207,146637978.73735303,2776592.176100071
2023-06-29 00:00:00 UTC,0.5712217991836309,134718121.19143906,2554574.7272675848
2023-06-30 00:00:00 UTC,0.5715024790357012,134804924.08807182,2157917.847526925
2023-07-01 00:00:00 UTC,0.6008017342986118,141284722.39604303,4804164.3254084755
2023-07-02 00:00:00 UTC,0.6081701270658735,144263136.5845443,2790522.9132056427
2023-07-03 00:00:00 UTC,0.5987968771001456,142329811.42167312,1634434.4170623776
2023-07-04 00:00:00 UTC,0.6339342480565151,151000688.37522405,3209231.1010700646
2023-07-05 00:00:00 UTC,0.6169467617104251,147490083.03210875,2271786.301170955
2023-07-06 00:00:00 UTC,0.6013966229203755,143388744.97161785,2396019.7746061953
2023-07-07 00:00:00 UTC,0.6021480853611475,143657262.9136328,2734178.9888648707
2023-07-08 00:00:00 UTC,0.6276200857494394,150813705.46742633,4094567.5105686816
2023-07-09 00:00:00 UTC,0.61139081637835,145674764.28610075,1892736.6941345485
2023-07-10 00:00:00 UTC,0.5977571405124805,142540715.79301965,1287647.8223441832
2023-07-11 00:00:00 UTC,0.5946373286868494,141791547.36477453,1891712.7021743031
2023-07-12 00:00:00 UTC,0.5893171764392168,140692191.9550765,1942889.1829321177
2023-07-13 00:00:00 UTC,0.5906481120544104,141033046.67206565,1680693.865310477
2023-07-14 00:00:00 UTC,0.6198124211489475,147937218.23461276,3539418.1765056
2023-07-15 00:00:00 UTC,0.6254841482239868,148152518.8069168,4456532.961714138
2023-07-16 00:00:00 UTC,0.6538310364438605,156122760.13211954,8191944.403800488
2023-07-17 00:00:00 UTC,0.6241348922478431,148929100.29877385,4690435.458809786
2023-07-18 00:00:00 UTC,0.6265972241324511,149626273.20260957,3083623.7802049452
2023-07-19 00:00:00 UTC,0.6022244687160012,143815201.85666066,2252694.2823148947
2023-07-20 00:00:00 UTC,0.598447675476516,143003717.47088054,2085681.5047103062
2023-07-21 00:00:00 UTC,0.6004244248302683,144089503.46133956,2291039.379986114
2023-07-22 00:00:00 UTC,0.6021151960058335,144097379.30551654,1523310.90248606
2023-07-23 00:00:00 UTC,0.5891060914765412,140843754.9774705,1259262.271329056
2023-07-24 00:00:00 UTC,0.5950304970604617,142596146.9392721,1403778.4670200308
2023-07-25 00:00:00 UTC,0.5630926931741522,134596893.24873224,2651955.8376880754
2023-07-26 00:00:00 UTC,0.5717191425246897,136562517.57470578,1510181.7158742961
2023-07-27 00:00:00 UTC,0.573105959270903,137316513.77559507,1438104.4856772386
2023-07-28 00:00:00 UTC,0.568487227122658,136207368.0373358,1394801.0262608647
2023-07-29 00:00:00 UTC,0.5718469670008912,137180935.01880783,2155207.716784995
2023-07-30 00:00:00 UTC,0.5756371924240067,138035076.96794343,1401419.1132939665
2023-07-31 00:00:00 UTC,0.5630409380267875,135020068.25527114,1246057.521931821
2023-08-01 00:00:00 UTC,0.5538938561191642,132870214.50980657,1207130.766577774
2023-08-02 00:00:00 UTC,0.5529659113383703,133587072.19316153,1719897.5531849915
2023-08-03 00:00:00 UTC,0.5210359104086746,126206987.03476301,3336363.422818088
2023-08-04 00:00:00 UTC,0.5205046434897007,126326188.3050631,2039939.7492304707
2023-08-05 00:00:00 UTC,0.5156555959507532,124674111.83121972,1942955.2497717228
2023-08-06 00:00:00 UTC,0.5188118893975496,125663316.30101183,1318086.0532545033
2023-08-07 00:00:00 UTC,0.5243087781952028,126854926.44351119,1961625.8850556577
2023-08-08 00:00:00 UTC,0.5227503053909773,126488763.64694752,2395580.3745478126
2023-08-09 00:00:00 UTC,0.5277469113949178,127829262.993312,2203163.826094224
2023-08-10 00:00:00 UTC,0.5250984868916025,127007944.95855305,2236138.494861127
2023-08-11 00:00:00 UTC,0.5244762439237283,127195334.71618988,1746730.597163144
2023-08-12 00:00:00 UTC,0.5255460093519708,127346206.77167425,1157077.7848109012
2023-08-13 00:00:00 UTC,0.5344811766297783,129676320.0661035,2046445.2655017846
2023-08-14 00:00:00 UTC,0.5298847265882884,128786834.03470542,1696195.0045501254
2023-08-15 00:00:00 UTC,0.5277383369184742,128140095.56099038,2086047.8352158929
2023-08-16 00:00:00 UTC,0.49912587366058814,121077563.079949,3079813.328756519
2023-08-17 00:00:00 UTC,0.4697267999077005,113966924.58943588,2507357.6527126594
2023-08-18 00:00:00 UTC,0.43505976819337694,105881613.62587361,4112038.57823947
2023-08-19 00:00:00 UTC,0.44876400759779705,108611108.6167488,3152056.1190865124
2023-08-20 00:00:00 UTC,0.4586975605379133,111511364.83954985,2356621.3322173283
2023-08-21 00:00:00 UTC,0.45275164509522103,109957047.89617454,1837487.1898590035
2023-08-22 00:00:00 UTC,0.4571590428244577,110965682.08696637,2683481.24076015
2023-08-23 00:00:00 UTC,0.44359888002465686,107853982.42904264,2500408.1270364365
2023-08-24 00:00:00 UTC,0.45621581973513375,110924625.5238311,2339001.600257017
2023-08-25 00:00:00 UTC,0.4498163950812612,109279199.37369287,1695793.8388167208
2023-08-26 00:00:00 UTC,0.5066065542980887,123428429.36716592,13511259.53885444
2023-08-27 00:00:00 UTC,0.5167458056856183,125709480.4391227,15576436.173468528
2023-08-28 00:00:00 UTC,0.502119554262439,122071377.98462246,5721524.039263533
2023-08-29 00:00:00 UTC,0.4731380562984639,115335780.06693055,3667668.0538640674
2023-08-30 00:00:00 UTC,0.4796896310856217,116312530.83291972,5383148.650359416
2023-08-31 00:00:00 UTC,0.48807817409660137,118893005.56231308,3535794.070552352
2023-09-01 00:00:00 UTC,0.4577379565046084,111536669.75675197,3399572.406711758
2023-09-02 00:00:00 UTC,0.449320466833654,110385702.8268684,2409523.566591968
2023-09-03 00:00:00 UTC,0.447493789605964,109977875.48470491,1879740.7757057778
2023-09-04 00:00:00 UTC,0.4470087409404529,109828572.59186271,2157628.1417866168
2023-09-05 00:00:00 UTC,0.47285461699134507,115793307.42328615,3711376.4931704523
2023-09-06 00:00:00 UTC,0.4907125682525528,120850952.02079903,10044861.44984303
2023-09-07 00:00:00 UTC,0.4754809116294419,116909071.0988018,2873874.3702520416
2023-09-08 00:00:00 UTC,0.5119765917655651,125626482.73590516,5537421.5323671345
2023-09-09 00:00:00 UTC,0.5314435550678231,130499891.35494335,6296504.027107715
2023-09-10 00:00:00 UTC,0.5467378673554114,134411294.9692934,8275597.713059929
2023-09-11 00:00:00 UTC,0.522896637801118,128666254.41778052,5744832.142980413
2023-09-12 00:00:00 UTC,0.48903496664347673,120238981.85525142,3881537.718637342
2023-09-13 00:00:00 UTC,0.5156711848601055,126792118.48455611,4224982.33772174
2023-09-14 00:00:00 UTC,0.5193656999410584,127965933.91044463,3155850.8328030296
2023-09-15 00:00:00 UTC,0.5014465994875534,123562831.28096716,2663194.655191018
2023-09-16 00:00:00 UTC,0.5106645707751328,125948202.23903823,2085724.0360964267
2023-09-17 00:00:00 UTC,0.51198708640237,126185090.55458754,1947819.1208856206
2023-09-18 00:00:00 UTC,0.5003257813578637,123275887.18968713,1810382.6373701398
2023-09-19 00:00:00 UTC,0.49146837880462413,121307590.82742487,8443802.71730917
2023-09-20 00:00:00 UTC,0.503270086884882,124158261.15418383,2305044.7817472275
2023-09-21 00:00:00 UTC,0.49251838066732834,121605723.14979495,2120927.163710654
2023-09-22 00:00:00 UTC,0.47738844629323185,117829438.73423332,2225758.793344855
2023-09-23 00:00:00 UTC,0.4782475724548963,118088508.70129861,1569388.5648292026
2023-09-24 00:00:00 UTC,0.47123266676145964,116441572.24286945,1627101.1935378115
2023-09-25 00:00:00 UTC,0.46269775741572716,114316922.36724491,1467624.6284849474
2023-09-26 00:00:00 UTC,0.4775539462616361,117846473.53846757,1494165.8463624741
2023-09-27 00:00:00 UTC,0.4706312624527077,116281442.7744336,1073142.195142084
2023-09-28 00:00:00 UTC,0.46978410273569327,116093267.7380122,1440699.926706478
2023-09-29 00:00:00 UTC,0.47200247866055683,116699355.73212545,1219439.777412759
2023-09-30 00:00:00 UTC,0.47003207682422077,116099244.70893565,1397748.5943888088
2023-10-01 00:00:00 UTC,0.4766798354064815,117782746.06271017,2014436.7952241506
2023-10-02 00:00:00 UTC,0.49207944087302113,122836198.46385251,1665106.9880487726
2023-10-03 00:00:00 UTC,0.476194468820751,118719233.70228928,1707438.40969735
2023-10-04 00:00:00 UTC,0.47131126304397414,117664511.32023373,1218852.5817633094
2023-10-05 00:00:00 UTC,0.4752819646224822,118564912.82841873,1996919.5336072578
2023-10-06 00:00:00 UTC,0.4582566652520101,114450570.58421925,1727604.9938794868
2023-10-07 00:00:00 UTC,0.45995611325213936,114737877.64770249,1032993.9211847109
2023-10-08 00:00:00 UTC,0.45314846231119643,113181311.5783096,947462.6748903374
2023-10-09 00:00:00 UTC,0.449470520070011,112229700.724342,1012638.3386007284
2023-10-10 00:00:00 UTC,0.4286695644471849,107089857.76141374,1252661.4524648115
2023-10-11 00:00:00 UTC,0.43628172575222973,108866646.80582455,923836.6744388393
2023-10-12 00:00:00 UTC,0.42965624287056553,107398875.47582048,1047364.5743755153
2023-10-13 00:00:00 UTC,0.4199719612140988,105038749.08421488,1017911.345283562
2023-10-14 00:00:00 UTC,0.42470000193296137,106221602.3072911,857659.1344850729
2023-10-15 00:00:00 UTC,0.4372484346657694,109681708.55624437,1505325.9164289345
2023-10-16 00:00:00 UTC,0.42900510385059315,107320066.14784881,1220976.1008172852
2023-10-17 00:00:00 UTC,0.4317667376227501,108398875.78702402,1671914.6151874925
2023-10-18 00:00:00 UTC,0.42267210316512815,105619436.29597609,1072037.7782252617
2023-10-19 00:00:00 UTC,0.4226721212452889,105730320.98696694,1289428.3901845247
2023-10-20 00:00:00 UTC,0.4179999103636657,104644760.8295293,1203788.292810314
2023-10-21 00:00:00 UTC,0.4392534009127608,110040887.23313029,2861504.0279492396
2023-10-22 00:00:00 UTC,0.4453511020225006,111616068.9887174,1961549.9690445177
2023-10-23 00:00:00 UTC,0.4405204002593834,109980876.26214904,1492039.0914684443
2023-10-24 00:00:00 UTC,0.46300988863792636,116192206.4653555,3145570.3054575375
2023-10-25 00:00:00 UTC,0.5099252454217393,127674498.44756858,11136714.85483627
2023-10-26 00:00:00 UTC,0.5018240695815458,125821383.9121548,3881884.549234869
2023-10-27 00:00:00 UTC,0.48764472845263507,122748056.2042482,4187075.6167995445
2023-10-28 00:00:00 UTC,0.49243589314287994,123579167.14411595,2795345.339501863
2023-10-29 00:00:00 UTC,0.5059422024249844,126962695.0877809,2740117.4237633166
2023-10-30 00:00:00 UTC,0.51292302907939,128669682.03952095,2376411.0135590276
2023-10-31 00:00:00 UTC,0.520497030502133,130604547.38598078,3511722.974764158
2023-11-01 00:00:00 UTC,0.5045754854842462,126625877.69870281,3042773.892559327
2023-11-02 00:00:00 UTC,0.534696407826529,135290489.96202713,4588174.360511749
2023-11-03 00:00:00 UTC,0.552245491215738,139908749.75570646,9659750.369106
2023-11-04 00:00:00 UTC,0.5324454876369256,134928608.99317944,4045165.688081438
2023-11-05 00:00:00 UTC,0.5442159273893092,138015719.09397498,3149523.9193789973
2023-11-06 00:00:00 UTC,0.5713454966170166,144640839.88215902,5028036.8389711315
2023-11-07 00:00:00 UTC,0.5822724905390517,147503792.70579818,4251077.477205312
2023-11-08 00:00:00 UTC,0.5721169474490739,144866843.01569283,5267154.9835930895
2023-11-09 00:00:00 UTC,0.591022763194518,150049600.953791,4551889.804511165
2023-11-10 00:00:00 UTC,0.5865005053689727,148740712.71492958,7926610.298459601
2023-11-11 00:00:00 UTC,0.6088623366932454,154596075.5248528,6463190.301988391
2023-11-12 00:00:00 UTC,0.6197774969342247,157290174.1735981,6380178.968598494
2023-11-13 00:00:00 UTC,0.6614672140300678,167894181.79503757,10294992.60317529
2023-11-14 00:00:00 UTC,0.6040275756724959,153519373.82133925,7858978.707512549
2023-11-15 00:00:00 UTC,0.5934921004966662,150747606.2843947,7146678.49788099
2023-11-16 00:00:00 UTC,0.6406860326993714,162343535.1269195,7271880.594255065
2023-11-17 00:00:00 UTC,0.6057457204814122,153892911.66033146,6022601.745600761
2023-11-18 00:00:00 UTC,0.5949629995491029,151464676.5516461,5933438.0817112215
2023-11-19 00:00:00 UTC,0.5768496636552389,146646933.1853244,3959994.968350226
2023-11-20 00:00:00 UTC,0.6218313931888668,158289080.2386542,4744301.075532789
2023-11-21 00:00:00 UTC,0.6016769381892764,153129647.37009302,4723864.934574868
2023-11-22 00:00:00 UTC,0.5550084301283119,141164343.2598067,6141746.097167198
2023-11-23 00:00:00 UTC,0.5955161532820084,151502271.5754402,3862671.9349631444
2023-11-24 00:00:00 UTC,0.5904297068881619,150284098.54826507,3081521.569262663
2023-11-25 00:00:00 UTC,0.6041004088272515,153523758.67965335,3275631.4512190446
2023-11-26 00:00:00 UTC,0.6447999874267937,164351961.12085104,5023125.60727372
2023-11-27 00:00:00 UTC,0.6105100709283368,155396981.35747823,4185622.0213352637
2023-11-28 00:00:00 UTC,0.6190020447520066,157509771.65403068,4450194.1192884585
2023-11-29 00:00:00 UTC,0.6162071673031498,157011031.60823593,4068234.8867437085
2023-11-30 00:00:00 UTC,0.5984863526183118,152637819.42002252,3430415.6345025734
2023-12-01 00:00:00 UTC,0.5989274656115613,152737314.91815376,2136182.2214054125
2023-12-02 00:00:00 UTC,0.6021661985472506,153403772.90820917,2992853.468721707
2023-12-03 00:00:00 UTC,0.6115188907515703,156030850.50855488,3098381.309348386
2023-12-04 00:00:00 UTC,0.6047263411717217,154333339.07898128,2877983.0633770633
2023-12-05 00:00:00 UTC,0.6551707045775144,167024521.36088207,10168596.595417144
2023-12-06 00:00:00 UTC,0.7468463179545329,190558186.2980373,21398291.647251897
2023-12-07 00:00:00 UTC,0.7055450908302607,180532119.93423182,8111520.6533045415
2023-12-08 00:00:00 UTC,0.6951087474821508,177828393.95633632,5410433.6953942515
2023-12-09 00:00:00 UTC,0.7181092498241844,183157202.50409827,5158684.110099575
2023-12-10 00:00:00 UTC,0.7200933802412931,183742485.74373567,6497302.487484334
2023-12-11 00:00:00 UTC,0.7280610186837778,185831016.72123367,5368575.578782859
2023-12-12 00:00:00 UTC,0.6708375317137945,171403034.12180617,7168318.229021488
2023-12-13 00:00:00 UTC,0.7121185855850504,182099673.70188093,8654783.720703706
2023-12-14 00:00:00 UTC,0.7342958471488935,186712374.30177444,5702119.617205616
2023-12-15 00:00:00 UTC,0.7046834226166223,180322375.28427395,5451246.725237283
2023-12-16 00:00:00 UTC,0.668325455870364,171121118.2977982,5148554.508605433
2023-12-17 00:00:00 UTC,0.7968654039673878,203729366.98996282,24474413.816430297
2023-12-18 00:00:00 UTC,0.7226892449537774,184727246.63384223,11491763.702810893
2023-12-19 00:00:00 UTC,0.7204611998472725,184114506.7140329,8076657.506585754
2023-12-20 00:00:00 UTC,0.7038411513894615,180019902.5079895,7314698.700260342
2023-12-21 00:00:00 UTC,0.7292790390743483,186569653.71921423,6803363.79685433
2023-12-22 00:00:00 UTC,0.7929342225988889,202786906.40276656,10645946.364257146
2023-12-23 00:00:00 UTC,0.8192469802351152,209954603.18492675,10453944.322881686
2023-12-24 00:00:00 UTC,0.842265288061965,215594044.6093828,6886749.267867701
2023-12-25 00:00:00 UTC,1.1879064513874986,304514407.6495696,105537334.05912405
2023-12-26 00:00:00 UTC,1.387518924896972,356367351.271701,139472267.74368504
2023-12-27 00:00:00 UTC,1.2973545361319299,333836707.1075444,44798482.37423957
2023-12-28 00:00:00 UTC,1.4280823367221662,366440643.3683346,46996530.43970147
2023-12-29 00:00:00 UTC,1.1936574101751698,307700439.8671655,28452045.621751778
2023-12-30 00:00:00 UTC,1.2614896855322804,323520821.4599655,28827420.091792107
2023-12-31 00:00:00 UTC,1.2229679064607,313920061.07497925,19146751.3700849
2024-01-01 00:00:00 UTC,1.3309086187680632,338197645.7285908,46601977.183964096
2024-01-02 00:00:00 UTC,1.4077147522976143,363226895.3889891,22777826.246970534
2024-01-03 00:00:00 UTC,1.3852929410843826,359392638.5131633,37482902.70517238
2024-01-04 00:00:00 UTC,1.267794864748497,328107330.6955361,37390716.302143514
2024-01-05 00:00:00 UTC,1.2418451282298992,322090545.84018964,16059180.462255772
2024-01-06 00:00:00 UTC,1.1499447084832826,297727361.9774494,20248124.549416073
2024-01-07 00:00:00 UTC,1.0708377412393628,277342530.66745645,14392748.20702425
2024-01-08 00:00:00 UTC,1.0017854621397637,257986698.37532026,10296872.280255461
2024-01-09 00:00:00 UTC,1.1616648509692038,299574463.4747246,20950557.621464964
2024-01-10 00:00:00 UTC,1.0771934505477505,278385244.38635814,17509183.292279463
2024-01-11 00:00:00 UTC,1.2240793622344217,317965786.2188778,27956502.655019805
2024-01-12 00:00:00 UTC,1.2472529164995685,323415263.1553773,22453016.43926845
2024-01-13 00:00:00 UTC,1.1663994383860037,302051383.2473851,21467156.90385585
2024-01-14 00:00:00 UTC,1.2561076644501437,326260511.495591,17458173.06595971
2024-01-15 00:00:00 UTC,1.2498307135950593,326068950.5832539,24635908.320719127
2024-01-16 00:00:00 UTC,1.2848254055617156,333527391.54616785,14167761.073156973
2024-01-17 00:00:00 UTC,1.2396959612349685,321848200.6290979,13207488.364110542
2024-01-18 00:00:00 UTC,1.1769622637533588,305528351.5517695,10881418.844162762
2024-01-19 00:00:00 UTC,1.0914608912806718,284110088.2393586,11591507.906577494
2024-01-20 00:00:00 UTC,1.1100038662392695,289068844.36338735,12820340.155032597
2024-01-21 00:00:00 UTC,1.1217644740508181,292204583.99046063,10686218.829100067
2024-01-22 00:00:00 UTC,1.10491273505359,287832433.3404713,7531619.521336777
2024-01-23 00:00:00 UTC,1.0078194251118935,261658749.09609187,9972889.57384852
2024-01-24 00:00:00 UTC,1.0006353074969907,259770601.856176,13092945.617188025
2024-01-25 00:00:00 UTC,1.0224063083909039,266162751.41180983,11888272.79817278
2024-01-26 00:00:00 UTC,0.9791837269282906,254591469.16358387,6942019.479538463
2024-01-27 00:00:00 UTC,1.0197956671722215,265742094.08444387,14897724.890607778
2024-01-28 00:00:00 UTC,1.0368574628218432,271339864.77772444,7202499.77326325
2024-01-29 00:00:00 UTC,0.9873019185018107,256616012.7130555,6142117.550618912
2024-01-30 00:00:00 UTC,1.0352724913285625,269915073.42920804,10237579.624690438
2024-01-31 00:00:00 UTC,1.0000375149613716,259502185.13673052,6393661.821671892
2024-02-01 00:00:00 UTC,0.9610833785492668,250292075.8685288,5789969.738846098
2024-02-02 00:00:00 UTC,0.9782063940821006,256989671.3359101,4267058.22115685
2024-02-03 00:00:00 UTC,0.9970448010696747,262044829.67611465,5356441.958683113
2024-02-04 00:00:00 UTC,0.9825392221638101,257718436.03109798,2978203.4794794237
2024-02-05 00:00:00 UTC,0.9609065199190973,252074363.39733073,3672206.093946424
2024-02-06 00:00:00 UTC,0.9569466130695647,250977603.63053948,4437323.927826531
2024-02-07 00:00:00 UTC,1.0006764530901635,263057977.73918733,4838057.008689042
2024-02-08 00:00:00 UTC,1.0189025574900186,268176220.9954808,5878706.734365937
2024-02-09 00:00:00 UTC,1.0101707962865631,266041736.47219273,4933852.694809372
2024-02-10 00:00:00 UTC,1.118417550465745,294254161.7852843,16887938.112095837
2024-02-11 00:00:00 UTC,1.0916576953662895,287215613.44846326,7777896.572772785
2024-02-12 00:00:00 UTC,1.0635464768007188,279462630.61985207,5186064.047884979
2024-02-13 00:00:00 UTC,1.1349344365732388,298974640.1597233,9552520.838265093
2024-02-14 00:00:00 UTC,1.0880558891904708,286186696.20199317,9444184.65835543
2024-02-15 00:00:00 UTC,1.120252873050466,295011122.0622416,11059989.590119157
2024-02-16 00:00:00 UTC,1.1582490904533083,305266858.8863608,15431526.999201125
2024-02-17 00:00:00 UTC,1.1564205206923457,304549522.06756747,10633852.547090212
2024-02-18 00:00:00 UTC,1.1098670943309963,292694192.2591945,6924932.007002668
2024-02-19 00:00:00 UTC,1.1536181138343955,304233502.54638714,8774226.582002034
2024-02-20 00:00:00 UTC,1.1510750398795255,303626916.37976366,9221145.810204886
2024-02-21 00:00:00 UTC,1.113179500611087,294462522.38999546,11266647.80728755
2024-02-22 00:00:00 UTC,1.0745258613675939,283467729.86193603,8484270.23766287
2024-02-23 00:00:00 UTC,1.104614651584322,291128531.60470116,10702570.32332654
2024-02-24 00:00:00 UTC,1.0559265047175301,278695898.3172979,10063177.068042193
2024-02-25 00:00:00 UTC,1.1000930593762783,290580740.32668245,8823060.408652177
2024-02-26 00:00:00 UTC,1.260849427447723,335360123.2949051,21808153.30830318
2024-02-27 00:00:00 UTC,1.286132587026879,339730809.39314413,21740141.82998913
2024-02-28 00:00:00 UTC,1.2612479686544322,332933228.8772395,16643833.802882256
2024-02-29 00:00:00 UTC,1.30889653232532,345289879.8828499,25876665.139961705
2024-03-01 00:00:00 UTC,1.2816289322511918,340286869.0673791,18573357.561619565
2024-03-02 00:00:00 UTC,1.3321477026205717,354726168.4975242,17038591.738601964
2024-03-03 00:00:00 UTC,1.4695318861624946,390151419.6692712,22177638.49010483
2024-03-04 00:00:00 UTC,1.5552027960545334,411609117.63368624,19000158.966309037
2024-03-05 00:00:00 UTC,1.6740795155767667,445142010.7612861,81315655.63328308
2024-03-06 00:00:00 UTC,1.62828998283144,434003286.6796472,54133554.48775283
2024-03-07 00:00:00 UTC,1.7052428118859801,453015718.7763383,36913999.92890302
2024-03-08 00:00:00 UTC,1.7212234238992032,459653329.1467802,22606052.44257326
2024-03-09 00:00:00 UTC,1.6625338553631657,443883310.2165896,16894111.264144342
2024-03-10 00:00:00 UTC,1.791203246648313,477602323.40318084,22614889.832069304
2024-03-11 00:00:00 UTC,1.67386425535,446030772.359718,21005222.10116628
2024-03-12 00:00:00 UTC,1.6993231133650561,453661295.1383554,21181925.369854502
2024-03-13 00:00:00 UTC,1.665828297345172,444708254.42840827,23322028.70200532
2024-03-14 00:00:00 UTC,1.8746259636079559,497357646.6922306,44262341.22074794
2024-03-15 00:00:00 UTC,1.8221149313181828,485932735.4352169,29026333.51277385
2024-03-16 00:00:00 UTC,1.6964323656037334,452452942.4891533,37452011.816222996
2024-03-17 00:00:00 UTC,1.579937803253058,421451321.7680171,28975245.489032626
2024-03-18 00:00:00 UTC,1.7262361110441453,458529461.1891384,22467672.585141484
2024-03-19 00:00:00 UTC,1.5841457847858111,422614869.0801383,21945799.439016115
2024-03-20 00:00:00 UTC,1.3967517775348972,375252632.0923505,30804749.573686313
2024-03-21 00:00:00 UTC,1.5457319141739674,414104806.39086133,23404472.33937244
2024-03-22 00:00:00 UTC,1.4627029984930808,391120848.96688384,20300964.43163641
2024-03-23 00:00:00 UTC,1.3894803386792687,371007708.97993255,12590137.008635025
2024-03-24 00:00:00 UTC,1.3996320083980103,374768657.68524075,9771347.823702268
2024-03-25 00:00:00 UTC,1.4903856033797513,399181983.5360001,16175105.320783397
2024-03-26 00:00:00 UTC,1.5581126778789347,415650482.05337995,21309582.703899622
2024-03-27 00:00:00 UTC,1.5218707677062193,406495264.7024924,22082555.344867304
2024-03-28 00:00:00 UTC,1.4648007826668916,389978338.36969095,19605130.440639574
2024-03-29 00:00:00 UTC,1.4667491222624112,393346850.31055075,17175080.149893165
2024-03-30 00:00:00 UTC,1.4190236616724423,380070615.682178,16092692.029556464
2024-03-31 00:00:00 UTC,1.4016384891580016,374884934.7283384,12862360.408064835
2024-04-01 00:00:00 UTC,1.4575977612791526,390408513.3302585,15105785.484778624
2024-04-02 00:00:00 UTC,1.4083307802498815,380569426.8230389,22380823.03786488
2024-04-03 00:00:00 UTC,1.309815295319827,354168802.22091687,19738720.467086725
2024-04-04 00:00:00 UTC,1.2717924622421286,343713444.0727917,11141598.415480666
2024-04-05 00:00:00 UTC,1.2792405425446958,345654928.11814284,10612498.049228039
2024-04-06 00:00:00 UTC,1.200285696613464,324248040.1653374,12007646.176565634
2024-04-07 00:00:00 UTC,1.2417624222449835,335580440.6859924,9055587.292788278
2024-04-08 00:00:00 UTC,1.3087787106640383,353263221.4470564,11935244.22846118
2024-04-09 00:00:00 UTC,1.3334032152065327,360340943.90759057,11144155.60575622
2024-04-10 00:00:00 UTC,1.2442316284614627,337011734.3188797,10924984.158128103
2024-04-11 00:00:00 UTC,1.23040667986137,332539932.6725249,9415992.237621227
2024-04-12 00:00:00 UTC,1.2120093462170098,327464752.3583721,7410056.695305146
2024-04-13 00:00:00 UTC,1.0169777527887627,274569079.1354527,21900690.478901863
2024-04-14 00:00:00 UTC,0.9190259354314,249510633.44700333,27270165.792851172
2024-04-15 00:00:00 UTC,0.952821857452857,258854065.89830714,16289979.090547783
2024-04-16 00:00:00 UTC,0.8780774173651449,236303019.32523713,17571959.966183834
2024-04-17 00:00:00 UTC,0.9041444626564229,245242898.5307457,13527150.063870156
2024-04-18 00:00:00 UTC,0.8596786295973287,232925768.857125,14785958.64526031
2024-04-19 00:00:00 UTC,0.8891482719984173,241076301.05605572,8464725.658996206
2024-04-20 00:00:00 UTC,0.8741525296731607,237233731.4963955,9329580.197513042
2024-04-21 00:00:00 UTC,0.9623664543589692,260268995.26126614,6402617.530348281
2024-04-22 00:00:00 UTC,0.9179004988892544,248841859.3448492,7974420.304559846
2024-04-23 00:00:00 UTC,0.9599661170549023,259997036.5156352,7933048.951798985
2024-04-24 00:00:00 UTC,0.961447023092855,260649343.97250086,5707283.735235199
2024-04-25 00:00:00 UTC,0.9143693820289401,247654585.42896214,7207425.101888468
2024-04-26 00:00:00 UTC,0.9261370606378616,251822307.58753246,4587613.5858443715
2024-04-27 00:00:00 UTC,0.8899840632023538,241440841.32141295,3629226.19961019
2024-04-28 00:00:00 UTC,0.9248341476422209,250842550.70894477,3768857.2693327605
2024-04-29 00:00:00 UTC,0.8977161693644268,242855211.15495336,3282114.4190252237
2024-04-30 00:00:00 UTC,0.8966738264628614,243360410.81464908,3581773.1097754394
2024-05-01 00:00:00 UTC,0.8404974957683236,226803917.65539292,6033892.434581021
2024-05-02 00:00:00 UTC,0.8457740325191089,232385277.06309557,5924575.449866954
2024-05-03 00:00:00 UTC,0.870589723170679,238978549.08450082,3107640.6885522157
2024-05-04 00:00:00 UTC,0.9221156733741751,253187296.67250726,4153094.825317046
2024-05-05 00:00:00 UTC,0.9038915605018496,247397665.32992375,3404586.556628858
2024-05-06 00:00:00 UTC,0.9150613230692367,250729168.20492604,3464136.772779097
2024-05-07 00:00:00 UTC,0.8632013385298962,236462134.30860454,5619240.425580366
2024-05-08 00:00:00 UTC,0.8305507065589194,227654814.35579786,4304760.053876329
2024-05-09 00:00:00 UTC,0.8137094038702246,222188921.62912288,4264933.238821107
2024-05-10 00:00:00 UTC,0.8306885631632815,227516569.06941763,4201203.30089065
2024-05-11 00:00:00 UTC,0.8045345150034328,220879647.44301656,5326893.476164349
2024-05-12 00:00:00 UTC,0.7979305970280104,218783063.35959452,1960368.3895794451
2024-05-13 00:00:00 UTC,0.7883451717616489,216095940.25483114,2149620.849481185
2024-05-14 00:00:00 UTC,0.7870500536199923,215909534.91902968,4526602.288093708
2024-05-15 00:00:00 UTC,0.7735544987385178,212188692.87373114,3094952.6092753354
2024-05-16 00:00:00 UTC,0.8292977244171297,228652234.83895126,5025548.819814766
2024-05-17 00:00:00 UTC,0.7984349303803541,219170579.976037,3802135.9789635995
2024-05-18 00:00:00 UTC,0.8180305779246285,224536092.2753174,4194979.134879728
2024-05-19 00:00:00 UTC,0.8238552284327089,226071425.1961784,2123841.0749485004
2024-05-20 00:00:00 UTC,0.7829128214008045,214924372.67406723,2473409.7325850734
2024-05-21 00:00:00 UTC,0.8457147499009708,232524838.19358864,4778679.77079674
2024-05-22 00:00:00 UTC,0.8623345990285443,237208946.2024788,6331375.7768815905
2024-05-23 00:00:00 UTC,0.8609396570130866,236489984.39433035,10434747.785318438
2024-05-24 00:00:00 UTC,0.8520787302027413,234082580.40008283,8980126.90484643
2024-05-25 00:00:00 UTC,0.8324719465602646,228691459.1630346,6172033.527767111
2024-05-26 00:00:00 UTC,0.8394567614717281,230244441.51239198,3910513.749306084
2024-05-27 00:00:00 UTC,0.8241090150446201,226721622.9452288,3417552.3436398143
2024-05-28 00:00:00 UTC,0.851285603580998,234367950.3522313,7602000.505355261
2024-05-29 00:00:00 UTC,0.8297144642442031,228495973.94116464,7535538.808746651
2024-05-30 00:00:00 UTC,0.8289679359764064,228199347.85109022,6843125.792985278
2024-05-31 00:00:00 UTC,0.8290303432393812,227717645.2774841,6262826.334773485
2024-06-01 00:00:00 UTC,0.8153576436804142,224868110.7782282,3866294.2181525216
2024-06-02 00:00:00 UTC,0.8152465285726171,226107585.6385532,3256614.914446771
2024-06-03 00:00:00 UTC,0.8108637916636415,224968332.69776988,5259699.966703547
2024-06-04 00:00:00 UTC,0.8211940959868927,227379191.74176648,5805979.687549955
2024-06-05 00:00:00 UTC,0.8365355931184286,232618207.28066775,4977815.885203346
2024-06-06 00:00:00 UTC,0.8598866789149225,239884572.9862823,7107220.302605939
2024-06-07 00:00:00 UTC,0.8312112314799582,230718742.82617196,4690270.667934243
2024-06-08 00:00:00 UTC,0.7901511089355233,219294828.82222795,9093016.39337916
2024-06-09 00:00:00 UTC,0.75220725990411,208822590.58929184,6559130.04537879
2024-06-10 00:00:00 UTC,0.7588414033055175,210879106.4479652,3801241.7221018914
2024-06-11 00:00:00 UTC,0.7296467436601353,202507432.57225776,6103070.500608905
2024-06-12 00:00:00 UTC,0.6735287569568258,187260268.24788272,9718477.782380098
2024-06-13 00:00:00 UTC,0.7032421867426285,195368648.61730352,7555327.551593698
2024-06-14 00:00:00 UTC,0.664599664939864,185138863.33178335,4951704.76049782
2024-06-15 00:00:00 UTC,0.6476393902067156,179899436.65230727,9020164.707195606
2024-06-16 00:00:00 UTC,0.6442520405462924,179211605.9198007,3670395.2544151987
2024-06-17 00:00:00 UTC,0.6469627876464563,179893149.13444963,4047199.26063796
2024-06-18 00:00:00 UTC,0.604624310987422,167518327.6255739,8495289.825614953
2024-06-19 00:00:00 UTC,0.5808644014476116,160764063.1407516,11085941.673394514
2024-06-20 00:00:00 UTC,0.5925963812891716,164415648.72407487,7136079.288827699
2024-06-21 00:00:00 UTC,0.5951934576842643,165940423.31654644,7497624.898479655
2024-06-22 00:00:00 UTC,0.5815829480011696,161988264.2942676,5779362.825306685
2024-06-23 00:00:00 UTC,0.5756292545375619,160161376.51827446,3937250.429782507
2024-06-24 00:00:00 UTC,0.56439497708415,157156913.9543047,4650079.9182869
2024-06-25 00:00:00 UTC,0.575781090339996,160544154.18301007,6785136.825838494
2024-06-26 00:00:00 UTC,0.5868809628915335,163660925.4144317,3020055.9483403717
2024-06-27 00:00:00 UTC,0.5583101749740307,155750716.33430508,3618316.0014887694
2024-06-28 00:00:00 UTC,0.5696504761992469,158888862.05137104,3761083.002548156
2024-06-29 00:00:00 UTC,0.5623691176135444,156686754.88425404,3748435.5547094555
2024-06-30 00:00:00 UTC,0.5653807221340019,157935316.82021973,5373396.303349174
2024-07-01 00:00:00 UTC,0.585580639801338,163076258.26121134,3916812.8766979123
2024-07-02 00:00:00 UTC,0.5990365749903451,168649584.22906423,5944866.657673599
2024-07-03 00:00:00 UTC,0.5825627908943242,163675986.2130533,3432214.6202103146
2024-07-04 00:00:00 UTC,0.5439491520673323,152730229.35158843,4544138.777603095
2024-07-05 00:00:00 UTC,0.4699512569764751,132324083.66808783,8569651.584478399
2024-07-06 00:00:00 UTC,0.4732438010067813,133038757.72096387,13419047.567917032
2024-07-07 00:00:00 UTC,0.5096262760012168,143274614.60881707,3636041.8075018283
2024-07-08 00:00:00 UTC,0.47952853787247113,134907566.7809578,4102146.7481595473
2024-07-09 00:00:00 UTC,0.5004038207310554,140843807.65501666,5097324.926730008
2024-07-10 00:00:00 UTC,0.5074544440392627,142888583.195568,4975060.502911278
2024-07-11 00:00:00 UTC,0.512497756322771,144652666.27552012,2865665.5703633083
2024-07-12 00:00:00 UTC,0.5154016243488533,145181653.32527712,3446810.709878977
2024-07-13 00:00:00 UTC,0.5318895868885439,149606153.04421654,3335378.761505919
2024-07-14 00:00:00 UTC,0.5227511429425021,147245648.7350225,2773433.580734583
2024-07-15 00:00:00 UTC,0.589945182381529,166673501.98884442,23865890.115675088
2024-07-16 00:00:00 UTC,0.626040935658995,176138119.6396626,6909263.724002733
2024-07-17 00:00:00 UTC,0.6099320155606116,171872185.4665049,5393947.298097698
2024-07-18 00:00:00 UTC,0.6081708948110599,171240281.5474336,5796934.486398601
2024-07-19 00:00:00 UTC,0.6003738894577891,169270538.5491138,5041980.274460677
2024-07-20 00:00:00 UTC,0.6173094287089554,174235513.77817005,8944856.632563123
2024-07-21 00:00:00 UTC,0.6566273609576853,185225771.51151735,35577529.1934971
2024-07-22 00:00:00 UTC,0.6674186486077222,188359156.73887885,18540793.405749056
2024-07-23 00:00:00 UTC,0.6216102307534185,175460904.919125,35011536.393671475
2024-07-24 00:00:00 UTC,0.5968979162217705,168123162.38601184,3890543.8132844744
2024-07-25 00:00:00 UTC,0.5812678429589708,164113878.11497858,2675334.4347637245
2024-07-26 00:00:00 UTC,0.57918339528775,163599575.12754145,4417309.374990762
2024-07-27 00:00:00 UTC,0.6098591709612186,172262242.41477352,3047412.50887614
2024-07-28 00:00:00 UTC,0.5984410955006397,169085151.28522623,2560457.363457333
2024-07-29 00:00:00 UTC,0.5797996914012254,163855419.41472575,2545486.798464178
2024-07-30 00:00:00 UTC,0.5820361214614582,164444718.843315,3240351.237430957
2024-07-31 00:00:00 UTC,0.5592740385054437,158117621.1767417,4188696.8350903126
2024-08-01 00:00:00 UTC,0.5216257789167705,147509423.37856558,7955823.982642309
2024-08-02 00:00:00 UTC,0.5176482098578182,147340839.3002429,13074344.533037012
2024-08-03 00:00:00 UTC,0.4715910242419343,134457893.76967382,9071958.153964197
2024-08-04 00:00:00 UTC,0.4526058127670712,128967398.9092042,6221547.321547692
2024-08-05 00:00:00 UTC,0.4355029564996524,124451326.42382641,6544844.280463691
2024-08-06 00:00:00 UTC,0.4190327872243106,119498789.40796621,21755695.112726204
2024-08-07 00:00:00 UTC,0.43562807170453344,124203169.0915948,6804841.0649652835
2024-08-08 00:00:00 UTC,0.4168313969914575,118883448.99267204,8174050.504470616
2024-08-09 00:00:00 UTC,0.46574583567127675,133027044.7780423,4514581.142133839
2024-08-10 00:00:00 UTC,0.46491962898076294,132364574.28761186,6016736.255553489
2024-08-11 00:00:00 UTC,0.47895681503287135,136694178.98774534,5120020.157754494
2024-08-12 00:00:00 UTC,0.4479725450359892,127760601.56793353,5020772.677619292
2024-08-13 00:00:00 UTC,0.4728825529432459,134928946.9645404,5975742.153567039
2024-08-14 00:00:00 UTC,0.4727843208748642,134737198.58220303,4632429.765934523
2024-08-15 00:00:00 UTC,0.4787360809430089,136812873.04531124,6579418.270117134
2024-08-16 00:00:00 UTC,0.44163104792390623,126065399.93048435,5876645.953199695
2024-08-17 00:00:00 UTC,0.4442993922125478,126925076.71686487,5560728.343539764
2024-08-18 00:00:00 UTC,0.44791110600534395,128001868.67554553,3125811.8325340794
2024-08-19 00:00:00 UTC,0.4598127903327603,131408614.85719632,5543692.282923282
2024-08-20 00:00:00 UTC,0.48661168287116263,139006313.8650055,12093594.541260527
2024-08-21 00:00:00 UTC,0.49619095494025056,141859734.17266056,18985231.20162324
2024-08-22 00:00:00 UTC,0.5177549704614655,148044188.5372899,7346599.978097221
2024-08-23 00:00:00 UTC,0.518676174067046,148415109.45600775,5089749.2456028685
2024-08-24 00:00:00 UTC,0.5512293091437953,157922381.18548125,9572670.92348507
2024-08-25 00:00:00 UTC,0.5423151908405125,155052564.2825384,6931252.592967823
2024-08-26 00:00:00 UTC,0.5987167621683189,171247672.2403273,10892603.033942642
2024-08-27 00:00:00 UTC,0.5541083572239939,158537099.45341483,19798656.07490958
2024-08-28 00:00:00 UTC,0.5353472763598255,153432443.94014126,12554471.987966565
2024-08-29 00:00:00 UTC,0.5174052645582312,148169348.27526438,6189565.458028926
2024-08-30 00:00:00 UTC,0.5307327135380834,152004083.97885063,6681149.7313699545
2024-08-31 00:00:00 UTC,0.5362820434965285,153624837.44264123,6109980.035324272
2024-09-01 00:00:00 UTC,0.5224414788909121,149687593.7755555,3410942.551781601
2024-09-02 00:00:00 UTC,0.5061961226871707,146073706.01432654,6019343.244457109
2024-09-03 00:00:00 UTC,0.5395670765059852,155761508.65817067,7321953.009184896
2024-09-04 00:00:00 UTC,0.509320890638106,147615077.82997406,10598309.19281504
2024-09-05 00:00:00 UTC,0.519201162432772,149934454.01656905,5935666.733913383
2024-09-06 00:00:00 UTC,0.5059061738065237,146297254.57381222,5392811.235775513
2024-09-07 00:00:00 UTC,0.4844605476813916,140004879.70611736,6161752.093136803
2024-09-08 00:00:00 UTC,0.48243884301489787,139329256.42379612,2976877.7297833017
2024-09-09 00:00:00 UTC,0.502963201147993,145777300.13987347,4615047.997471537
2024-09-10 00:00:00 UTC,0.5301697232201842,153217928.4104676,5547894.88640247
2024-09-11 00:00:00 UTC,0.5368873365291793,155131755.82937413,4494785.151931472
2024-09-12 00:00:00 UTC,0.5288056759476476,152817073.36175296,3996734.0491558486
2024-09-13 00:00:00 UTC,0.5316580102442654,153785213.50229627,3628628.198063258
2024-09-14 00:00:00 UTC,0.5382033289562751,155695166.75170565,3556849.792077793
2024-09-15 00:00:00 UTC,0.5363125501697191,155030654.06616598,3300738.0621460257
2024-09-16 00:00:00 UTC,0.5172959198568403,149700616.89676195,3110766.5285149543
2024-09-17 00:00:00 UTC,0.5048912218142455,146332871.70504773,5653128.971967434
2024-09-18 00:00:00 UTC,0.520026047360291,150531581.67871237,4918977.9714122005
2024-09-19 00:00:00 UTC,0.6832867325248502,198048201.38824683,98223375.11103399
2024-09-20 00:00:00 UTC,0.6447301364979184,186200228.43844926,79234193.66862077
2024-09-21 00:00:00 UTC,0.6186420042080344,179040203.40292215,30550392.545186162
2024-09-22 00:00:00 UTC,0.6550227135682789,190021413.20876196,22999770.182985876
2024-09-23 00:00:00 UTC,0.6286415584308233,181955100.5254031,30071643.964946944
2024-09-24 00:00:00 UTC,0.6416774161017859,185929304.75248906,17505335.856080282
2024-09-25 00:00:00 UTC,0.6464367982178783,187348775.467513,19898629.780039046
2024-09-26 00:00:00 UTC,0.6351025625680693,183874358.82359257,24075763.90022892
2024-09-27 00:00:00 UTC,0.6390973214725046,185365219.6130126,23024279.801734168
2024-09-28 00:00:00 UTC,0.6441285285250155,186539608.32433325,18300198.07020916
2024-09-29 00:00:00 UTC,0.622001321387436,180101557.42666152,9447507.326347534
2024-09-30 00:00:00 UTC,0.6289349002488503,182540186.73745885,11612652.405785875
2024-10-01 00:00:00 UTC,0.5993456187848386,173914565.71482372,10937673.631041052
2024-10-02 00:00:00 UTC,0.5632068058842024,164684442.43867078,20639711.8803926
2024-10-03 00:00:00 UTC,0.5442142857687687,159079210.8569706,9002423.601435708
2024-10-04 00:00:00 UTC,0.5248496433344696,153727298.80113274,13284446.655616257
2024-10-05 00:00:00 UTC,0.5373779473959142,157121049.88946873,7357221.098674693
2024-10-06 00:00:00 UTC,0.5290500032801365,154634425.88455865,7638819.330914972
2024-10-07 00:00:00 UTC,0.5391973707256364,157785233.1585279,7328787.666267655
2024-10-08 00:00:00 UTC,0.5324223338808538,155841059.81749234,10988749.91204461
2024-10-09 00:00:00 UTC,0.5241956973711244,153528532.21028236,7436498.429807894
2024-10-10 00:00:00 UTC,0.5029502465378286,147214255.35421506,7521333.061394256
2024-10-11 00:00:00 UTC,0.5036143237059948,147079648.78754675,6885931.0355713265
2024-10-12 00:00:00 UTC,0.5304964409398901,154863706.51874903,7032240.820640724
2024-10-13 00:00:00 UTC,0.5621691513551031,164539508.10587135,17867782.34185715
2024-10-14 00:00:00 UTC,0.556511194254021,163594601.65938672,9209330.541051129
2024-10-15 00:00:00 UTC,0.5975649859843851,175145084.00801387,21957305.449504565
2024-10-16 00:00:00 UTC,0.5971374506405115,174999572.55667573,13899064.751004914
2024-10-17 00:00:00 UTC,0.581441141186717,170365975.99734682,8476970.628512645
2024-10-18 00:00:00 UTC,0.5676652718509001,166410567.23665166,8870708.05179003
2024-10-19 00:00:00 UTC,0.5973623166486558,175145024.2622459,7483250.51653918
2024-10-20 00:00:00 UTC,0.590403928494179,173136964.0911964,4005432.76170795
2024-10-21 00:00:00 UTC,0.6055787660360542,177624240.6398646,10198532.371687302
2024-10-22 00:00:00 UTC,0.598931641199016,175703545.42469287,10608146.045807982
2024-10-23 00:00:00 UTC,0.5736416410788547,168320777.18153688,9717632.091816295
2024-10-24 00:00:00 UTC,0.5597985321676301,164144996.27170888,8648217.339388525
2024-10-25 00:00:00 UTC,0.569432131878644,166860406.28196368,8185782.387779666
2024-10-26 00:00:00 UTC,0.5235187149721542,153231329.3054139,11699386.585733326
2024-10-27 00:00:00 UTC,0.5316305825409523,155996390.42340165,8587873.45656172
2024-10-28 00:00:00 UTC,0.539657931664993,158502848.58083665,8015683.454126595
2024-10-29 00:00:00 UTC,0.5422184778038629,159109387.70102707,9492715.151741263
2024-10-30 00:00:00 UTC,0.5640212316607225,165456544.1871012,9656584.793027451
2024-10-31 00:00:00 UTC,0.5626380998468322,165360184.86173075,7328062.210029062
2024-11-01 00:00:00 UTC,0.532309780821353,156543077.64917383,7066111.211392751
2024-11-02 00:00:00 UTC,0.5128465279912636,151683048.18770814,9034737.468024308
2024-11-03 00:00:00 UTC,0.50706918453283,150004989.2996872,4489322.951297385
2024-11-04 00:00:00 UTC,0.4936327830882849,146146131.3780094,11570959.388423922
2024-11-05 00:00:00 UTC,0.46996949726386256,139134182.75656012,11149153.33478166
2024-11-06 00:00:00 UTC,0.4927338114108953,146518429.91691095,10373665.80854321
2024-11-07 00:00:00 UTC,0.5490994009210441,162778485.0092981,13466572.438036682
2024-11-08 00:00:00 UTC,0.5442013898936088,161266510.45034608,11228542.745212236
2024-11-09 00:00:00 UTC,0.54476982223629,161463664.87368506,20270065.794920906
2024-11-10 00:00:00 UTC,0.5799520983085812,173663371.35440788,13544985.58855938
2024-11-11 00:00:00 UTC,0.6081495675593191,180181228.55344138,24616636.13330113
2024-11-12 00:00:00 UTC,0.637476133979837,188920754.9960114,25918101.23352288
2024-11-13 00:00:00 UTC,0.6267333400485341,185774573.71444982,35795908.58238183
2024-11-14 00:00:00 UTC,0.6181768202584514,183429032.04939413,29562226.29419568
2024-11-15 00:00:00 UTC,0.5890102032718737,174113014.84393823,28295163.467725087
2024-11-16 00:00:00 UTC,0.6503856526127219,193047183.04373318,40842074.1000645
2024-11-17 00:00:00 UTC,0.6659464756539031,197332707.29877642,34590985.6467279
2024-11-18 00:00:00 UTC,0.6376778225802185,189364062.95964947,43483441.57461224
2024-11-19 00:00:00 UTC,0.72439598844094,214944227.53181085,46757058.92093764
2024-11-20 00:00:00 UTC,0.6953324492399116,206536394.0803279,33601018.35264921
2024-11-21 00:00:00 UTC,0.6597583442933543,196082867.0208809,21246711.319328684
2024-11-22 00:00:00 UTC,0.695175851385029,206355108.22307464,25292137.18265028
2024-11-23 00:00:00 UTC,0.7346386859744325,217893135.07194555,34487580.98879205
2024-11-24 00:00:00 UTC,0.8267680282855921,245357679.5470622,49777805.718695626
2024-11-25 00:00:00 UTC,0.8716505237181253,259503446.08309853,44284666.09912512
2024-11-26 00:00:00 UTC,0.9302225553250858,276600705.0071764,128219944.21533315
2024-11-27 00:00:00 UTC,0.9469501591370627,281510735.4233942,97554195.78203423
2024-11-28 00:00:00 UTC,1.2046688512468702,358447871.58719003,77298631.77462521
2024-11-29 00:00:00 UTC,1.153128394026879,342815578.1562769,110768484.44642523
2024-11-30 00:00:00 UTC,1.2305353647981143,365615356.55474263,67949835.76542507
2024-12-01 00:00:00 UTC,1.1846847118662607,352499779.78686756,47504838.64686696
2024-12-02 00:00:00 UTC,1.1738117514911095,349481325.1989679,38097202.292738415
2024-12-03 00:00:00 UTC,1.1704561649528409,348627026.1946344,59102614.74049809
2024-12-04 00:00:00 UTC,1.689487977185588,502800491.79779357,263608279.89341044
2024-12-05 00:00:00 UTC,1.6238940487968294,483264391.5096465,139171215.947548
2024-12-06 00:00:00 UTC,1.709764893187497,509720369.06033325,84676054.61556919
2024-12-07 00:00:00 UTC,1.7730635455744381,528754715.7638378,86404418.37285982
2024-12-08 00:00:00 UTC,1.8531507836804744,552642862.711243,72443580.5360503
2024-12-09 00:00:00 UTC,1.7674757749199905,526955364.89782435,43919272.80356171
2024-12-10 00:00:00 UTC,1.4569533821509308,435562409.96125436,135078192.9478988
2024-12-11 00:00:00 UTC,1.3380864315868168,398971153.6738371,90110840.56923482
2024-12-12 00:00:00 UTC,1.4829139373749818,441887769.8306396,65613536.61652762
2024-12-13 00:00:00 UTC,1.3689693381819386,408181251.7689268,61862364.77077829
2024-12-14 00:00:00 UTC,1.402427341093626,418379711.8444473,40683211.47608528
2024-12-15 00:00:00 UTC,1.289681151612761,385119428.62785584,28766031.028902408
2024-12-16 00:00:00 UTC,1.4291053165621033,426412841.42794526,38211220.02539749
2024-12-17 00:00:00 UTC,1.3094398782433754,390909858.2977537,41768462.26059567
2024-12-18 00:00:00 UTC,1.2358240827353475,368613467.6122719,30095670.97868312
2024-12-19 00:00:00 UTC,1.1039670980035197,328843844.8153382,31997094.25257345
2024-12-20 00:00:00 UTC,0.9993143841034056,299387370.5479965,35782624.50213739
2024-12-21 00:00:00 UTC,1.0277614950839575,306845771.2203989,39992939.44306697
2024-12-22 00:00:00 UTC,0.9747420234124706,291130653.91887087,18920963.987185203
2024-12-23 00:00:00 UTC,0.9626291079339259,288471324.9893385,14317083.779468298
2024-12-24 00:00:00 UTC,1.0313224940549717,308315897.35111177,16524302.210127553
2024-12-25 00:00:00 UTC,1.1062003808410783,330295455.6636967,19995398.945251543
2024-12-26 00:00:00 UTC,1.0741118027357615,321154429.5435772,14394633.726543196
2024-12-27 00:00:00 UTC,0.971853132646151,290555392.80820477,18546294.90935504
2024-12-28 00:00:00 UTC,0.992226410595262,296728913.7937743,19299416.733623568
2024-12-29 00:00:00 UTC,1.0342835911361226,309493175.5512683,13287253.48739999
2024-12-30 00:00:00 UTC,0.9654386795413838,288814211.1526535,9418682.133480955
2024-12-31 00:00:00 UTC,0.9488190226628062,283122201.97936445,18859495.24801223
2025-01-01 00:00:00 UTC,0.9261248150126079,277111639.6665934,11633183.7120388
2025-01-02 00:00:00 UTC,0.972862217196562,293211635.318813,11959281.680856647
2025-01-03 00:00:00 UTC,0.9954070150680998,300046543.70293915,15495101.462246994
2025-01-04 00:00:00 UTC,1.0393791969243131,313448350.1051017,18044093.01873972
2025-01-05 00:00:00 UTC,1.0186333844822648,307875599.31630504,11943672.682897503
2025-01-06 00:00:00 UTC,1.0301864218289487,311132398.1396123,8071122.553997048
2025-01-07 00:00:00 UTC,1.0421585266797762,313575105.7970587,18353365.075652543
2025-01-08 00:00:00 UTC,0.9136702183100806,275870531.72451425,18968530.671005994
2025-01-09 00:00:00 UTC,0.8730284525118946,264052874.40918285,17886998.27376161
2025-01-10 00:00:00 UTC,0.8192108840491327,247586641.18945286,15494055.141456483
2025-01-11 00:00:00 UTC,0.8351412978181485,252220476.08626106,13424290.062021306
2025-01-12 00:00:00 UTC,0.8208218542305966,247953196.22883874,6325385.72565466
2025-01-13 00:00:00 UTC,0.7924781053057637,239240228.34599528,7086658.768160252
2025-01-14 00:00:00 UTC,0.7623854059470654,230260293.7618848,17528403.88718321
2025-01-15 00:00:00 UTC,0.810817066669579,245033737.77387288,12366547.509534432
2025-01-16 00:00:00 UTC,0.8711208096441451,263246621.8285751,20357909.150736064
2025-01-17 00:00:00 UTC,0.8926958309494368,269784406.58135223,26101478.746781316
2025-01-18 00:00:00 UTC,1.0718946067670236,324000150.3366711,48370608.65685744
2025-01-19 00:00:00 UTC,0.976059631792843,295960644.8633159,32570978.23456924
2025-01-20 00:00:00 UTC,0.8457542778333439,256457308.9378414,47871234.949801385
2025-01-21 00:00:00 UTC,0.8370362831946299,253258628.93654978,59592707.09702486
2025-01-22 00:00:00 UTC,0.9085979727752235,274138169.94546205,28618448.497463584
2025-01-23 00:00:00 UTC,0.8373702492029144,253355982.9097041,17496630.583027113
2025-01-24 00:00:00 UTC,0.8264867636951785,250273326.580121,26373257.835916508
2025-01-25 00:00:00 UTC,0.7777971288566468,235065278.48846015,13239142.17644292
2025-01-26 00:00:00 UTC,0.8112703705621271,245559163.30000353,18068051.869528204
2025-01-27 00:00:00 UTC,0.821980439236263,249317730.33828422,13596832.236623494
2025-01-28 00:00:00 UTC,0.7579028462171864,229482977.93516338,29139298.898099627
2025-01-29 00:00:00 UTC,0.6828236682231177,206737940.84858033,14481230.01748369
2025-01-30 00:00:00 UTC,0.7238656748670105,219305229.59276175,17749753.020026825
2025-01-31 00:00:00 UTC,0.7710460576856922,234168162.16617984,18973090.814921305
2025-02-01 00:00:00 UTC,0.7607364668387444,230437225.64283645,14210504.468305545
2025-02-02 00:00:00 UTC,0.6593356490827212,200038186.03545868,16079110.116910163
2025-02-03 00:00:00 UTC,0.5769871065922407,176030071.6898873,25618205.180162665
2025-02-04 00:00:00 UTC,0.6040910543688408,184464938.3429292,49332047.19615538
2025-02-05 00:00:00 UTC,0.5591922597095783,170341530.16330928,22983914.05579777
2025-02-06 00:00:00 UTC,0.5380919103758194,164170079.587097,11575311.76571163
2025-02-07 00:00:00 UTC,0.5058379059643694,154029233.7947327,10323247.127122939
2025-02-08 00:00:00 UTC,0.5163477143054805,157681838.65199414,10626755.220695388
2025-02-09 00:00:00 UTC,0.5453900296653759,166608091.7587842,6404192.995900872
2025-02-10 00:00:00 UTC,0.5363561456939809,163871916.0446197,8294181.643478928
2025-02-11 00:00:00 UTC,0.5419333504194349,165535367.382547,8286425.051492296
2025-02-12 00:00:00 UTC,0.5444781075512432,166384477.62782496,8593170.425110513
2025-02-13 00:00:00 UTC,0.575144583543834,175677571.44958115,16011029.395068025
2025-02-14 00:00:00 UTC,0.574833773461343,175717711.71518663,13496665.647433741
2025-02-15 00:00:00 UTC,0.570034812599322,174029672.47023842,13675411.416357465
2025-02-16 00:00:00 UTC,0.5454412326920647,166750168.2525947,7402535.574458736
2025-02-17 00:00:00 UTC,0.5379882481566824,164495128.91643217,7185015.058217451
2025-02-18 00:00:00 UTC,0.5341199502655272,163411915.01092422,11816304.226237524
2025-02-19 00:00:00 UTC,0.5230126486540116,160031842.76279953,12232298.044892127
2025-02-20 00:00:00 UTC,0.5313550691927379,162632838.61960045,10481374.749831622
2025-02-21 00:00:00 UTC,0.5579937924445268,170788209.3335093,9782036.377176918
2025-02-22 00:00:00 UTC,0.5347649798903026,163570632.6121879,15932733.687292557
2025-02-23 00:00:00 UTC,0.5579967971237018,170843222.7180412,6304153.290798551
2025-02-24 00:00:00 UTC,0.543327671315491,166307953.4726719,6601102.930110266
2025-02-25 00:00:00 UTC,0.47316195495679386,145615593.43381625,16339677.454838924
2025-02-26 00:00:00 UTC,0.4991010031534618,152940637.35007244,16884660.07446723
2025-02-27 00:00:00 UTC,0.49616789650640114,152212213.7282918,12582592.972967524
2025-02-28 00:00:00 UTC,0.49686690610369943,152164012.0343711,7568550.323989524
2025-03-01 00:00:00 UTC,0.5018305233307603,153845047.74798948,15224961.949299848
2025-03-02 00:00:00 UTC,0.4953965615774794,151702314.9160011,7822056.189686282
2025-03-03 00:00:00 UTC,0.5721207965284614,176368792.29957387,18287112.549746145
2025-03-04 00:00:00 UTC,0.4918920160943678,151856047.53357464,18898953.841812436
2025-03-05 00:00:00 UTC,0.4800002377320357,148137817.20432582,16241074.680562627
2025-03-06 00:00:00 UTC,0.5064513741033776,156377030.70133117,11756523.599852115
2025-03-07 00:00:00 UTC,0.4905309784383779,151286128.06203747,9033427.616222516
2025-03-08 00:00:00 UTC,0.4833338077583012,149090770.47592062,11306599.048529027
2025-03-09 00:00:00 UTC,0.47214296585945636,145830380.33204222,4614766.445477953
2025-03-10 00:00:00 UTC,0.4230392818261153,130421909.94922,8872261.308231337
2025-03-11 00:00:00 UTC,0.39597348163844587,122499590.85169244,10019218.179059597
2025-03-12 00:00:00 UTC,0.41593241967600864,128554228.06292748,11354889.683222147
2025-03-13 00:00:00 UTC,0.44303435091820115,136797008.0418685,6563308.761214764
2025-03-14 00:00:00 UTC,0.4354121035312838,134332386.34778735,5275093.491550339
2025-03-15 00:00:00 UTC,0.44093448972885096,136291039.3818795,5849996.846536384
2025-03-16 00:00:00 UTC,0.4706304146009119,145384978.1707324,4755772.173443605
2025-03-17 00:00:00 UTC,0.44338314410782703,136953949.34246483,6198483.047370499
2025-03-18 00:00:00 UTC,0.4684530213619804,144597996.37192374,6504332.796052932
2025-03-19 00:00:00 UTC,0.4709309639895291,145314044.02611098,5018292.352932634
2025-03-20 00:00:00 UTC,0.4962519426810813,152922418.3344821,9583637.693819953
2025-03-21 00:00:00 UTC,0.4759319402328616,147014264.85046196,5407342.30868514
2025-03-22 00:00:00 UTC,0.463237328316842,143272397.06734508,4861094.486674872
2025-03-23 00:00:00 UTC,0.4762038355291298,147505882.73552546,4329696.949689159
2025-03-24 00:00:00 UTC,0.489044887161825,151533997.7710983,3798243.828083895
2025-03-25 00:00:00 UTC,0.5062037740784031,156797574.16648826,7315926.857881585
2025-03-26 00:00:00 UTC,0.525462619675573,162805421.3724841,7957208.126647058
2025-03-27 00:00:00 UTC,0.49168531558855416,152392268.69373843,14542781.700395074
2025-03-28 00:00:00 UTC,0.4809960377591876,149025161.38839817,7134327.991460898
2025-03-29 00:00:00 UTC,0.43854813088087075,135791512.34403697,9530230.739166444
2025-03-30 00:00:00 UTC,0.4142638581662548,128190789.38439749,5017486.906216866
2025-03-31 00:00:00 UTC,0.41596373654316476,128911748.35433899,5104354.903035144
2025-04-01 00:00:00 UTC,0.40874280520740053,126632128.92415228,6069335.224655179
2025-04-02 00:00:00 UTC,0.408337941274215,127609247.9721433,6616814.88999696
2025-04-03 00:00:00 UTC,0.3773428166203373,117845465.30010055,12216549.301410686
2025-04-04 00:00:00 UTC,0.3926383263609759,122649345.44448256,10027065.110824136
2025-04-05 00:00:00 UTC,0.3904674024119702,121969200.79751888,9992266.458673691
2025-04-06 00:00:00 UTC,0.39497655148144134,123257537.07947874,4098882.7459760946
2025-04-07 00:00:00 UTC,0.3600901032668099,112585228.31652078,10158017.256173443
2025-04-08 00:00:00 UTC,0.3703700427320611,116301054.8879889,20069407.569518108
2025-04-09 00:00:00 UTC,0.3574528751696469,111606936.7056955,8074676.489417682
2025-04-10 00:00:00 UTC,0.39560080727487046,123763713.45042276,12782470.814422183
2025-04-11 00:00:00 UTC,0.3874954545934595,121248205.61590412,7693247.839584185
2025-04-12 00:00:00 UTC,0.39632529552745893,123860764.4454315,6401766.077427654
2025-04-13 00:00:00 UTC,0.42031383211017176,131527717.59178935,5284717.811988308
2025-04-14 00:00:00 UTC,0.40041219766976627,125282945.43905616,7451529.51035538
2025-04-15 00:00:00 UTC,0.3941328876730764,123407064.30033338,6314366.520284439
2025-04-16 00:00:00 UTC,0.3817064060689341,119502416.60945116,4845166.7230373435
2025-04-17 00:00:00 UTC,0.39420271193496353,123380866.29115342,12845227.423756957
2025-04-18 00:00:00 UTC,0.4025015732197466,126019997.30549692,9901291.520327752
2025-04-19 00:00:00 UTC,0.4239310967651882,132879159.69724496,9187004.444505675
2025-04-20 00:00:00 UTC,0.453980145327088,142197551.6337959,11947380.370504245
2025-04-21 00:00:00 UTC,0.4629765464311052,144978223.95609576,6286662.840348103
2025-04-22 00:00:00 UTC,0.458656155842307,143556102.97040397,8598335.6346568
2025-04-23 00:00:00 UTC,0.46944715100373013,146913401.77674356,9914420.607134093
2025-04-24 00:00:00 UTC,0.4797133035395945,150246171.9722077,11261057.953567538
2025-04-25 00:00:00 UTC,0.5677219775608205,178150196.3639725,27612230.722975157
2025-04-26 00:00:00 UTC,0.5508357628303762,172751444.17644393,13592829.232132196
2025-04-27 00:00:00 UTC,0.5768536937113273,180927523.27015963,12562959.420836585
2025-04-28 00:00:00 UTC,0.5665143187386069,177673841.12332192,10505773.957830412
2025-04-29 00:00:00 UTC,0.6444407819191995,202313491.77381417,25743339.674993597
2025-04-30 00:00:00 UTC,0.6383944855085917,199972576.60038844,11239437.535680413
2025-05-01 00:00:00 UTC,0.6486578714150862,203365657.9709424,12648226.69112618
2025-05-02 00:00:00 UTC,0.6670033311110527,208962960.7437718,10590301.261510639
2025-05-03 00:00:00 UTC,0.6957020674398504,218180307.20142075,8828851.618504347
2025-05-04 00:00:00 UTC,0.713948639446544,224021496.08653563,13399949.389715523
2025-05-05 00:00:00 UTC,0.6322710531328855,198355991.46188122,14775158.334134042
2025-05-06 00:00:00 UTC,0.6063355228495995,190191989.4220019,15500266.81166943
2025-05-07 00:00:00 UTC,0.5801357657761667,181908672.86503303,9421520.944234168
2025-05-08 00:00:00 UTC,0.5902907970242611,186759387.11092213,11554572.932448147
2025-05-09 00:00:00 UTC,0.6472323441453118,203181750.45844442,14796763.258028554
2025-05-10 00:00:00 UTC,0.6527708107020385,206432450.79500037,22850327.547577973
2025-05-11 00:00:00 UTC,0.6853117979450447,216738180.08015165,23058895.47676964
2025-05-12 00:00:00 UTC,0.6264085048196741,198537523.24229634,23220889.010973137
2025-05-13 00:00:00 UTC,0.5921445097287213,187679626.85514003,33382883.879430015
2025-05-14 00:00:00 UTC,0.6394820306074112,202269233.27851853,19126416.504830323
2025-05-15 00:00:00 UTC,0.614580597162762,194351450.4718874,9661499.94937722
2025-05-16 00:00:00 UTC,0.6208417969480678,196418048.51172036,13824890.25586879
2025-05-17 00:00:00 UTC,0.5911509610418347,186990216.4658316,7112166.898662694
2025-05-18 00:00:00 UTC,0.5767776807912418,182031232.6465153,5876018.762004315
2025-05-19 00:00:00 UTC,0.6020825563316712,190421003.40532893,7871757.32655908
2025-05-20 00:00:00 UTC,0.5742672052759823,181546936.56180605,8692393.452238536
2025-05-21 00:00:00 UTC,0.5824706547891604,184287916.75954506,6206692.492017346
2025-05-22 00:00:00 UTC,0.5881371950053779,186831365.59217268,12664124.900450068
2025-05-23 00:00:00 UTC,0.6038001710716168,191407561.04153752,11601241.6541392
2025-05-24 00:00:00 UTC,0.5441270293350136,173832674.40544316,16229213.799136072
2025-05-25 00:00:00 UTC,0.5202583807431799,164963435.25696126,9007787.696450474
2025-05-26 00:00:00 UTC,0.5423737308917863,171980583.35482442,10634108.496330641
2025-05-27 00:00:00 UTC,0.540713530438779,171452041.91649464,7523285.537280243
2025-05-28 00:00:00 UTC,0.5449435186251755,172793773.16567567,10002714.775061462
2025-05-29 00:00:00 UTC,0.5321178155728787,168262420.1523863,6445097.035630176
2025-05-30 00:00:00 UTC,0.5146847508726072,163294798.2730057,10577818.10635842
2025-05-31 00:00:00 UTC,0.4615769329763033,146389038.53751376,13121169.946163548
2025-06-01 00:00:00 UTC,0.46377304622039967,147128100.2186864,7229632.307259023
2025-06-02 00:00:00 UTC,0.46654316693930487,147949576.1455208,6091358.872273643
2025-06-03 00:00:00 UTC,0.47416968173680235,150352504.729003,5191773.336990032
2025-06-04 00:00:00 UTC,0.47108729229614876,149376208.25438687,4052452.183872441
2025-06-05 00:00:00 UTC,0.44849510986907515,142228150.93147945,4757446.954405482
2025-06-06 00:00:00 UTC,0.42419834552450364,134505975.12128258,7150784.690985945
2025-06-07 00:00:00 UTC,0.4324678382491279,137108971.10628098,4276965.269301355
2025-06-08 00:00:00 UTC,0.44441746577168995,140919377.01901722,3370192.8349954463
2025-06-09 00:00:00 UTC,0.4398085168872632,139457152.32628903,2429579.9493863326
2025-06-10 00:00:00 UTC,0.5102684250246516,161669760.49837294,10629808.174789313
2025-06-11 00:00:00 UTC,0.5167744921999761,163815515.17986736,10734971.207607467
2025-06-12 00:00:00 UTC,0.49149940439119144,155697059.80663717,6754288.3143251445
2025-06-13 00:00:00 UTC,0.4519990161162575,143586486.56195927,6551381.9250046285
2025-06-14 00:00:00 UTC,0.4274859943412542,135566245.57836124,9983826.540889563
2025-06-15 00:00:00 UTC,0.41315434385228417,131104580.43360028,4666630.057045232
2025-06-16 00:00:00 UTC,0.41231433913183346,132234089.06677222,4125693.456619728
2025-06-17 00:00:00 UTC,0.40782451509835965,131070774.36220406,7315566.731805245
2025-06-18 00:00:00 UTC,0.3865521691965884,123913482.98023197,5703264.290833816
2025-06-19 00:00:00 UTC,0.3972256415210468,127289694.22735761,5498150.87903779
2025-06-20 00:00:00 UTC,0.38668873195786707,123915358.63409437,3940968.135763478
2025-06-21 00:00:00 UTC,0.3751854929088182,120230392.49268518,7110664.631931541
2025-06-22 00:00:00 UTC,0.3539585726046166,113068415.59660204,4781809.107851268
2025-06-23 00:00:00 UTC,0.3448849025699166,110613920.93717417,8978744.893822614
2025-06-24 00:00:00 UTC,0.3841780447832507,123160985.04999825,6983358.7560467
2025-06-25 00:00:00 UTC,0.3929221337481109,126066462.95617226,7297304.4258307945
2025-06-26 00:00:00 UTC,0.37726718574681617,121035755.04796341,7716977.846916286
2025-06-27 00:00:00 UTC,0.373006527364572,119747958.41364342,4770836.16921394
2025-06-28 00:00:00 UTC,0.3798884881239737,121955407.7302237,4517943.967339463
2025-06-29 00:00:00 UTC,0.4019032848123098,129074543.73610468,3590388.5829507504
2025-06-30 00:00:00 UTC,0.41538695355527766,133366170.72193664,4564892.627038281
2025-07-01 00:00:00 UTC,0.39436555343370855,126603153.14181,4794902.532354897
2025-07-02 00:00:00 UTC,0.37323882293898225,120538283.49571148,4338734.506433998
2025-07-03 00:00:00 UTC,0.40059129167641705,129545670.42451656,4746494.837558401
2025-07-04 00:00:00 UTC,0.402701396933631,130148432.86474645,4361650.947963801
2025-07-05 00:00:00 UTC,0.38302351021740133,123829674.48292932,4743019.911273374
2025-07-06 00:00:00 UTC,0.3839385103070371,124141353.87688987,2062560.6234681176
2025-07-07 00:00:00 UTC,0.386562285583174,124947732.50428095,2676330.0714514973
2025-07-08 00:00:00 UTC,0.37564953272605595,121570064.92080846,3811595.2378856684
2025-07-09 00:00:00 UTC,0.3789699534003701,122659127.5370285,3757445.0602666903
2025-07-10 00:00:00 UTC,0.4049269781015438,131122003.5820977,8734086.12757921
2025-07-11 00:00:00 UTC,0.44238997488171655,143002367.91645142,11361820.589996161
2025-07-12 00:00:00 UTC,0.44601844142209945,144406135.89020893,12133541.42466973
2025-07-13 00:00:00 UTC,0.4440132264278523,143821856.3989611,6562859.28145227
2025-07-14 00:00:00 UTC,0.462000054790403,149428225.62672365,8533310.461448353
2025-07-15 00:00:00 UTC,0.5002512204238594,162161366.90578106,18604414.943064865
2025-07-16 00:00:00 UTC,0.5378903648264138,174584663.06043938,16074987.438257439
2025-07-17 00:00:00 UTC,0.5230134584465366,169566261.96837625,13649538.111688886
2025-07-18 00:00:00 UTC,0.5168685198050313,167653526.7568711,11666346.689129539
2025-07-19 00:00:00 UTC,0.49840509191267784,161449136.89099386,16035550.749641268
2025-07-20 00:00:00 UTC,0.558704711895814,181087241.22073466,17783850.31174144
2025-07-21 00:00:00 UTC,0.5588793676681914,181245603.84116676,18967716.480925012
2025-07-22 00:00:00 UTC,0.5458708102591997,177010143.73817205,17247115.445766777
2025-07-23 00:00:00 UTC,0.544827723466006,176718336.07839134,12916220.439303814
2025-07-24 00:00:00 UTC,0.47902333321518875,155546466.96744156,19053669.62175777
2025-07-25 00:00:00 UTC,0.4592627507116275,148928127.47140908,13122351.100884417
2025-07-26 00:00:00 UTC,0.4724295072976307,153163013.7032818,12810425.242312383
2025-07-27 00:00:00 UTC,0.4711784488738881,152795638.79957208,6156901.366374656
2025-07-28 00:00:00 UTC,0.4908203538887913,159127491.94572777,6377549.317265663
2025-07-29 00:00:00 UTC,0.44317698538985706,144006168.72694653,9938011.348963784
2025-07-30 00:00:00 UTC,0.4398713910885258,142379328.72137997,9989528.305296848
2025-07-31 00:00:00 UTC,0.41599866288932974,135136595.72210744,11221245.289932879
2025-08-01 00:00:00 UTC,0.38746519010022634,125680016.38580786,9175952.687805653
2025-08-02 00:00:00 UTC,0.3887520068562516,125858833.7314639,10848514.04419123
2025-08-03 00:00:00 UTC,0.3778734672553927,122655141.99390554,7473726.9004786555
2025-08-04 00:00:00 UTC,0.40168031179907976,130239661.2289543,10927305.93345124
2025-08-05 00:00:00 UTC,0.42011806291180703,136233012.59759218,7264638.576619698
2025-08-06 00:00:00 UTC,0.4008077075374858,130057914.34049423,8998629.559121791
2025-08-07 00:00:00 UTC,0.40996049514950217,132933583.17970942,8172059.835378238
2025-08-08 00:00:00 UTC,0.4289619652313846,139025650.5491408,7108230.591080636
2025-08-09 00:00:00 UTC,0.4322459309648826,140185322.24020308,7092998.433397922
2025-08-10 00:00:00 UTC,0.44822256954429096,146878101.3446536,8399411.23479004
2025-08-11 00:00:00 UTC,0.44063083996811964,143621835.64298365,8080175.230254296
2025-08-12 00:00:00 UTC,0.4105197621929616,134431459.04379165,12210544.863851987
2025-08-13 00:00:00 UTC,0.432099041720066,141656632.5819932,8801729.177193677
2025-08-14 00:00:00 UTC,0.4493536532066824,147259187.61655015,11705572.911887579
2025-08-15 00:00:00 UTC,0.4099273683232024,134468039.58319366,12545986.165809456
2025-08-16 00:00:00 UTC,0.4008501201632753,131363790.15041883,13280601.213747501
2025-08-17 00:00:00 UTC,0.4265363325352078,139777791.49023488,13181400.520165691
2025-08-18 00:00:00 UTC,0.41897313628443505,137330159.52246907,9778652.151905896
2025-08-19 00:00:00 UTC,0.3912442000001671,128268184.39608201,10557489.891634317
2025-08-20 00:00:00 UTC,0.3755559231205998,123277546.86782283,7732467.515893324
2025-08-21 00:00:00 UTC,0.3930481663884984,128856575.15456097,6733941.124136992
2025-08-22 00:00:00 UTC,0.37849483183996807,124058659.41697341,4635305.965534418
2025-08-23 00:00:00 UTC,0.41660268120642235,136529793.31195635,10782796.056290805
2025-08-24 00:00:00 UTC,0.4046924407529726,132598148.7333877,8753748.317766083
2025-08-25 00:00:00 UTC,0.3885576807926486,127710680.03494106,9067330.306194851
2025-08-26 00:00:00 UTC,0.35448838709753683,116145227.02313858,9456281.279428255
2025-08-27 00:00:00 UTC,0.3715762038257438,121732398.0509845,6476650.686184169
2025-08-28 00:00:00 UTC,0.36223806268945835,118725935.18973133,5616102.856311698
2025-08-29 00:00:00 UTC,0.37461989255724853,122930537.26772404,4912825.992903371
2025-08-30 00:00:00 UTC,0.35953273429598315,118090674.86772022,5635161.027747016
2025-08-31 00:00:00 UTC,0.3625203229466892,119034123.46868987,3044496.695090452
2025-09-01 00:00:00 UTC,0.35246514166760606,115820240.9717978,3625127.111239724
2025-09-02 00:00:00 UTC,0.3380746639911462,111829036.47565201,6116663.217064499
2025-09-03 00:00:00 UTC,0.3504715242663725,115882650.66347195,4491639.165021159
2025-09-04 00:00:00 UTC,0.352378396430726,116538301.89272144,3872963.639205537
2025-09-05 00:00:00 UTC,0.3420490256011714,113129239.6059221,2926498.163928319
2025-09-06 00:00:00 UTC,0.3543081133910368,117186589.63437161,4052192.2148358766
2025-09-07 00:00:00 UTC,0.3489858695018869,115359727.96325512,2278168.713050447
2025-09-08 00:00:00 UTC,0.35358934508654133,117043425.44090481,2086242.8549381162
2025-09-09 00:00:00 UTC,0.3738665859695246,123613913.14266157,6304442.813630681
2025-09-10 00:00:00 UTC,0.3786557804216303,125329491.47849585,5901890.155880779
2025-09-11 00:00:00 UTC,0.3867637211585173,128032192.96050121,4343371.957964795
2025-09-12 00:00:00 UTC,0.39089293656552226,129451143.91494535,4038840.0401835917
2025-09-13 00:00:00 UTC,0.40073077894142595,132717345.04559359,5930440.85940043
2025-09-14 00:00:00 UTC,0.4141570894526693,137118233.4185652,7656394.213409595
2025-09-15 00:00:00 UTC,0.39214132996982526,129691016.67685255,5931971.488156238
2025-09-16 00:00:00 UTC,0.3813790101357027,126224472.60757399,5564564.896828276
2025-09-17 00:00:00 UTC,0.3850040417877409,127487179.09932765,5324407.466839848
2025-09-18 00:00:00 UTC,0.39716721955598827,131633848.3106967,6296758.709942158
2025-09-19 00:00:00 UTC,0.39829174760919717,132126201.80249745,5568898.648537861
2025-09-20 00:00:00 UTC,0.3782871735137086,125389306.98434326,5085868.091149019
2025-09-21 00:00:00 UTC,0.381739684205599,126513929.06028637,3166953.8468118766
2025-09-22 00:00:00 UTC,0.3766706704052343,124870752.3233666,3103444.8199643204
2025-09-23 00:00:00 UTC,0.3439956630720011,114088388.31281541,8491150.497806145
2025-09-24 00:00:00 UTC,0.3482094153962259,115569940.2168304,6245714.471601113
2025-09-25 00:00:00 UTC,0.3501273027193312,116180057.00947368,3845061.2886250676
2025-09-26 00:00:00 UTC,0.32880686372033213,109066022.21848276,7882720.114979769
2025-09-27 00:00:00 UTC,0.34286012297221496,113726515.92252408,4801467.983258714
2025-09-28 00:00:00 UTC,0.33930138379255814,112695561.07900515,3287732.11320964
2025-09-29 00:00:00 UTC,0.3484621002208712,115718444.49450624,3642959.8334419685
2025-09-30 00:00:00 UTC,0.3400686377635826,113036442.78926279,4365577.580027564
2025-10-01 00:00:00 UTC,0.34368173188858275,113742177.97486413,4599195.346125964
2025-10-02 00:00:00 UTC,0.36653740349291836,121649250.56976447,11362846.631936762
2025-10-03 00:00:00 UTC,0.37257783701753555,123258390.36549301,11274591.554794524
2025-10-04 00:00:00 UTC,0.3745927806632055,124291270.60476325,8643479.323034892
2025-10-05 00:00:00 UTC,0.36472866964738093,121966369.54425237,4949514.428555637
2025-10-06 00:00:00 UTC,0.3558856526571944,119131358.41714263,6990277.659062224
2025-10-07 00:00:00 UTC,0.3662623918260803,122461576.1720197,5536042.915883623
2025-10-08 00:00:00 UTC,0.3535017422473356,118041455.76495633,7574641.871038197
2025-10-09 00:00:00 UTC,0.35881846810121015,120043046.98760597,5977093.480278214
2025-10-10 00:00:00 UTC,0.3528808958366427,118032887.31593475,6545999.289645732
2025-10-11 00:00:00 UTC,0.23251278024054162,78338968.33654839,32304151.883778024
2025-10-12 00:00:00 UTC,0.22416298652701164,75061202.32166515,16008564.504870547
2025-10-13 00:00:00 UTC,0.2486086007988808,83147853.43273276,11574431.421938118
2025-10-14 00:00:00 UTC,0.2661701645824347,88966784.11126372,8881207.130025176
2025-10-15 00:00:00 UTC,0.25467743708065615,85289923.5927566,8210978.416647488
2025-10-16 00:00:00 UTC,0.24223900411987523,81073920.81968792,6004972.18349865
2025-10-17 00:00:00 UTC,0.2261721802409481,75798616.04180533,7442003.210167178
2025-10-18 00:00:00 UTC,0.22203479122384576,74441904.99368814,8293593.950871383
2025-10-19 00:00:00 UTC,0.22474451441088575,75310646.15975727,2326693.8891637092
2025-10-20 00:00:00 UTC,0.2300925600619308,77168461.41351426,4108031.9880127967
2025-10-21 00:00:00 UTC,0.21938534571299262,73493582.09805898,4890557.751260245
2025-10-22 00:00:00 UTC,0.09229382991300468,31089578.87715588,88721839.36942609
2025-10-23 00:00:00 UTC,0.06936431984198593,23269795.698103048,116117474.4107631
2025-10-24 00:00:00 UTC,0.06264152821482191,20980444.19942474,61630646.90552407
2025-10-25 00:00:00 UTC,0.05922431648724345,19951321.94637838,27297051.10652998
2025-10-26 00:00:00 UTC,0.05747498223268215,19309198.207715984,15445053.507315664
2025-10-27 00:00:00 UTC,0.06351030874719356,21378056.869834535,48756095.2506197
2025-10-28 00:00:00 UTC,0.05942723985338311,19943496.2801911,16201941.601381596
2025-10-29 00:00:00 UTC,0.06275979293671136,21122571.99079776,576243495.1193714
2025-10-30 00:00:00 UTC,0.046809924955382345,15745358.392540127,159099284.85991186
2025-10-31 00:00:00 UTC,0.049741744908524066,16538149.74459084,27504868.484052822
2025-11-01 00:00:00 UTC,0.04663847604216744,15714895.107831515,17445810.1785752
2025-11-02 00:00:00 UTC,0.05110474484531718,17181671.193642233,13247230.90326828
2025-11-03 00:00:00 UTC,0.04858599646471369,16380106.228578636,9477587.259167623
2025-11-04 00:00:00 UTC,0.03536569974962517,11955481.201254841,13010039.441836908
2025-11-05 00:00:00 UTC,0.033312247939839675,11233638.785036152,12031903.804052282
2025-11-06 00:00:00 UTC,0.032344598682629504,10926093.816282248,6946689.188214082
2025-11-07 00:00:00 UTC,0.024548216240038938,8016366.012638437,6945619.840615433
2025-11-08 00:00:00 UTC,0.0287885205685726,9722412.10851131,15696938.848871604
2025-11-09 00:00:00 UTC,0.027636335513048182,9479911.849812152,6675781.088390933
2025-11-10 00:00:00 UTC,0.02768805628769992,9169361.10926541,4666043.13699377
2025-11-11 00:00:00 UTC,0.019199928221019118,6521866.206749457,3814342.232311922
2025-11-12 00:00:00 UTC,0.009654809103327435,3292510.485058405,2613685.4004017618
2025-11-13 00:00:00 UTC,0.0491425608954893,16460169.885897953,627552.5022524885
2025-11-14 00:00:00 UTC,0.05113980353204633,17817398.499326926,1442801.2293979705
2025-11-15 00:00:00 UTC,0.027072002514085317,8938265.467512915,1345636.2381725502
2025-11-16 00:00:00 UTC,0.03183908180899819,10839979.99136417,389814.4677342735
2025-11-17 00:00:00 UTC,0.02774183662246943,9371572.884873526,327239.87015111005
2025-11-18 00:00:00 UTC,0.01649453620060519,5654318.651974092,983087.0181236787
2025-11-19 00:00:00 UTC,0.013817518132352508,4773488.105363202,272219.6876708729
2025-11-20 00:00:00 UTC,0.012107827354517235,4096798.669515168,204110.36277005315
2025-11-21 00:00:00 UTC,0.010650499395619937,3606110.8778908188,225667.9392447587
2025-11-22 00:00:00 UTC,0.010101312921423905,3420163.9804708473,262193.12241861474
2025-11-23 00:00:00 UTC,0.010916822522372029,3701325.012263884,127087.04620179223
2025-11-24 00:00:00 UTC,0.011502799140208879,3869615.451761657,134026.64606307604
2025-11-25 00:00:00 UTC,0.01158340098205339,3922050.338553618,74971.9148166173
2025-11-26 00:00:00 UTC,0.011382479723576122,3853949.2303468976,76122.46220144803
2025-11-27 00:00:00 UTC,0.012159709792911913,4160568.4264002675,78935.56479700592
2025-11-28 00:00:00 UTC,0.011551735288543589,3910853.2656056057,70147.49504460215
2025-11-29 00:00:00 UTC,0.011189369908206773,3788648.8811065187,90884.84691493808
2025-11-30 00:00:00 UTC,0.011154032843710079,3799354.472186492,92410.7441039448
2025-12-01 00:00:00 UTC,0.011323849267468596,3834200.485078316,51859.99144246972
2025-12-02 00:00:00 UTC,0.012293194788076398,3938095.699180514,97953.33778819579
2025-12-03 00:00:00 UTC,0.010755636395947663,3654708.3127376745,75326.84561526538
2025-12-04 00:00:00 UTC,0.011152043317829442,3778257.0032995045,51386.06005520429
2025-12-05 00:00:00 UTC,0.011185140430920563,3750385.638965072,52841.665485981175
2025-12-06 00:00:00 UTC,0.013152857107617488,4498392.309679078,130093.92567690759
2025-12-07 00:00:00 UTC,0.013066454700313635,4431102.636144065,66826.78945416551
2025-12-08 00:00:00 UTC,0.01237194390610842,4177971.033307983,51789.480018709124
2025-12-09 00:00:00 UTC,0.02093460132365272,7097039.701960293,87287.35669625284
2025-12-10 00:00:00 UTC,0.012103442458121796,4077577.2317874036,74266.85407681468
2025-12-11 00:00:00 UTC,0.022343705836488113,7558146.164248241,93844.61262304263
2025-12-12 00:00:00 UTC,0.011254821480146022,3805124.5456871693,64548.37124124029
2025-12-13 00:00:00 UTC,0.011030579868789227,3739397.5373863876,52908.792866199365
2025-12-14 00:00:00 UTC,0.010839489026874356,3669827.3987220665,36035.863244241234
2025-12-15 00:00:00 UTC,0.010705998375107472,3631409.8675988535,33892.94370718016
2025-12-16 00:00:00 UTC,0.010600439573354195,3585317.282759103,36441.74833712312
2025-12-17 00:00:00 UTC,0.010813803220051968,3661847.2858450953,65940.32618609622
2025-12-18 00:00:00 UTC,0.0109835482613429,3718876.5889566047,52052.25628229466
2025-12-19 00:00:00 UTC,0.010276524818556086,3479810.896156473,54389.54236488836
2025-12-20 00:00:00 UTC,0.012702489122499137,4300886.042937301,117179.80680754139
2025-12-21 00:00:00 UTC,0.012484913116898018,4229211.6809311835,59400.196978414264
2025-12-22 00:00:00 UTC,0.011398841088976756,3859856.3777851234,37649.4135442563
2025-12-23 00:00:00 UTC,0.011145293826625477,3773641.4281808315,47796.466575380306
2025-12-24 00:00:00 UTC,0.011349195193139254,3843169.720962998,35338.58399195764
2025-12-25 00:00:00 UTC,0.011451647066152143,3855152.0576550206,33076.24571309925
2025-12-26 00:00:00 UTC,0.011094231516237117,3787104.0944484817,29406.66276550629
2025-12-27 00:00:00 UTC,0.010383570303818992,3488332.450243284,65442.837643155035
2025-12-28 00:00:00 UTC,0.009984123186395683,3381601.6276438385,62633.746796441446
2025-12-29 00:00:00 UTC,0.010156167370057402,3464650.334712978,37838.046622743925
2025-12-30 00:00:00 UTC,0.00976845125290817,3307897.908368477,75828.78825013129
2025-12-31 00:00:00 UTC,0.009736290476014115,3334480.795887461,52820.9779956194
2026-01-01 00:00:00 UTC,0.009529981801662354,3226719.2142379177,50703.938178904806
2026-01-02 00:00:00 UTC,0.00950846298304351,3229489.766820564,104304.09886472642
2026-01-03 00:00:00 UTC,0.009746196359926134,3299926.4547203714,45570.76036008513
2026-01-04 00:00:00 UTC,0.00976457826881959,3304841.68319696,42561.06912042921
2026-01-05 00:00:00 UTC,0.010195175036460608,3451873.5977360653,69380.96236035833
2026-01-06 00:00:00 UTC,0.011524910824134647,3911213.5780680156,65680.0249753074
2026-01-07 00:00:00 UTC,0.011028734769858986,3734176.111902989,40623.52543837058
2026-01-08 00:00:00 UTC,0.010477060599471072,3573101.304430463,41696.153534565696
2026-01-09 00:00:00 UTC,0.00983905139160055,3302776.6094848546,38864.82003397534
2026-01-10 00:00:00 UTC,0.010000497521328854,3372514.5767209437,29705.67927745314
2026-01-11 00:00:00 UTC,0.010036229264788,3397209.0996630755,33140.14719219216
2026-01-12 00:00:00 UTC,0.009966224575966468,3374424.9466532725,37258.3604034517
2026-01-13 00:00:00 UTC,0.009815091760500513,3303900.570915841,44594.10997781882
2026-01-14 00:00:00 UTC,0.010676761239980731,3609094.5004965602,47440.52915943071
2026-01-15 00:00:00 UTC,0.009737057680684025,3296798.4883992993,35035.15637126661
2026-01-16 00:00:00 UTC,0.009064542101845482,3094788.6089796512,60835.77053035536
2026-01-17 00:00:00 UTC,0.00911310485459551,3069830.458185624,44204.86218741346
2026-01-18 00:00:00 UTC,0.008504036873387983,2879243.0721318405,55134.70483229177
2026-01-19 00:00:00 UTC,0.009125696727552441,3089833.914369611,43299.151398503454
2026-01-20 00:00:00 UTC,0.008529960291107579,2888125.847543822,50595.135343949936
2026-01-21 00:00:00 UTC,0.007533673602197575,2582788.4458298185,58211.015967840875
2026-01-22 00:00:00 UTC,0.009058875332362111,3067209.119876802,69683.97293166492
2026-01-23 00:00:00 UTC,0.00863460199282624,2927380.199095688,44818.075511009854
2026-01-24 00:00:00 UTC,0.008605899816116284,2913728.7786697615,46741.68049032752
2026-01-25 00:00:00 UTC,0.008515034548849408,2878566.2203907208,35951.23304198702
2026-01-26 00:00:00 UTC,0.01704234349406864,5769647.788010697,68548.71211587147
2026-01-27 00:00:00 UTC,0.008691802023007662,2938537.904654168,40588.818678575335
2026-01-28 00:00:00 UTC,0.009498185286263637,3215953.3566194954,87187.79723760401
2026-01-29 00:00:00 UTC,0.008559286165982689,2901198.6506207567,48292.19995237872
2026-01-30 00:00:00 UTC,0.008681189180087935,2935844.6541336,52977.41672976892
2026-01-31 00:00:00 UTC,0.008606531588317078,2914063.322493559,57508.707409729825
2026-02-01 00:00:00 UTC,0.008284452574699086,2804086.328529852,73359.32862207413
2026-02-02 00:00:00 UTC,0.007873486098999634,2665852.8219063,56780.437629003885
2026-02-03 00:00:00 UTC,0.008030759106407725,2716628.4143275465,59931.68799815604
2026-02-04 00:00:00 UTC,0.00834010474309023,2817744.989964874,66304.65256672032
2026-02-05 00:00:00 UTC,0.00788830780098623,2669625.910300922,103899.00358857425
2026-02-06 00:00:00 UTC,0.00725584698851625,2463184.7272945745,204507.34679795665
2026-02-07 00:00:00 UTC,0.008399430695968019,2846649.402173605,153632.56545358244
2026-02-08 00:00:00 UTC,0.008216353292542621,2781943.9322393304,59569.28117387811
2026-02-09 00:00:00 UTC,0.008378527533467675,2836852.8232179545,41385.39537258391
2026-02-10 00:00:00 UTC,0.008008030007511928,2711407.5169508965,56132.69343345336
2026-02-11 00:00:00 UTC,0.008079221764954654,2738842.214250366,34857.41136846525
2026-02-12 00:00:00 UTC,0.008013795693299257,2713359.6979204332,34017.31981504561
2026-02-13 00:00:00 UTC,0.007670528857003277,2599849.4639936257,36078.107700842615
2026-02-14 00:00:00 UTC,0.00784505606252081,2656006.532301632,38968.28717832395
2026-02-15 00:00:00 UTC,0.00807068381781366,2731402.7527353307,30400.52375993846
2026-02-16 00:00:00 UTC,0.007729311341208588,2618048.525725267,35395.38762057165
2026-02-17 00:00:00 UTC,0.00749925446044338,2551731.7468330287,32018.293673820575
2026-02-18 00:00:00 UTC,0.007330326449508259,2482400.175655513,37314.600902466875
2026-02-19 00:00:00 UTC,0.007525921402091679,2538856.067818573,28585.188114769226
2026-02-20 00:00:00 UTC,0.007402488631570748,2506586.1743869423,26117.957843878143
2026-02-21 00:00:00 UTC,0.0074627217580705415,2526829.1780695925,25958.895151544282
2026-02-22 00:00:00 UTC,0.007570759384412142,2563353.769237365,29201.612519284805
2026-02-23 00:00:00 UTC,0.007433223153545304,2516785.9154861146,25979.19750195661
2026-02-24 00:00:00 UTC,0.007161419127339657,2428695.6651957347,26268.56469382992
2026-02-25 00:00:00 UTC,0.007638665657149121,2586315.2497126684,33734.50868008264
2026-02-26 00:00:00 UTC,0.007671774484158677,2597456.5567689077,32131.87111598375
2026-02-27 00:00:00 UTC,0.007527361479362899,2548061.7696278095,28454.71749204127
2026-02-28 00:00:00 UTC,0.008859219661440482,2997639.415463071,42478.3301430515
2026-03-01 00:00:00 UTC,0.008582552133046008,2906026.604304289,46030.695365633335
2026-03-02 00:00:00 UTC,0.008318104262467853,2816394.344536681,28105.260575588345
2026-03-03 00:00:00 UTC,0.008521239857967076,2890027.5468277712,31389.950913843353
2026-03-04 00:00:00 UTC,0.00877034947035091,2969445.637342223,29576.987750043645
2026-03-05 00:00:00 UTC,0.008859185116235372,2999612.3142834324,39936.72422030096
2026-03-06 00:00:00 UTC,0.0090194776173977,3051480.0443014563,28227.72853633948
2026-03-07 00:00:00 UTC,0.008171258678053768,2766674.4732277696,41285.905853499244
2026-03-08 00:00:00 UTC,0.008039027083554563,2720456.836864692,22837.88106158964
2026-03-09 00:00:00 UTC,0.007924633973231373,2684705.1610880224,24720.86112577378
2026-03-10 00:00:00 UTC,0.008141373477742301,2755077.8817056557,25889.04002561951
2026-03-11 00:00:00 UTC,0.007854045742674494,2659247.9538573544,33171.06549567238
2026-03-12 00:00:00 UTC,0.007981440445155063,2702070.9182500606,37801.78573787661
