snapped_at,price,market_cap,total_volume
2018-12-11 00:00:00 UTC,0.008399389775248371,0.0,2861968.1726588174
2018-12-12 00:00:00 UTC,0.00924398439777739,0.0,1913555.7048083656
2018-12-13 00:00:00 UTC,0.009085133886165747,0.0,2263506.583662593
2018-12-14 00:00:00 UTC,0.00836393557030044,0.0,1378165.5763547963
2018-12-15 00:00:00 UTC,0.007306108195356849,0.0,4907842.587127923
2018-12-16 00:00:00 UTC,0.0072757682857013594,0.0,1690650.7001600598
2018-12-17 00:00:00 UTC,0.007085037020302838,0.0,1574625.7171479466
2018-12-18 00:00:00 UTC,0.007451341005117761,0.0,2600915.853205258
2018-12-19 00:00:00 UTC,0.007117470153522362,0.0,3141379.2018034104
2018-12-20 00:00:00 UTC,0.007284952951233216,0.0,3309609.709211689
2018-12-21 00:00:00 UTC,0.006944691702737965,0.0,3295509.343931221
2018-12-22 00:00:00 UTC,0.00648565171816794,0.0,2110154.145898563
2018-12-23 00:00:00 UTC,0.006805807705061915,0.0,1548554.5619378085
2018-12-24 00:00:00 UTC,0.006840446430420989,0.0,1744365.4107377438
2018-12-25 00:00:00 UTC,0.006593513188648472,0.0,1619414.2953558713
2018-12-26 00:00:00 UTC,0.005631910914098419,0.0,925261.6031058896
2018-12-27 00:00:00 UTC,0.0062220853134736034,0.0,2301546.9533899403
2018-12-28 00:00:00 UTC,0.005318562615901143,0.0,1218161.9828654656
2018-12-29 00:00:00 UTC,0.005273784638685095,0.0,1853536.6071301284
2018-12-30 00:00:00 UTC,0.005429323436098814,0.0,2286712.2240446205
2018-12-31 00:00:00 UTC,0.0059903721280035365,0.0,1529328.4781229314
2019-01-01 00:00:00 UTC,0.005614073736056546,0.0,1692455.4997603656
2019-01-02 00:00:00 UTC,0.005722483121392712,0.0,5087606.789218599
2019-01-03 00:00:00 UTC,0.005723201025711722,0.0,1827527.3688267758
2019-01-04 00:00:00 UTC,0.005940466039452859,0.0,1892988.835440441
2019-01-05 00:00:00 UTC,0.01149309667451154,0.0,6054320.304720525
2019-01-06 00:00:00 UTC,0.013041069782409608,0.0,10474443.44331186
2019-01-07 00:00:00 UTC,0.011761735087250334,0.0,4627878.4523142595
2019-01-08 00:00:00 UTC,0.01350156361613909,0.0,6025997.493589608
2019-01-09 00:00:00 UTC,0.01713397151976747,0.0,9673847.128271159
2019-01-10 00:00:00 UTC,0.017068314101776037,0.0,6938452.300544897
2019-01-11 00:00:00 UTC,0.013223436790353952,0.0,4715297.895652559
2019-01-12 00:00:00 UTC,0.01279015903882467,0.0,3401149.145409696
2019-01-13 00:00:00 UTC,0.011139028722779398,0.0,2910837.19626043
2019-01-14 00:00:00 UTC,0.012043189419351423,0.0,3744080.0972870816
2019-01-15 00:00:00 UTC,0.012119577635730785,0.0,2936943.1988723287
2019-01-16 00:00:00 UTC,0.011607204925971693,0.0,2514123.4134474574
2019-01-17 00:00:00 UTC,0.011280307087915924,0.0,1842606.8090718845
2019-01-18 00:00:00 UTC,0.010968540568470268,0.0,2199394.2329519894
2019-01-19 00:00:00 UTC,0.011359664487249848,0.0,2153062.4902876755
2019-01-20 00:00:00 UTC,0.011135880104363902,0.0,1597276.8543178954
2019-01-21 00:00:00 UTC,0.010733510531795058,0.0,1645702.1559651073
2019-01-22 00:00:00 UTC,0.010436108943138508,0.0,1519167.1060680219
2019-01-23 00:00:00 UTC,0.009702126680963947,0.0,1604723.945487644
2019-01-24 00:00:00 UTC,0.010008151076885404,0.0,1543689.7764075387
2019-01-25 00:00:00 UTC,0.010202576830717682,0.0,2337443.888321278
2019-01-26 00:00:00 UTC,0.010184385385050936,0.0,1907359.6231654156
2019-01-27 00:00:00 UTC,0.009821234755090353,0.0,2540502.7264755573
2019-01-28 00:00:00 UTC,0.009324414728054889,0.0,2681091.2670223834
2019-01-29 00:00:00 UTC,0.00847384103304673,0.0,2115597.471869985
2019-01-30 00:00:00 UTC,0.009155029104582454,0.0,2985835.7984582004
2019-01-31 00:00:00 UTC,0.00892442350889681,0.0,2006312.3054280307
2019-02-01 00:00:00 UTC,0.008499420837064125,0.0,1216377.7446237288
2019-02-02 00:00:00 UTC,0.00860677951876555,0.0,1135349.1818797402
2019-02-03 00:00:00 UTC,0.008805219413545022,0.0,1183685.5954898847
2019-02-04 00:00:00 UTC,0.009242334430956699,0.0,2003518.4974524924
2019-02-05 00:00:00 UTC,0.00945162628216793,0.0,1393653.1098782858
2019-02-06 00:00:00 UTC,0.00897427466809427,0.0,1590048.9918369427
2019-02-07 00:00:00 UTC,0.00865718326423831,0.0,883703.5181053517
2019-02-08 00:00:00 UTC,0.008694919345996435,0.0,505527.3316266304
2019-02-09 00:00:00 UTC,0.008955552446836679,0.0,644613.8235402495
2019-02-10 00:00:00 UTC,0.008519916957017624,0.0,1396338.662393235
2019-02-11 00:00:00 UTC,0.008496072808464051,0.0,1378615.4299522196
2019-02-12 00:00:00 UTC,0.008171676174161263,0.0,1289823.9820972572
2019-02-13 00:00:00 UTC,0.008635757808385134,0.0,1528937.9659820439
2019-02-14 00:00:00 UTC,0.008262576661900252,0.0,1726295.191852156
2019-02-15 00:00:00 UTC,0.00899735402053674,0.0,1995883.9705163068
2019-02-16 00:00:00 UTC,0.008471906499639132,0.0,1126378.6636798093
2019-02-17 00:00:00 UTC,0.008564375969917125,0.0,1292688.9092958362
2019-02-18 00:00:00 UTC,0.008288698804155118,0.0,1486731.183099132
2019-02-19 00:00:00 UTC,0.008619228372795034,0.0,1569676.079861446
2019-02-20 00:00:00 UTC,0.008445327519861512,0.0,742079.4713348568
2019-02-21 00:00:00 UTC,0.008639835237315928,0.0,803154.4631390752
2019-02-22 00:00:00 UTC,0.008388726437836976,0.0,648916.3421718115
2019-02-23 00:00:00 UTC,0.008235095929235707,0.0,188723.03853592087
2019-02-24 00:00:00 UTC,0.008350611522552003,0.0,981573.5691546826
2019-02-25 00:00:00 UTC,0.007998664516539763,0.0,1013074.0284434968
2019-02-26 00:00:00 UTC,0.007376734258731685,0.0,144025.29805049993
2019-02-27 00:00:00 UTC,0.007013950887071659,0.0,149160.16001699652
2019-02-28 00:00:00 UTC,0.00704782876120993,0.0,177577.11570780788
2019-03-01 00:00:00 UTC,0.006956081707884701,0.0,1922977.9609462598
2019-03-02 00:00:00 UTC,0.0072559394257781995,0.0,1373607.1330016758
2019-03-03 00:00:00 UTC,0.0070189761840441164,0.0,1595570.6675894165
2019-03-04 00:00:00 UTC,0.006917798139871645,0.0,1487303.8904698605
2019-03-05 00:00:00 UTC,0.006609307326272859,0.0,1417653.3969606457
2019-03-06 00:00:00 UTC,0.006431962947093083,0.0,212192.80143177602
2019-03-07 00:00:00 UTC,0.006635444580444175,0.0,1588724.499625573
2019-03-08 00:00:00 UTC,0.006209904311159759,0.0,2039143.7654644912
2019-03-09 00:00:00 UTC,0.005983949576414868,0.0,1565326.9828881826
2019-03-10 00:00:00 UTC,0.006673866164136021,0.0,3280324.130251108
2019-03-11 00:00:00 UTC,0.006945382230068113,0.0,2404883.4609505013
2019-03-12 00:00:00 UTC,0.006698846381610421,0.0,1780574.762194254
2019-03-13 00:00:00 UTC,0.006477980746662129,0.0,7272722.021730463
2019-03-14 00:00:00 UTC,0.006421338300176205,0.0,1728641.6235166853
2019-03-15 00:00:00 UTC,0.006308955543275645,0.0,671227.8931717383
2019-03-16 00:00:00 UTC,0.006191504706749332,0.0,233477.77851949332
2019-03-17 00:00:00 UTC,0.006401205565757548,0.0,2064678.7106171793
2019-03-18 00:00:00 UTC,0.006199707004905329,0.0,608087.8412217909
2019-03-19 00:00:00 UTC,0.006165124382713061,0.0,145314.7373100778
2019-03-20 00:00:00 UTC,0.006348322705309184,0.0,66915.16792489588
2019-03-21 00:00:00 UTC,0.006646540507868943,0.0,1283784.7208759866
2019-03-22 00:00:00 UTC,0.0062089344257975415,0.0,3124248.8105269508
2019-03-23 00:00:00 UTC,0.006185728831072471,0.0,3308803.5964998887
2019-03-24 00:00:00 UTC,0.007009154857585253,0.0,2476369.885617768
2019-03-25 00:00:00 UTC,0.008692831341476746,0.0,2546905.713840011
2019-03-26 00:00:00 UTC,0.007302566675479547,0.0,733374.5250054069
2019-03-27 00:00:00 UTC,0.006819417863874596,0.0,237426.6045360385
2019-03-28 00:00:00 UTC,0.006872230596733492,0.0,216049.09614961589
2019-03-29 00:00:00 UTC,0.00664809567270015,0.0,407037.79641446745
2019-03-30 00:00:00 UTC,0.006584081960924519,0.0,180787.58439319627
2019-03-31 00:00:00 UTC,0.0074425606804413,0.0,1500615.452218732
2019-04-01 00:00:00 UTC,0.006908161203829367,0.0,540157.7807210278
2019-04-02 00:00:00 UTC,0.006976436170348834,0.0,5715795.4071132
2019-04-03 00:00:00 UTC,0.0076657167104916095,0.0,1133575.0290744898
2019-04-04 00:00:00 UTC,0.007331853723295048,0.0,715461.0051873071
2019-04-05 00:00:00 UTC,0.007695086247394905,0.0,949357.146113035
2019-04-06 00:00:00 UTC,0.008322440355140945,0.0,355409.30886921554
2019-04-07 00:00:00 UTC,0.01146565023951901,0.0,2421105.049018971
2019-04-08 00:00:00 UTC,0.011868877682890836,0.0,4737974.972747978
2019-04-09 00:00:00 UTC,0.01033305426613392,0.0,3077605.3637881875
2019-04-10 00:00:00 UTC,0.009595220514134261,0.0,943246.2577220876
2019-04-11 00:00:00 UTC,0.00953085176472792,0.0,963057.828291885
2019-04-12 00:00:00 UTC,0.008254392455408334,0.0,921908.3831848562
2019-04-13 00:00:00 UTC,0.008583855956969226,0.0,567422.6109817942
2019-04-14 00:00:00 UTC,0.00837027805807591,0.0,976662.4781561773
2019-04-15 00:00:00 UTC,0.008451134218942469,0.0,699994.164915253
2019-04-16 00:00:00 UTC,0.0088025277648807,0.0,1443694.1698052492
2019-04-17 00:00:00 UTC,0.009137842369536353,0.0,1240465.8345794496
2019-04-18 00:00:00 UTC,0.00885728374960554,0.0,1859701.6296399916
2019-04-19 00:00:00 UTC,0.008605236353331361,0.0,1196675.8167609987
2019-04-20 00:00:00 UTC,0.008802861733458473,0.0,1481415.0189610817
2019-04-21 00:00:00 UTC,0.008440230637342245,0.0,136422.29607110724
2019-04-22 00:00:00 UTC,0.007842593612387296,0.0,4968866.674762296
2019-04-23 00:00:00 UTC,0.007796345045188902,0.0,2450160.8278274992
2019-04-24 00:00:00 UTC,0.007915925678372815,0.0,772128.4733448621
2019-04-25 00:00:00 UTC,0.007387815198763206,0.0,803117.1940509418
2019-04-26 00:00:00 UTC,0.006667274881540173,0.0,107172.49569731829
2019-04-27 00:00:00 UTC,0.006127933460529776,0.0,504912.6789928302
2019-04-28 00:00:00 UTC,0.006066975833805437,0.0,1684048.0319220377
2019-04-29 00:00:00 UTC,0.006728704840140934,0.0,361341.3651776052
2019-04-30 00:00:00 UTC,0.006315130937441793,0.0,592114.7874795161
2019-05-01 00:00:00 UTC,0.006327997610436384,0.0,276271.24041964306
2019-05-02 00:00:00 UTC,0.006261792885996262,0.0,252081.74037373628
2019-05-03 00:00:00 UTC,0.006238984188024605,0.0,104643.63208338329
2019-05-04 00:00:00 UTC,0.006796007026469321,0.0,385842.1080649734
2019-05-05 00:00:00 UTC,0.006274377659666956,0.0,235684.47298243642
2019-05-06 00:00:00 UTC,0.00621272404057735,0.0,434625.70155779546
2019-05-07 00:00:00 UTC,0.006343784041271711,0.0,370070.9713268272
2019-05-08 00:00:00 UTC,0.006423928917082393,0.0,542801.8398837369
2019-05-09 00:00:00 UTC,0.00630046577869062,0.0,491253.9196290258
2019-05-10 00:00:00 UTC,0.006330188798463807,0.0,529102.941986812
2019-05-11 00:00:00 UTC,0.006131908592208467,0.0,396222.2327300943
2019-05-12 00:00:00 UTC,0.006492420968062511,0.0,576913.0985572657
2019-05-13 00:00:00 UTC,0.006014518080911875,0.0,488135.4407371492
2019-05-14 00:00:00 UTC,0.006005932239739343,0.0,483330.42305617896
2019-05-15 00:00:00 UTC,0.00626191110532945,0.0,511614.14955763053
2019-05-16 00:00:00 UTC,0.007055929987910259,0.0,607000.3877707106
2019-05-17 00:00:00 UTC,0.006828111591923493,0.0,1112077.2904192167
2019-05-18 00:00:00 UTC,0.006694976333775201,0.0,643170.8456659155
2019-05-19 00:00:00 UTC,0.006528525659565812,0.0,471398.8977164117
2019-05-20 00:00:00 UTC,0.006937452532317853,0.0,88381.98769615246
2019-05-21 00:00:00 UTC,0.006491979690542963,0.0,250635.85346652524
2019-05-22 00:00:00 UTC,0.0066700888212893675,0.0,638459.2375431967
2019-05-23 00:00:00 UTC,0.006848746004922615,0.0,431186.7786456874
2019-05-24 00:00:00 UTC,0.007055569768290586,0.0,620509.2450772312
2019-05-25 00:00:00 UTC,0.006801842196527081,0.0,550969.6674034144
2019-05-26 00:00:00 UTC,0.006666933403101584,0.0,490578.7304950957
2019-05-27 00:00:00 UTC,0.007252274370286691,0.0,632130.0900882076
2019-05-28 00:00:00 UTC,0.006983043877744285,0.0,573535.5883878719
2019-05-29 00:00:00 UTC,0.007649088998920544,0.0,715037.6142948245
2019-05-30 00:00:00 UTC,0.007082583476912268,0.0,228307.61011440307
2019-05-31 00:00:00 UTC,0.00672588192417388,0.0,691040.953525025
2019-06-01 00:00:00 UTC,0.00692672521952655,0.0,96268.10017702317
2019-06-02 00:00:00 UTC,0.006822697533671973,0.0,99494.11085408904
2019-06-03 00:00:00 UTC,0.006871254863904224,0.0,79565.75940095451
2019-06-04 00:00:00 UTC,0.006324701904407186,0.0,122240.96371276319
2019-06-05 00:00:00 UTC,0.006089153853736189,0.0,114322.48152187376
2019-06-06 00:00:00 UTC,0.00633781231913947,0.0,132983.6789476212
2019-06-07 00:00:00 UTC,0.006806884241546595,0.0,793131.2583337507
2019-06-08 00:00:00 UTC,0.006717982711347641,0.0,584940.6860054935
2019-06-09 00:00:00 UTC,0.006742946955106315,0.0,737928.71901684
2019-06-10 00:00:00 UTC,0.006368363233877112,0.0,623732.8490299807
2019-06-11 00:00:00 UTC,0.006416354762285764,0.0,606770.0222628928
2019-06-12 00:00:00 UTC,0.006555012108460823,0.0,199625.7757136832
2019-06-13 00:00:00 UTC,0.0064325448803311995,0.0,104518.85284719669
2019-06-14 00:00:00 UTC,0.006530500961321363,0.0,1226322.5742635578
2019-06-15 00:00:00 UTC,0.006352756730935631,0.0,452086.5608595362
2019-06-16 00:00:00 UTC,0.006439430610994273,0.0,540996.6229471455
2019-06-17 00:00:00 UTC,0.006385148366742036,0.0,586005.7190177965
2019-06-18 00:00:00 UTC,0.006391818959443459,0.0,118873.29466953984
2019-06-19 00:00:00 UTC,0.006128736337711154,0.0,466017.2020682936
2019-06-20 00:00:00 UTC,0.006090752420644196,0.0,331397.6598905395
2019-06-21 00:00:00 UTC,0.006121659413540992,0.0,562476.1593735084
2019-06-22 00:00:00 UTC,0.0059856162065295105,0.0,199909.87445799317
2019-06-23 00:00:00 UTC,0.005625101097369129,0.0,654396.0635197195
2019-06-24 00:00:00 UTC,0.005798994632079587,0.0,443499.6316611659
2019-06-25 00:00:00 UTC,0.005555358401207157,0.0,522622.0822085297
2019-06-26 00:00:00 UTC,0.005591609804450479,0.0,473675.33455655817
2019-06-27 00:00:00 UTC,0.005420887496361036,0.0,640809.0317224817
2019-06-28 00:00:00 UTC,0.004607054157045276,0.0,360382.55904044316
2019-06-29 00:00:00 UTC,0.005135432064977256,0.0,592254.6191214276
2019-06-30 00:00:00 UTC,0.005226546810438343,0.0,535160.8543200635
2019-07-01 00:00:00 UTC,0.004966256208048435,0.0,467641.1803707477
2019-07-02 00:00:00 UTC,0.005202744792319812,0.0,453460.2837851009
2019-07-03 00:00:00 UTC,0.0049567460185099685,0.0,258935.3263152171
2019-07-04 00:00:00 UTC,0.0049175002064103706,0.0,153225.7027864031
2019-07-05 00:00:00 UTC,0.004927536759625499,0.0,122866.2596712922
2019-07-06 00:00:00 UTC,0.005374516951694487,0.0,1014197.8256743407
2019-07-07 00:00:00 UTC,0.004871648488836657,0.0,157610.8828663875
2019-07-08 00:00:00 UTC,0.005280579725612168,0.0,1399291.3657626638
2019-07-09 00:00:00 UTC,0.005262608403969709,0.0,1068257.4851618817
2019-07-10 00:00:00 UTC,0.007008264054958041,0.0,2517572.8626829404
2019-07-11 00:00:00 UTC,0.006238291669753955,0.0,2568696.723469062
2019-07-12 00:00:00 UTC,0.005060535668976888,0.0,1194308.9191661626
2019-07-13 00:00:00 UTC,0.004800628925750248,0.0,1628458.8371441097
2019-07-14 00:00:00 UTC,0.005885796988398784,0.0,4584516.472964392
2019-07-15 00:00:00 UTC,0.005323398876289791,0.0,4436921.093041399
2019-07-16 00:00:00 UTC,0.005972240662125375,0.0,5170758.689109651
2019-07-17 00:00:00 UTC,0.004743563761992832,0.0,4185682.897315021
2019-07-18 00:00:00 UTC,0.006237382476458635,0.0,5631316.333696073
2019-07-19 00:00:00 UTC,0.006501449704464579,0.0,5977707.40726286
2019-07-20 00:00:00 UTC,0.005897406186135526,0.0,5421278.500909233
2019-07-21 00:00:00 UTC,0.0063613216249904896,0.0,4808905.626640076
2019-07-22 00:00:00 UTC,0.0063107062284743064,0.0,6921744.442549229
2019-07-23 00:00:00 UTC,0.006458724470866653,0.0,9684609.58015924
2019-07-24 00:00:00 UTC,0.007139226072914921,0.0,12677026.572672375
2019-07-25 00:00:00 UTC,0.006877355332545528,0.0,6586114.074650314
2019-07-26 00:00:00 UTC,0.006543546149555199,0.0,436369.42314727645
2019-07-27 00:00:00 UTC,0.0068671204650803275,0.0,1032629.5353943951
2019-07-28 00:00:00 UTC,0.006242684814217201,0.0,3282573.983388427
2019-07-29 00:00:00 UTC,0.006945457108348465,0.0,3751066.5903113233
2019-07-30 00:00:00 UTC,0.006665417117230935,0.0,3513336.338680102
2019-07-31 00:00:00 UTC,0.006031017505779077,0.0,2350349.027914039
2019-08-01 00:00:00 UTC,0.006044413128692193,0.0,2235527.4620141196
2019-08-02 00:00:00 UTC,0.0055988489664153115,0.0,3857009.297073124
2019-08-03 00:00:00 UTC,0.005495639840669872,0.0,2180266.4740932016
2019-08-04 00:00:00 UTC,0.005297019948821975,0.0,4120307.4582946002
2019-08-05 00:00:00 UTC,0.0054762838029211,0.0,3857014.533492892
2019-08-06 00:00:00 UTC,0.006941767672424092,0.0,4545709.784779766
2019-08-07 00:00:00 UTC,0.006672929558471204,0.0,2598792.9809445553
2019-08-08 00:00:00 UTC,0.0061327093970231054,0.0,2733323.13470071
2019-08-09 00:00:00 UTC,0.005977398398296061,0.0,720747.5370589413
2019-08-10 00:00:00 UTC,0.005546318077614232,0.0,28450523.58288005
2019-08-11 00:00:00 UTC,0.0054302185265943355,0.0,2084022.9442791482
2019-08-12 00:00:00 UTC,0.005546051885831035,0.0,2871555.6281189616
2019-08-13 00:00:00 UTC,0.005357391562407355,0.0,2071375.4136836287
2019-08-14 00:00:00 UTC,0.005229289259601767,0.0,4612456.312451273
2019-08-15 00:00:00 UTC,0.004703797207555712,0.0,4130176.6791985845
2019-08-16 00:00:00 UTC,0.004963395900705594,0.0,2773976.4009715524
2019-08-17 00:00:00 UTC,0.004848434178445583,0.0,3474034.9409594396
2019-08-18 00:00:00 UTC,0.004802068734793789,0.0,3470703.7180644413
2019-08-19 00:00:00 UTC,0.00497011420441826,0.0,3366573.2278597546
2019-08-20 00:00:00 UTC,0.004793267277953855,0.0,2838440.835896955
2019-08-21 00:00:00 UTC,0.004511370093747786,0.0,2640747.4461641456
2019-08-22 00:00:00 UTC,0.004292976623623813,0.0,2607788.4009531895
2019-08-23 00:00:00 UTC,0.004207788182077648,0.0,2516422.1065815445
2019-08-24 00:00:00 UTC,0.004245716496890404,0.0,2129892.832556002
2019-08-25 00:00:00 UTC,0.004200516940254501,0.0,2129895.5295063937
2019-08-26 00:00:00 UTC,0.004506487637022447,0.0,213418.12045975123
2019-08-27 00:00:00 UTC,0.0041646554622727094,0.0,2119751.5074906647
2019-08-28 00:00:00 UTC,0.0041319022297856296,0.0,2215787.973410244
2019-08-29 00:00:00 UTC,0.0038325866301174975,0.0,2106693.469166034
2019-08-30 00:00:00 UTC,0.003388841492296297,0.0,2862918.151708568
2019-08-31 00:00:00 UTC,0.003472519083746474,0.0,2434010.3862319184
2019-09-01 00:00:00 UTC,0.003473940473424665,0.0,402349.6606161128
2019-09-02 00:00:00 UTC,0.0034367632140191156,0.0,776577.0110086458
2019-09-03 00:00:00 UTC,0.0033901103393128725,0.0,119081.84002386595
2019-09-04 00:00:00 UTC,0.003720481587120043,0.0,208578.3661340438
2019-09-05 00:00:00 UTC,0.003551686154302781,0.0,187505.39522079605
2019-09-06 00:00:00 UTC,0.0032819782163512764,0.0,169553.96114735692
2019-09-07 00:00:00 UTC,0.0031339984270477607,0.0,380528.76581644895
2019-09-08 00:00:00 UTC,0.0030623704453948608,0.0,472430.418061573
2019-09-09 00:00:00 UTC,0.003025748633063337,0.0,394522.8933800579
2019-09-10 00:00:00 UTC,0.0029840488485800847,0.0,267121.56125226483
2019-09-11 00:00:00 UTC,0.002919727997764648,0.0,448335.14578798605
2019-09-12 00:00:00 UTC,0.004140758198609428,0.0,3976661.8897376927
2019-09-13 00:00:00 UTC,0.0034127217309815267,0.0,1525268.630432453
2019-09-14 00:00:00 UTC,0.0033450447852055205,0.0,795519.271441273
2019-09-15 00:00:00 UTC,0.003129028916653382,0.0,432851.48737363354
2019-09-16 00:00:00 UTC,0.0031739423069578753,0.0,654977.8801869056
2019-09-17 00:00:00 UTC,0.003058657599085686,0.0,584961.3090902277
2019-09-18 00:00:00 UTC,0.003057782702686033,0.0,545448.7679493383
2019-09-19 00:00:00 UTC,0.0032049075725697805,0.0,965667.853420579
2019-09-20 00:00:00 UTC,0.0032389384764425827,0.0,632286.0969113174
2019-09-21 00:00:00 UTC,0.003117887404228563,0.0,257203.04742410986
2019-09-22 00:00:00 UTC,0.0030930202597352747,0.0,445564.09110001015
2019-09-23 00:00:00 UTC,0.0032094158541544366,0.0,1216953.8785278827
2019-09-24 00:00:00 UTC,0.0031400907956562096,0.0,674884.0518295955
2019-09-25 00:00:00 UTC,0.002589255784299367,0.0,713211.4182161996
2019-09-26 00:00:00 UTC,0.002658328191108785,0.0,271056.3101049394
2019-09-27 00:00:00 UTC,0.0023935017952598295,0.0,186800.34470744262
2019-09-28 00:00:00 UTC,0.0023510143163345512,0.0,2091165.9199693028
2019-09-29 00:00:00 UTC,0.002372433862513669,0.0,626065.8264015428
2019-09-30 00:00:00 UTC,0.002426444968149159,0.0,311468.07049744163
2019-10-01 00:00:00 UTC,0.0024740709010297743,0.0,438689.2427961828
2019-10-02 00:00:00 UTC,0.0025703156983581973,0.0,119569.77449328524
2019-10-03 00:00:00 UTC,0.0025703156983581973,0.0,119569.77449328524
2019-10-04 00:00:00 UTC,0.0024089122699335226,0.0,168708.31330763848
2019-10-05 00:00:00 UTC,0.0024140463623894396,0.0,169428.84875437524
2019-10-06 00:00:00 UTC,0.0024547845405880524,0.0,98190.29983656338
2019-10-07 00:00:00 UTC,0.002344900454099634,0.0,225726.58778055836
2019-10-08 00:00:00 UTC,0.0023109498070540244,0.0,295962.1366416625
2019-10-09 00:00:00 UTC,0.0022716417168828088,0.0,124391.7525619741
2019-10-10 00:00:00 UTC,0.0022263001356490034,0.0,123766.5960849501
2019-10-11 00:00:00 UTC,0.0021477236058011014,0.0,493066.83294422895
2019-10-12 00:00:00 UTC,0.002119681766136492,0.0,491990.59003630426
2019-10-13 00:00:00 UTC,0.002114866718385357,0.0,430798.66253073944
2019-10-14 00:00:00 UTC,0.00211970726288187,0.0,430422.3774340514
2019-10-15 00:00:00 UTC,0.0020275317516842205,0.0,432251.80930732365
2019-10-16 00:00:00 UTC,0.0019506768289513374,0.0,304482.2255089509
2019-10-17 00:00:00 UTC,0.001782712211463034,0.0,608439.8356825295
2019-10-18 00:00:00 UTC,0.001713747030823024,0.0,406118.4340821115
2019-10-19 00:00:00 UTC,0.0018387033872359442,0.0,635979.0535250343
2019-10-20 00:00:00 UTC,0.0018240644060930618,0.0,465367.40644051816
2019-10-21 00:00:00 UTC,0.001653197652764293,0.0,149454.90908745065
2019-10-22 00:00:00 UTC,0.0018285055208393467,0.0,779988.0180484456
2019-10-23 00:00:00 UTC,0.0018102036251204242,0.0,910707.3050458482
2019-10-24 00:00:00 UTC,0.001805679443555808,0.0,1204543.3095668517
2019-10-25 00:00:00 UTC,0.0017298238720168007,0.0,641033.6066830201
2019-10-26 00:00:00 UTC,0.0018212362813674755,0.0,855812.967313483
2019-10-27 00:00:00 UTC,0.0019296313762279511,0.0,1174852.1947660637
2019-10-28 00:00:00 UTC,0.0019869247134751116,0.0,1478661.8375707823
2019-10-29 00:00:00 UTC,0.002009792078154534,0.0,988581.3675146911
2019-10-30 00:00:00 UTC,0.0021232164142499935,0.0,1165379.402027479
2019-10-31 00:00:00 UTC,0.0020010836379376483,0.0,902185.6479760732
2019-11-01 00:00:00 UTC,0.0019613836019865896,0.0,1171228.3164785607
2019-11-02 00:00:00 UTC,0.0020779992117287136,0.0,10917526.061418317
2019-11-03 00:00:00 UTC,0.002080756570955638,0.0,18476169.426810477
2019-11-04 00:00:00 UTC,0.0020472725077991362,0.0,17011107.014788188
2019-11-05 00:00:00 UTC,0.0020748366822376293,0.0,8926550.427495081
2019-11-06 00:00:00 UTC,0.00203773738860569,0.0,9499786.35004324
2019-11-07 00:00:00 UTC,0.002057819457074791,0.0,13160059.961145973
2019-11-08 00:00:00 UTC,0.0020703048641859596,0.0,9729504.591305623
2019-11-09 00:00:00 UTC,0.002062105212788739,0.0,9583046.10970774
2019-11-10 00:00:00 UTC,0.0020820794192070897,0.0,7916409.209666926
2019-11-11 00:00:00 UTC,0.002083242524001558,0.0,9264378.857208783
2019-11-12 00:00:00 UTC,0.002055855765967201,0.0,10913757.79769647
2019-11-13 00:00:00 UTC,0.0020688913721968213,0.0,10220201.764213493
2019-11-14 00:00:00 UTC,0.0019927970185435384,0.0,11387392.447846396
2019-11-15 00:00:00 UTC,0.0018616164183104448,0.0,10764071.527807623
2019-11-16 00:00:00 UTC,0.001973673982187093,0.0,12018837.86041958
2019-11-17 00:00:00 UTC,0.0020062178329010834,0.0,12404437.260600327
2019-11-18 00:00:00 UTC,0.002024626190155912,0.0,11388881.801977064
2019-11-19 00:00:00 UTC,0.001990902577866802,0.0,17313989.55931923
2019-11-20 00:00:00 UTC,0.001975948760948741,0.0,9870155.436231116
2019-11-21 00:00:00 UTC,0.0017084602367970754,0.0,9048778.457535125
2019-11-22 00:00:00 UTC,0.0017275433080408285,0.0,1914382.6348259563
2019-11-23 00:00:00 UTC,0.0017143082862830351,0.0,1276809.154851625
2019-11-24 00:00:00 UTC,0.0017236654512597118,0.0,999681.5416353361
2019-11-25 00:00:00 UTC,0.0015339663673126203,0.0,1874443.1885692012
2019-11-26 00:00:00 UTC,0.0014080560164154484,0.0,591100.5108609358
2019-11-27 00:00:00 UTC,0.0014391419606259702,0.0,210442.22170404874
2019-11-28 00:00:00 UTC,0.0014076483042515266,0.0,179635.5548413608
2019-11-29 00:00:00 UTC,0.001368217543467081,0.0,88077.50157334302
2019-11-30 00:00:00 UTC,0.0013705030687143984,0.0,73691.23133306847
2019-12-01 00:00:00 UTC,0.0013417428040246196,0.0,67399.00101022088
2019-12-02 00:00:00 UTC,0.0013391824477898325,0.0,75879.69321688407
2019-12-03 00:00:00 UTC,0.001285874564566956,0.0,102937.08804686964
2019-12-04 00:00:00 UTC,0.0012796859733412722,0.0,126439.00983395828
2019-12-05 00:00:00 UTC,0.0012640888462522397,0.0,123442.8908757838
2019-12-06 00:00:00 UTC,0.001427532021236987,0.0,361879.37583735207
2019-12-07 00:00:00 UTC,0.0013996143585760187,0.0,180691.14041812776
2019-12-08 00:00:00 UTC,0.0014419654324487204,0.0,192712.0030787651
2019-12-09 00:00:00 UTC,0.0014375373635705587,0.0,94975.1995539835
2019-12-10 00:00:00 UTC,0.00142882302088359,0.0,108384.6356677836
2019-12-11 00:00:00 UTC,0.0013536358619706506,0.0,128647.57764336141
2019-12-12 00:00:00 UTC,0.0015474302393126496,0.0,355061.60605362366
2019-12-13 00:00:00 UTC,0.0014365812997407786,0.0,677187.9307163506
2019-12-14 00:00:00 UTC,0.0014568651108726948,0.0,295946.5094510932
2019-12-15 00:00:00 UTC,0.0014150709258977077,0.0,503061.91311241896
2019-12-16 00:00:00 UTC,0.0015960277033037547,0.0,1228779.4129855656
2019-12-17 00:00:00 UTC,0.0016586194776833276,0.0,731599.169119479
2019-12-18 00:00:00 UTC,0.0014606808273030045,0.0,497704.025836239
2019-12-19 00:00:00 UTC,0.0013931297363985562,0.0,293106.6901788975
2019-12-20 00:00:00 UTC,0.0014424688434898903,0.0,367150.4079487038
2019-12-21 00:00:00 UTC,0.0014128734096731028,0.0,225456.2800286721
2019-12-22 00:00:00 UTC,0.0014310955613702806,0.0,190505.06532025282
2019-12-23 00:00:00 UTC,0.001426552710076404,0.0,130074.52959880525
2019-12-24 00:00:00 UTC,0.0014091396628044758,0.0,147749.74133460218
2019-12-25 00:00:00 UTC,0.0013928157531557458,0.0,132479.22932388075
2019-12-26 00:00:00 UTC,0.0014099031594385747,0.0,263225.0213108693
2019-12-27 00:00:00 UTC,0.0014164514912123004,0.0,316914.046257597
2019-12-28 00:00:00 UTC,0.0014084965432698464,0.0,129110.47537541769
2019-12-29 00:00:00 UTC,0.0013987570468701382,0.0,70462.80922827379
2019-12-30 00:00:00 UTC,0.0013910640005669603,0.0,99540.26394164136
2019-12-31 00:00:00 UTC,0.0013743130822811062,0.0,70502.4857113131
2020-01-01 00:00:00 UTC,0.0013660310683427815,0.0,92994.90495378716
2020-01-02 00:00:00 UTC,0.0016323653639947985,0.0,782483.3580476776
2020-01-03 00:00:00 UTC,0.0014504014582022303,0.0,797415.8197467003
2020-01-04 00:00:00 UTC,0.0014656548151803367,0.0,252775.61955360376
2020-01-05 00:00:00 UTC,0.001459839826126664,0.0,59095.251179543855
2020-01-06 00:00:00 UTC,0.0014727421884280117,0.0,81036.59250055804
2020-01-07 00:00:00 UTC,0.0015449988111066204,0.0,725611.2456380181
2020-01-08 00:00:00 UTC,0.0015216806016009503,0.0,216555.07353724982
2020-01-09 00:00:00 UTC,0.0015209995894431975,0.0,128408.16546877967
2020-01-10 00:00:00 UTC,0.0014816659604320495,0.0,77619.42317873058
2020-01-11 00:00:00 UTC,0.0014999258882239924,0.0,81562.63820378346
2020-01-12 00:00:00 UTC,0.0014543561470072648,0.0,56139.23588603429
2020-01-13 00:00:00 UTC,0.001462743646790938,0.0,64242.66902452754
2020-01-14 00:00:00 UTC,0.0014841615359535562,0.0,844099.8713288952
2020-01-15 00:00:00 UTC,0.0014426809183638546,0.0,249877.2762543182
2020-01-16 00:00:00 UTC,0.001481387327542482,0.0,237974.41250106646
2020-01-17 00:00:00 UTC,0.001580687335117401,0.0,389801.5811508086
2020-01-18 00:00:00 UTC,0.0015337768584776474,0.0,360294.34267179307
2020-01-19 00:00:00 UTC,0.0017728530037757807,0.0,776085.764871191
2020-01-20 00:00:00 UTC,0.0015288281580989867,0.0,617358.3220417156
2020-01-21 00:00:00 UTC,0.0014977345006618507,0.0,336584.8069047126
2020-01-22 00:00:00 UTC,0.0015462145134721517,0.0,438689.0231840413
2020-01-23 00:00:00 UTC,0.0015424970731927482,0.0,126887.61846989043
2020-01-24 00:00:00 UTC,0.0015025307825489748,0.0,332723.3004025109
2020-01-25 00:00:00 UTC,0.001568021940986401,0.0,144931.17180190058
2020-01-26 00:00:00 UTC,0.001537055745953654,0.0,162460.18053109144
2020-01-27 00:00:00 UTC,0.0015416384472591955,0.0,165644.39803954834
2020-01-28 00:00:00 UTC,0.0015386482559831556,0.0,65364.1292911711
2020-01-29 00:00:00 UTC,0.0015524319883823072,0.0,88220.87090981472
2020-01-30 00:00:00 UTC,0.0015508312895446033,0.0,106397.12808494673
2020-01-31 00:00:00 UTC,0.001563885972667111,0.0,112531.36334170854
2020-02-01 00:00:00 UTC,0.0015930722211576738,0.0,101432.69027739298
2020-02-02 00:00:00 UTC,0.001580615184384815,0.0,97284.00775462952
2020-02-03 00:00:00 UTC,0.0016153845270819968,0.0,143677.80138839988
2020-02-04 00:00:00 UTC,0.001655829932424408,0.0,151533.30166029243
2020-02-05 00:00:00 UTC,0.0016321573310596582,0.0,101832.16952064827
2020-02-06 00:00:00 UTC,0.0017268099376100663,0.0,178181.02703359176
2020-02-07 00:00:00 UTC,0.00176451985329283,0.0,139637.35418533985
2020-02-08 00:00:00 UTC,0.002031437100168483,0.0,398320.40445052594
2020-02-09 00:00:00 UTC,0.002137655484536415,0.0,415957.6597586463
2020-02-10 00:00:00 UTC,0.002096812956272365,0.0,240336.59888288233
2020-02-11 00:00:00 UTC,0.002008006799840786,0.0,140384.88627071553
2020-02-12 00:00:00 UTC,0.0021282188878470063,0.0,283568.0993087914
2020-02-13 00:00:00 UTC,0.002820159623027758,0.0,1753931.7156743403
2020-02-14 00:00:00 UTC,0.0030634016321763246,0.0,6963520.239925968
2020-02-15 00:00:00 UTC,0.0030116537362535937,0.0,1337488.4030946528
2020-02-16 00:00:00 UTC,0.0025223150502700006,0.0,621291.6100683695
2020-02-17 00:00:00 UTC,0.0025597506965291885,0.0,326693.805615724
2020-02-18 00:00:00 UTC,0.002506820689448545,0.0,371396.9731059859
2020-02-19 00:00:00 UTC,0.0026230578274595274,0.0,299850.74166374543
2020-02-20 00:00:00 UTC,0.0027872607486480756,0.0,2399966.599941725
2020-02-21 00:00:00 UTC,0.0027591317856155654,0.0,488157.7050986516
2020-02-22 00:00:00 UTC,0.002705145483777583,0.0,308557.41465175105
2020-02-23 00:00:00 UTC,0.0027006549816210143,0.0,310460.0003831554
2020-02-24 00:00:00 UTC,0.0028462971447519173,0.0,263597.38383076066
2020-02-25 00:00:00 UTC,0.003011256219555862,0.0,809531.4682842502
2020-02-26 00:00:00 UTC,0.0029304948507300173,0.0,4176598.0647814204
2020-02-27 00:00:00 UTC,0.0030107518282703957,0.0,2222421.55841474
2020-02-28 00:00:00 UTC,0.003957543577390393,0.0,4051757.6617087703
2020-02-29 00:00:00 UTC,0.004190650530477927,0.0,5104871.716561822
2020-03-01 00:00:00 UTC,0.003873051351903691,0.0,2399871.886545225
2020-03-02 00:00:00 UTC,0.0034181582409325804,0.0,1116177.759493835
2020-03-03 00:00:00 UTC,0.0035309829587833546,0.0,648775.0424356916
2020-03-04 00:00:00 UTC,0.003666434253845647,0.0,751076.506939503
2020-03-05 00:00:00 UTC,0.004094858422728838,0.0,1768714.8966144584
2020-03-06 00:00:00 UTC,0.005259110171704822,0.0,3459223.588880015
2020-03-07 00:00:00 UTC,0.005476606405668795,0.0,9437669.97958176
2020-03-08 00:00:00 UTC,0.005374470309175525,0.0,2774353.8777492726
2020-03-09 00:00:00 UTC,0.004928912949034965,0.0,1030817.8828405046
2020-03-10 00:00:00 UTC,0.005419301052094218,0.0,2429062.0772076254
2020-03-11 00:00:00 UTC,0.005623440230796697,0.0,9115481.603415178
2020-03-12 00:00:00 UTC,0.004713945611116084,0.0,705754.941888893
2020-03-13 00:00:00 UTC,0.0022043222935223122,0.0,726614.2043613521
2020-03-14 00:00:00 UTC,0.003582430360146573,0.0,1591024.1503121408
2020-03-15 00:00:00 UTC,0.0035032635696081314,0.0,817504.2069165638
2020-03-16 00:00:00 UTC,0.0037168754420722457,0.0,532723.5059529905
2020-03-17 00:00:00 UTC,0.003297882089220961,0.0,452482.0066998022
2020-03-18 00:00:00 UTC,0.0033075464267772804,0.0,678442.834723274
2020-03-19 00:00:00 UTC,0.003278742226473546,0.0,775499.1833293004
2020-03-20 00:00:00 UTC,0.0034320569332001796,0.0,839515.0211338293
2020-03-21 00:00:00 UTC,0.003622288950542432,0.0,733353.3778093186
2020-03-22 00:00:00 UTC,0.003440990048564038,0.0,583095.0670126332
2020-03-23 00:00:00 UTC,0.0032990920420981258,0.0,384899.62511872844
2020-03-24 00:00:00 UTC,0.003253649197980745,0.0,360712.1159643344
2020-03-25 00:00:00 UTC,0.003999233619654717,0.0,1594069.2814257876
2020-03-26 00:00:00 UTC,0.003484337894272876,0.0,1904072.7188895578
2020-03-27 00:00:00 UTC,0.003463886736659026,0.0,511157.5350207012
2020-03-28 00:00:00 UTC,0.0033257298216720363,0.0,503489.54386509396
2020-03-29 00:00:00 UTC,0.0031914115896999992,0.0,358131.19839638955
2020-03-30 00:00:00 UTC,0.0031866856914285284,0.0,355056.2154058054
2020-03-31 00:00:00 UTC,0.0032660798963146825,0.0,357604.9996758631
2020-04-01 00:00:00 UTC,0.0033785254773114498,0.0,416244.85601608554
2020-04-02 00:00:00 UTC,0.0033742827696469036,0.0,1069080.610452117
2020-04-03 00:00:00 UTC,0.0034939253568667577,0.0,436019.58384424145
2020-04-04 00:00:00 UTC,0.003320977068893695,0.0,859493.0351626566
2020-04-05 00:00:00 UTC,0.003588365158941828,0.0,797016.0259228244
2020-04-06 00:00:00 UTC,0.0037150674382546603,0.0,1478973.4921502518
2020-04-07 00:00:00 UTC,0.003949433964181972,0.0,506558.2546801602
2020-04-08 00:00:00 UTC,0.0050433334329105595,0.0,2701788.9156066016
2020-04-09 00:00:00 UTC,0.004283616706411435,0.0,1766203.0248308734
2020-04-10 00:00:00 UTC,0.004132773732878746,0.0,485869.6499033735
2020-04-11 00:00:00 UTC,0.003962361203782227,0.0,646100.1120520353
2020-04-12 00:00:00 UTC,0.004055516369759918,0.0,364287.721112864
2020-04-13 00:00:00 UTC,0.0041396293037368114,0.0,1346273.8665746592
2020-04-14 00:00:00 UTC,0.004173070590058114,0.0,1180519.9266544592
2020-04-15 00:00:00 UTC,0.0042685815831766455,0.0,686348.8258768433
2020-04-16 00:00:00 UTC,0.004380746962266989,0.0,885548.364013504
2020-04-17 00:00:00 UTC,0.004555255603621758,0.0,376761.8383843466
2020-04-18 00:00:00 UTC,0.004532574434134278,0.0,505186.7591740843
2020-04-19 00:00:00 UTC,0.004763675627084551,0.0,1530250.7527632667
2020-04-20 00:00:00 UTC,0.0047494494692949295,0.0,1233224.300894325
2020-04-21 00:00:00 UTC,0.004397760068673767,0.0,1149397.7985603837
2020-04-22 00:00:00 UTC,0.004425739226143588,0.0,1138972.826575269
2020-04-23 00:00:00 UTC,0.004330195654701961,0.0,1158713.25939016
2020-04-24 00:00:00 UTC,0.004345990601618847,0.0,1326549.7928661094
2020-04-25 00:00:00 UTC,0.004600538149137354,0.0,1015118.6395856496
2020-04-26 00:00:00 UTC,0.00464999265910165,0.0,1714148.4415407754
2020-04-27 00:00:00 UTC,0.004616253413585217,0.0,1373096.6270973259
2020-04-28 00:00:00 UTC,0.004519860550579002,0.0,1565170.4243185048
2020-04-29 00:00:00 UTC,0.005077496368616009,0.0,2549187.4742117547
2020-04-30 00:00:00 UTC,0.004688567858846675,0.0,1915144.3837873111
2020-05-01 00:00:00 UTC,0.005142720628070313,0.0,2885220.919167025
2020-05-02 00:00:00 UTC,0.005201032596277342,0.0,2729678.3996145693
2020-05-03 00:00:00 UTC,0.005014506482833929,0.0,1790801.710989804
2020-05-04 00:00:00 UTC,0.005008874458926742,0.0,1667064.2476518997
2020-05-05 00:00:00 UTC,0.004730214102070796,0.0,1143790.860745113
2020-05-06 00:00:00 UTC,0.004980311394834711,0.0,1405077.0094506855
2020-05-07 00:00:00 UTC,0.004834116279933444,0.0,1759909.6754821432
2020-05-08 00:00:00 UTC,0.004883456501342741,0.0,1397288.6523838213
2020-05-09 00:00:00 UTC,0.004926950639884808,0.0,1391924.7698143674
2020-05-10 00:00:00 UTC,0.004805925853930843,0.0,1143739.6422553093
2020-05-11 00:00:00 UTC,0.0047823708150289326,0.0,506653.0280012162
2020-05-12 00:00:00 UTC,0.004478188929693209,0.0,2238487.4940908775
2020-05-13 00:00:00 UTC,0.004360292674033693,0.0,3713239.5844679307
2020-05-14 00:00:00 UTC,0.004930872307970119,0.0,8594164.833512519
2020-05-15 00:00:00 UTC,0.004600517648095561,0.0,4744872.222446856
2020-05-16 00:00:00 UTC,0.004697939541877127,0.0,4877252.154129261
2020-05-17 00:00:00 UTC,0.004471192507490426,0.0,2422039.407488629
2020-05-18 00:00:00 UTC,0.004398477845976769,0.0,8826837.37667141
2020-05-19 00:00:00 UTC,0.004362406456726558,0.0,6065225.615543795
2020-05-20 00:00:00 UTC,0.004479762494516079,0.0,4944941.65397799
2020-05-21 00:00:00 UTC,0.00442224627884172,0.0,5221506.104225368
2020-05-22 00:00:00 UTC,0.004218313111637119,0.0,6129341.292775639
2020-05-23 00:00:00 UTC,0.004198046147362917,0.0,4083580.62879166
2020-05-24 00:00:00 UTC,0.0042824255890914435,0.0,3400155.7335042143
2020-05-25 00:00:00 UTC,0.004254158963371027,0.0,3808487.363380526
2020-05-26 00:00:00 UTC,0.004356829676724735,0.0,4746821.218478575
2020-05-27 00:00:00 UTC,0.004425828311268544,0.0,3848279.2682827534
2020-05-28 00:00:00 UTC,0.004418955164067738,0.0,1842527.9985610563
2020-05-29 00:00:00 UTC,0.004461646442957504,0.0,2095495.9291221707
2020-05-30 00:00:00 UTC,0.004628880238240494,0.0,2209952.8388931616
2020-05-31 00:00:00 UTC,0.004462735724364439,0.0,1917013.2639515246
2020-06-01 00:00:00 UTC,0.004442575477209839,0.0,2562399.343621529
2020-06-02 00:00:00 UTC,0.004398036437143527,0.0,2609410.5533789694
2020-06-03 00:00:00 UTC,0.004506567170732011,0.0,4347014.033235729
2020-06-04 00:00:00 UTC,0.0042540203398422766,0.0,2341433.714797906
2020-06-05 00:00:00 UTC,0.004326783076532137,0.0,2624250.086780122
2020-06-06 00:00:00 UTC,0.004355035209965466,0.0,1417216.4848045106
2020-06-07 00:00:00 UTC,0.004568618845139384,0.0,2826755.453968552
2020-06-08 00:00:00 UTC,0.004789617926079516,0.0,4161846.0403750525
2020-06-09 00:00:00 UTC,0.004874189804133517,0.0,4611591.364416338
2020-06-10 00:00:00 UTC,0.004833130928909227,0.0,2146572.1007340336
2020-06-11 00:00:00 UTC,0.004978872237894649,0.0,1773527.9906305135
2020-06-12 00:00:00 UTC,0.00510711835749065,0.0,3406411.9406818133
2020-06-13 00:00:00 UTC,0.004723998720779004,0.0,3115698.3738367697
2020-06-14 00:00:00 UTC,0.005345502517919514,0.0,4310407.000528539
2020-06-15 00:00:00 UTC,0.004806806103567309,0.0,2992352.8639885555
2020-06-16 00:00:00 UTC,0.004485356146541854,0.0,3300913.2562889997
2020-06-17 00:00:00 UTC,0.006211889426499199,0.0,5720816.716656457
2020-06-18 00:00:00 UTC,0.005970405998533066,0.0,17280088.567781296
2020-06-19 00:00:00 UTC,0.005320908404780529,0.0,4239294.277754643
2020-06-20 00:00:00 UTC,0.005764422269980743,0.0,4149810.309270998
2020-06-21 00:00:00 UTC,0.005722116161830657,0.0,3212397.4965207893
2020-06-22 00:00:00 UTC,0.005765277711469674,0.0,1913229.5243541847
2020-06-23 00:00:00 UTC,0.005824525400978085,0.0,2172519.970952835
2020-06-24 00:00:00 UTC,0.0058339769419014816,0.0,2169384.196769182
2020-06-25 00:00:00 UTC,0.00548479686886042,0.0,1995739.5690097758
2020-06-26 00:00:00 UTC,0.005530797588022819,0.0,414209.1385792431
2020-06-27 00:00:00 UTC,0.0052850501081385705,0.0,288062.4485032126
2020-06-28 00:00:00 UTC,0.006182238282364616,0.0,7050245.871451727
2020-06-29 00:00:00 UTC,0.005637049827752039,0.0,3819980.4404641218
2020-06-30 00:00:00 UTC,0.005529169412040541,0.0,2657108.349408165
2020-07-01 00:00:00 UTC,0.005615305530598947,0.0,1992382.6147179634
2020-07-02 00:00:00 UTC,0.006020982434110322,0.0,3166199.1714406745
2020-07-03 00:00:00 UTC,0.005812736556616214,0.0,1588301.7535731785
2020-07-04 00:00:00 UTC,0.005995754117668505,0.0,2339020.0461407285
2020-07-05 00:00:00 UTC,0.006379250370527324,0.0,1867646.801197012
2020-07-06 00:00:00 UTC,0.006384651751901626,0.0,3959166.5566126406
2020-07-07 00:00:00 UTC,0.0063005422505010185,0.0,1970393.8240144646
2020-07-08 00:00:00 UTC,0.006306206739717685,0.0,1525584.726004017
2020-07-09 00:00:00 UTC,0.006388795741889772,0.0,1709263.6753574652
2020-07-10 00:00:00 UTC,0.006384382988078755,0.0,2327516.712713574
2020-07-11 00:00:00 UTC,0.006650698955507473,0.0,2259006.7801075634
2020-07-12 00:00:00 UTC,0.00680079687275181,0.0,1697720.955009551
2020-07-13 00:00:00 UTC,0.006706047311975321,0.0,1867556.4258128721
2020-07-14 00:00:00 UTC,0.0071125344910456054,0.0,3734589.2208880917
2020-07-15 00:00:00 UTC,0.009088501806175141,0.0,31001639.33871997
2020-07-16 00:00:00 UTC,0.008492330508102152,0.0,4391649.234545966
2020-07-17 00:00:00 UTC,0.008271006790859096,0.0,1784192.467923618
2020-07-18 00:00:00 UTC,0.009669532620760613,0.0,8001045.430939762
2020-07-19 00:00:00 UTC,0.011091343062017027,0.0,7890519.58080635
2020-07-20 00:00:00 UTC,0.010739099348503138,0.0,2918518.7709077843
2020-07-21 00:00:00 UTC,0.012126460951890438,0.0,3390789.117903135
2020-07-22 00:00:00 UTC,0.012607258645507075,0.0,3646817.597941979
2020-07-23 00:00:00 UTC,0.012091064641138707,0.0,3271864.0476579964
2020-07-24 00:00:00 UTC,0.011633877205331834,0.0,2393222.059410651
2020-07-25 00:00:00 UTC,0.010978039583249031,0.0,1874892.893394543
2020-07-26 00:00:00 UTC,0.013404790487057514,0.0,6083002.469859913
2020-07-27 00:00:00 UTC,0.011645025613959052,0.0,7260397.168577102
2020-07-28 00:00:00 UTC,0.011741114367419878,0.0,1525464.1356749479
2020-07-29 00:00:00 UTC,0.011050208800969796,0.0,1030677.8643803685
2020-07-30 00:00:00 UTC,0.011896093096817668,0.0,1682779.2385243587
2020-07-31 00:00:00 UTC,0.011312199442317709,0.0,1633939.0829956087
2020-08-01 00:00:00 UTC,0.011368458703868987,0.0,1426991.7289956326
2020-08-02 00:00:00 UTC,0.011939915981415798,0.0,3898416.7031928506
2020-08-03 00:00:00 UTC,0.011554810086781431,0.0,2309581.2590947556
2020-08-04 00:00:00 UTC,0.011539505537471193,0.0,1570208.1516708492
2020-08-05 00:00:00 UTC,0.01223161651672529,0.0,2227690.394355937
2020-08-06 00:00:00 UTC,0.01421662563926436,0.0,3578888.333330812
2020-08-07 00:00:00 UTC,0.014870671887413327,0.0,4486403.875466798
2020-08-08 00:00:00 UTC,0.016735192153269206,0.0,7553402.736347542
2020-08-09 00:00:00 UTC,0.016891086851163774,0.0,2752692.483607749
2020-08-10 00:00:00 UTC,0.016887370663031014,0.0,2171284.0207730294
2020-08-11 00:00:00 UTC,0.01672844689734793,0.0,2187480.859217779
2020-08-12 00:00:00 UTC,0.0176850660200557,0.0,5257747.929583892
2020-08-13 00:00:00 UTC,0.018333053653610928,0.0,4240948.658407972
2020-08-14 00:00:00 UTC,0.018158054164849557,0.0,4081571.43236863
2020-08-15 00:00:00 UTC,0.023174452670331025,0.0,11660561.78489447
2020-08-16 00:00:00 UTC,0.023797583232698896,0.0,7588658.290230557
2020-08-17 00:00:00 UTC,0.024202056859099177,0.0,3489117.5345124085
2020-08-18 00:00:00 UTC,0.02479458772419818,0.0,3883504.1993067535
2020-08-19 00:00:00 UTC,0.027096182733017452,0.0,2778406.0813010186
2020-08-20 00:00:00 UTC,0.024703873627248588,0.0,3300067.914155216
2020-08-21 00:00:00 UTC,0.025789441163425086,0.0,2350529.207093799
2020-08-22 00:00:00 UTC,0.025907824438060462,0.0,2896462.96367972
2020-08-23 00:00:00 UTC,0.026891985030905206,0.0,2021168.0258300179
2020-08-24 00:00:00 UTC,0.026308234993736433,0.0,3210994.90683345
2020-08-25 00:00:00 UTC,0.02652211290262716,0.0,2008363.9251974195
2020-08-26 00:00:00 UTC,0.02844838628900205,0.0,3488081.1892256625
2020-08-27 00:00:00 UTC,0.03918466513221114,0.0,8100385.527716873
2020-08-28 00:00:00 UTC,0.037110485608182864,0.0,9234255.554618603
2020-08-29 00:00:00 UTC,0.034350143677982975,0.0,5423220.008371863
2020-08-30 00:00:00 UTC,0.032522186009130954,0.0,4041256.5902646035
2020-08-31 00:00:00 UTC,0.034894113509945264,0.0,3638765.981873544
2020-09-01 00:00:00 UTC,0.03589588008466745,0.0,4212812.846260395
2020-09-02 00:00:00 UTC,0.03655572516416624,0.0,4529569.949438871
2020-09-03 00:00:00 UTC,0.03484637469282557,0.0,12166972.39960205
2020-09-04 00:00:00 UTC,0.02519928385012592,0.0,9429165.763576707
2020-09-05 00:00:00 UTC,0.028472017853621204,0.0,9147836.32381294
2020-09-06 00:00:00 UTC,0.026332259131758916,0.0,9219377.811295548
2020-09-07 00:00:00 UTC,0.027685843741377777,0.0,8131939.6607949
2020-09-08 00:00:00 UTC,0.026919558113192122,64690321.19953117,7189109.317810708
2020-09-09 00:00:00 UTC,0.025863626048118045,62432121.21790466,3495476.0492106983
2020-09-10 00:00:00 UTC,0.025996223356240498,62887544.167882495,5234721.934172255
2020-09-11 00:00:00 UTC,0.02769537220053232,66959319.67303899,6369700.811916325
2020-09-12 00:00:00 UTC,0.031080242976915428,74077827.45536405,9371256.22792897
2020-09-13 00:00:00 UTC,0.03016137128552723,72828886.6228306,6673801.570903347
2020-09-14 00:00:00 UTC,0.029899413479727424,72387483.58063757,6832733.219664051
2020-09-15 00:00:00 UTC,0.030435260445146255,73476473.76473062,6318099.967928013
2020-09-16 00:00:00 UTC,0.02672284699732044,64664995.78260075,6525403.881031015
2020-09-17 00:00:00 UTC,0.02638844277821033,63778751.121010736,6247465.3007670725
2020-09-18 00:00:00 UTC,0.02483775280179507,60014201.40156863,7165696.805634688
2020-09-19 00:00:00 UTC,0.01976700000630212,48082198.65174952,6214020.650197232
2020-09-20 00:00:00 UTC,0.02213574385601764,53227423.45182701,5712524.7901421925
2020-09-21 00:00:00 UTC,0.020595099862230855,49969764.6994679,4883899.799827118
2020-09-22 00:00:00 UTC,0.017316807595965215,41680745.09852148,4860917.945974096
2020-09-23 00:00:00 UTC,0.018803321414212718,44103204.08339363,5149538.795266288
2020-09-24 00:00:00 UTC,0.016243426355722124,39418287.71172662,3906319.1567559876
2020-09-25 00:00:00 UTC,0.02053857750365509,48166932.3052046,8878383.65526625
2020-09-26 00:00:00 UTC,0.01876675111549433,45861669.93346984,5482940.726542919
2020-09-27 00:00:00 UTC,0.019204327860129173,46490678.070326924,4453359.978645464
2020-09-28 00:00:00 UTC,0.01900831795604353,45827805.34572927,4324367.541269752
2020-09-29 00:00:00 UTC,0.022019429757809274,51544340.56740916,7782235.329908184
2020-09-30 00:00:00 UTC,0.022137894804723668,53537912.36967671,9160770.540883344
2020-10-01 00:00:00 UTC,0.02260897805704333,55019254.80919833,41627658.947087474
2020-10-02 00:00:00 UTC,0.021125422106310018,50851410.55201181,6032619.600350716
2020-10-03 00:00:00 UTC,0.020173348776294175,48780594.22272348,5355936.6046061525
2020-10-04 00:00:00 UTC,0.021268044840753085,51227287.78690779,37140135.05378159
2020-10-05 00:00:00 UTC,0.020397544383360278,49189706.90207359,4702555.521090663
2020-10-06 00:00:00 UTC,0.020574371611518986,49857722.471898764,4042355.197117831
2020-10-07 00:00:00 UTC,0.02057776284370737,49861104.26455726,3978850.02782617
2020-10-08 00:00:00 UTC,0.019567937362226343,47347918.928858854,3450222.805517344
2020-10-09 00:00:00 UTC,0.02005348956113595,48022275.53361826,4658731.492157371
2020-10-10 00:00:00 UTC,0.020313272595566537,49020630.387817144,4071816.6531704366
2020-10-11 00:00:00 UTC,0.01946031937834108,47157507.02645294,4318354.944329498
2020-10-12 00:00:00 UTC,0.019511854587490968,47203672.77824942,5646403.383675491
2020-10-13 00:00:00 UTC,0.019760858518035662,47828113.29773711,6292803.320686401
2020-10-14 00:00:00 UTC,0.0193497808054353,46768307.86734635,6299317.927765215
2020-10-15 00:00:00 UTC,0.018210280063824323,43997483.74780812,6067422.833702705
2020-10-16 00:00:00 UTC,0.017778025961212005,42939326.886800654,6186087.960705874
2020-10-17 00:00:00 UTC,0.017082000677198957,41305648.0222815,5474762.045943523
2020-10-18 00:00:00 UTC,0.0168095594083652,40524312.58401386,5019496.43143507
2020-10-19 00:00:00 UTC,0.017622880100927038,42619070.78425029,5287356.906895678
2020-10-20 00:00:00 UTC,0.017082333219777198,41347458.370247126,5025358.636282873
2020-10-21 00:00:00 UTC,0.01624074674197098,39212659.0403553,2762657.821552544
2020-10-22 00:00:00 UTC,0.016250647304330974,39305629.688496575,3313183.1964918715
2020-10-23 00:00:00 UTC,0.015895672261938994,38394001.42334587,3710306.7578823287
2020-10-24 00:00:00 UTC,0.013094078459470223,31649788.5050247,3766364.738284129
2020-10-25 00:00:00 UTC,0.012247471063062017,29631827.446496964,5940788.130678367
2020-10-26 00:00:00 UTC,0.014840732353014956,35831247.62770021,6017665.784742261
2020-10-27 00:00:00 UTC,0.014862843859727422,36079845.40652099,5823044.507477789
2020-10-28 00:00:00 UTC,0.015370003501938574,37165450.47556156,4650887.320298972
2020-10-29 00:00:00 UTC,0.015140791045258012,36643527.30736163,4811848.357233361
2020-10-30 00:00:00 UTC,0.015037107821184713,36493873.37008334,3500663.6289074793
2020-10-31 00:00:00 UTC,0.010366392028803509,24909807.14194266,7788656.077603584
2020-11-01 00:00:00 UTC,0.00993028673935515,23953238.439193714,3702202.9446667205
2020-11-02 00:00:00 UTC,0.0066460726820315045,16275661.134962311,6953168.012830039
2020-11-03 00:00:00 UTC,0.008271535159989664,19918627.961176433,7721860.937675286
2020-11-04 00:00:00 UTC,0.007833664888335846,18957828.820337113,2808717.0362514807
2020-11-05 00:00:00 UTC,0.007533734327062967,18318408.401127554,2297758.3084148276
2020-11-06 00:00:00 UTC,0.009183634906761,22440919.638923816,6388527.538530191
2020-11-07 00:00:00 UTC,0.010859392131375625,27405455.90971645,6052666.790039558
2020-11-08 00:00:00 UTC,0.011989111757196583,29071411.865146223,5285153.119187125
2020-11-09 00:00:00 UTC,0.01207649515585013,29560710.413832337,5231208.201346123
2020-11-10 00:00:00 UTC,0.011518430538881297,28246649.430329055,3817150.7986924937
2020-11-11 00:00:00 UTC,0.010397872794723841,25599888.55556635,2971307.408552305
2020-11-12 00:00:00 UTC,0.010032568607171242,24368951.980331574,1128214.1268835745
2020-11-13 00:00:00 UTC,0.009503258853656197,23010466.98078673,1486447.476660013
2020-11-14 00:00:00 UTC,0.010311584730168343,25121709.32456241,1528343.324124822
2020-11-15 00:00:00 UTC,0.009946011801763037,24117641.195737634,1008452.3653764061
2020-11-16 00:00:00 UTC,0.00978976979258231,23863461.89788239,1874786.9193939026
2020-11-17 00:00:00 UTC,0.009930270767858983,24200578.511273865,923074.0058459598
2020-11-18 00:00:00 UTC,0.009509856606937662,23279434.87763523,1201844.334045638
2020-11-19 00:00:00 UTC,0.009266521059800055,22577866.582774054,1505808.6818981643
2020-11-20 00:00:00 UTC,0.009373079159834926,22784982.214596964,1730634.3175537002
2020-11-21 00:00:00 UTC,0.009631584793121964,23429966.904887598,3093512.4332837346
2020-11-22 00:00:00 UTC,0.009587826411545937,23339156.89742884,3431918.73158851
2020-11-23 00:00:00 UTC,0.00878947941782259,21444407.34887442,2888238.9349301383
2020-11-24 00:00:00 UTC,0.008991066616399973,21893559.61602885,2530166.6882871115
2020-11-25 00:00:00 UTC,0.009266944732886213,22562949.37808158,2823544.9359895783
2020-11-26 00:00:00 UTC,0.012218229329521926,29738646.140913557,10377036.212857578
2020-11-27 00:00:00 UTC,0.009938803163754149,24151076.307917245,8655833.93370332
2020-11-28 00:00:00 UTC,0.009876509377736268,24058944.176828306,4473808.704381715
2020-11-29 00:00:00 UTC,0.0102030969346025,25065629.350792326,4641586.378853358
2020-11-30 00:00:00 UTC,0.010580031968408963,25789203.923793886,2991982.265645309
2020-12-01 00:00:00 UTC,0.010256424804466275,25037181.14975847,2172412.087912471
2020-12-02 00:00:00 UTC,0.009995795360775774,24278935.555453613,2191822.279779399
2020-12-03 00:00:00 UTC,0.01017925897213557,24826496.57867425,2035538.1616859415
2020-12-04 00:00:00 UTC,0.010528198067033026,25630705.998555068,2587578.9683878967
2020-12-05 00:00:00 UTC,0.010816654259102351,26507902.13857968,4380875.055625455
2020-12-06 00:00:00 UTC,0.011745684999836983,28790050.71912434,2658544.671529266
2020-12-07 00:00:00 UTC,0.013116437128055554,31820339.876456212,4781752.590561222
2020-12-08 00:00:00 UTC,0.012481052234699067,30516782.92275144,3702125.719826593
2020-12-09 00:00:00 UTC,0.011187052403300165,27393238.536176834,2165033.7581904856
2020-12-10 00:00:00 UTC,0.011559034532625067,28281624.111306522,2512846.976065556
2020-12-11 00:00:00 UTC,0.011168916937276062,27242645.796626348,2638052.0346465283
2020-12-12 00:00:00 UTC,0.011426235605952203,27783010.752507623,2665159.0706241657
2020-12-13 00:00:00 UTC,0.011442003684676124,27874476.537928868,2579403.129996379
2020-12-14 00:00:00 UTC,0.011625481229102404,28357774.207592126,3080893.514159687
2020-12-15 00:00:00 UTC,0.011756089656745869,28637957.702204462,2518177.09431612
2020-12-16 00:00:00 UTC,0.01167981641826444,28461291.803666808,2708434.0545359324
2020-12-17 00:00:00 UTC,0.011427084339376127,27858542.756110538,2920802.258897752
2020-12-18 00:00:00 UTC,0.011503722066441848,28066123.465317573,3651133.59018346
2020-12-19 00:00:00 UTC,0.011327834067127396,27558968.2392643,2484206.874200429
2020-12-20 00:00:00 UTC,0.011335698069984409,27626890.336867142,2702253.9868445313
2020-12-21 00:00:00 UTC,0.011571076649124674,28430824.222212676,3808989.9614530574
2020-12-22 00:00:00 UTC,0.011710265557984312,28540300.385270648,3389459.77388345
2020-12-23 00:00:00 UTC,0.011984530848959372,29167465.241442706,3440228.00233661
2020-12-24 00:00:00 UTC,0.010522672132803827,25716606.86154901,3136084.428173327
2020-12-25 00:00:00 UTC,0.011541319976549986,28303795.265020464,2992238.7889029924
2020-12-26 00:00:00 UTC,0.011474870142403438,27978608.885798443,2605635.166262431
2020-12-27 00:00:00 UTC,0.011216332833442443,27423078.68796743,2388693.8051779694
2020-12-28 00:00:00 UTC,0.010947779969375253,26993439.2727801,2785213.3258660827
2020-12-29 00:00:00 UTC,0.0112038673768647,27271498.429969847,2391001.637573805
2020-12-30 00:00:00 UTC,0.010949198751842252,26630831.55081325,2435560.4950011577
2020-12-31 00:00:00 UTC,0.010675865861601585,26003359.711658996,2416499.7631891915
2021-01-01 00:00:00 UTC,0.01038832327543722,25358104.685657147,2291231.2744967467
2021-01-02 00:00:00 UTC,0.010564233678613295,25739351.57937703,2530365.0403167494
2021-01-03 00:00:00 UTC,0.010478471632733367,25563022.11081563,2616348.8817099514
2021-01-04 00:00:00 UTC,0.010610225329592953,25979197.32207708,3102489.6460880935
2021-01-05 00:00:00 UTC,0.010300283241105202,25078896.688649807,2926748.1225546673
2021-01-06 00:00:00 UTC,0.010771203736218518,26226492.070187993,2801774.4457772025
2021-01-07 00:00:00 UTC,0.010564279242725926,25732554.596913513,3389806.0805545524
2021-01-08 00:00:00 UTC,0.010448161637182568,25406104.97598589,3166806.621168236
2021-01-09 00:00:00 UTC,0.010865276799000045,26449731.797491625,2943558.1395186237
2021-01-10 00:00:00 UTC,0.011793449669793244,28689992.19016905,5202828.843279926
2021-01-11 00:00:00 UTC,0.016832946780674766,41220629.43775078,11680699.505179752
2021-01-12 00:00:00 UTC,0.014121145813817038,34448632.96060774,13508207.20213139
2021-01-13 00:00:00 UTC,0.014104712963848706,34109778.11487711,5126597.830637172
2021-01-14 00:00:00 UTC,0.013857200760171525,33486092.683158394,4131911.781691212
2021-01-15 00:00:00 UTC,0.014232662635477494,34473759.16510646,4225373.858360388
2021-01-16 00:00:00 UTC,0.014048431844255834,34260385.485155344,3772889.14654692
2021-01-17 00:00:00 UTC,0.014493023629437407,35178605.31570203,4537250.190970227
2021-01-18 00:00:00 UTC,0.014608276816808693,35542189.54919278,3710768.1994773904
2021-01-19 00:00:00 UTC,0.016427605717059233,39999003.710043,6377986.756540206
2021-01-20 00:00:00 UTC,0.01630100302311555,39856986.47645006,4275016.99515814
2021-01-21 00:00:00 UTC,0.015926370657606898,38402839.37779577,2380498.859651926
2021-01-22 00:00:00 UTC,0.013737870622631697,33641757.47038368,1874895.3780826933
2021-01-23 00:00:00 UTC,0.01383489728013889,33523018.82802496,2108439.283095318
2021-01-24 00:00:00 UTC,0.013634850515876255,33217790.219879214,1235053.2688049013
2021-01-25 00:00:00 UTC,0.015066786346250215,36942934.60271788,3159954.520797956
2021-01-26 00:00:00 UTC,0.014064669742413988,34256110.78419925,3335291.8997192183
2021-01-27 00:00:00 UTC,0.015139100756019389,37048420.657948345,4318195.129261911
2021-01-28 00:00:00 UTC,0.013539893960682182,32983647.53353295,4402410.910224441
2021-01-29 00:00:00 UTC,0.0136832414495361,33593353.93440928,2686991.966605339
2021-01-30 00:00:00 UTC,0.013578680169402248,33223235.998497497,2417466.490168522
2021-01-31 00:00:00 UTC,0.013381861241480006,32566059.651810475,1617984.1109906568
2021-02-01 00:00:00 UTC,0.013186545547707988,32154215.94372775,4152643.187286192
2021-02-02 00:00:00 UTC,0.01309987491144652,31912551.313897155,4009771.7407353995
2021-02-03 00:00:00 UTC,0.013289328643839197,32517311.352888133,4108383.7876848485
2021-02-04 00:00:00 UTC,0.013737609703318032,33441480.520048827,3347140.1829524734
2021-02-05 00:00:00 UTC,0.01430923967370799,34728928.82355335,5935034.59566717
2021-02-06 00:00:00 UTC,0.015494445260771804,37864845.34428633,5122679.175473546
2021-02-07 00:00:00 UTC,0.016101004044416646,39252284.50161798,5612260.323784863
2021-02-08 00:00:00 UTC,0.015182379210142675,36837166.85947591,4536735.543622469
2021-02-09 00:00:00 UTC,0.01597322043117899,38449496.0113055,4967209.7894545775
2021-02-10 00:00:00 UTC,0.02562437139187036,62525749.398646235,30543890.73313946
2021-02-11 00:00:00 UTC,0.020875064101041937,50682685.75702752,17161296.949605837
2021-02-12 00:00:00 UTC,0.02150055032870189,51880338.00754881,6599079.605934888
2021-02-13 00:00:00 UTC,0.021593818531133784,53034842.9480153,4204728.835846519
2021-02-14 00:00:00 UTC,0.023457223053860162,56892796.681324385,5950975.113621355
2021-02-15 00:00:00 UTC,0.023679853649129685,57713700.715945065,5463320.607733365
2021-02-16 00:00:00 UTC,0.02254282393606971,55343555.34925237,6105333.009060528
2021-02-17 00:00:00 UTC,0.023191079018747503,56641788.32263901,7033715.479981659
2021-02-18 00:00:00 UTC,0.023447411812792127,57215361.951046966,7994862.730256744
2021-02-19 00:00:00 UTC,0.024162526599101664,58694978.09823307,7666448.53738026
2021-02-20 00:00:00 UTC,0.023620503814011005,57576699.159592934,4867781.212749563
2021-02-21 00:00:00 UTC,0.022472983878618413,54561717.92938668,7194726.517354391
2021-02-22 00:00:00 UTC,0.02437161404706838,58310201.914446674,9458162.924215835
2021-02-23 00:00:00 UTC,0.02240458230769073,54884274.23570141,7286469.501562475
2021-02-24 00:00:00 UTC,0.019124842271253273,46611132.81673893,4549630.504745924
2021-02-25 00:00:00 UTC,0.01951694920314291,47611038.46308798,3565730.701088512
2021-02-26 00:00:00 UTC,0.020905476448540586,51246683.99202051,4816651.6319640055
2021-02-27 00:00:00 UTC,0.018661112523079632,45525584.284124605,2641047.2939664214
2021-02-28 00:00:00 UTC,0.02091276210261008,50138656.973536365,4137557.2622858244
2021-03-01 00:00:00 UTC,0.018384880265317382,45053735.456046626,4862281.860288202
2021-03-02 00:00:00 UTC,0.02038227550662004,49731830.53274796,4588340.687978797
2021-03-03 00:00:00 UTC,0.019404013650031936,47130906.76346733,4067895.9717773297
2021-03-04 00:00:00 UTC,0.0198817087309371,48557576.68254798,4993811.844737173
2021-03-05 00:00:00 UTC,0.01851965838730596,45113715.46723418,2658663.435192584
2021-03-06 00:00:00 UTC,0.018709381832658432,45516242.64988973,1608295.3765017448
2021-03-07 00:00:00 UTC,0.019025831511230558,46369823.44433999,7646168.283898369
2021-03-08 00:00:00 UTC,0.020204751597928134,49148993.20644072,13504262.642937826
2021-03-09 00:00:00 UTC,0.019984648676283284,48689636.18756875,9735199.733745122
2021-03-10 00:00:00 UTC,0.021570070407339794,52460071.188084416,10129916.01622666
2021-03-11 00:00:00 UTC,0.02128543989403114,51936613.28534052,8811617.958770683
2021-03-12 00:00:00 UTC,0.024807459337917816,60438959.60979047,16327956.642105754
2021-03-13 00:00:00 UTC,0.025834575582428288,63194618.19732955,20955701.243922703
2021-03-14 00:00:00 UTC,0.02480718425343981,60633779.1910895,15242745.784943204
2021-03-15 00:00:00 UTC,0.024318690807658614,59313565.85106572,12318840.538548782
2021-03-16 00:00:00 UTC,0.023388793614277266,57816862.948172495,11787921.385810196
2021-03-17 00:00:00 UTC,0.025390300508547563,61732830.36954646,14582979.025117705
2021-03-18 00:00:00 UTC,0.026109662816355676,63836967.045390986,15650667.515414117
2021-03-19 00:00:00 UTC,0.02501404614290373,60980263.99482972,12772124.762464566
2021-03-20 00:00:00 UTC,0.02634865335739083,64387007.406416476,10673155.956372734
2021-03-21 00:00:00 UTC,0.026791167300451744,66110423.865885854,15547735.617414126
2021-03-22 00:00:00 UTC,0.028129976228047363,69265226.47182769,14366656.210643407
2021-03-23 00:00:00 UTC,0.029566389520447284,72058224.73804083,17318479.65000311
2021-03-24 00:00:00 UTC,0.030960276794373576,75271065.19246331,29964319.989911973
2021-03-25 00:00:00 UTC,0.028095909724787593,68825255.06020162,20019463.36141041
2021-03-26 00:00:00 UTC,0.028175036931074045,68537961.18379942,21065460.82637857
2021-03-27 00:00:00 UTC,0.02949264835638381,71460021.60802715,15851550.373012284
2021-03-28 00:00:00 UTC,0.02840647693196787,69138966.64243336,14769196.95572644
2021-03-29 00:00:00 UTC,0.028663300882003563,69888333.94870971,15327937.853090534
2021-03-30 00:00:00 UTC,0.030180210673628964,73335262.07963389,16874222.135706313
2021-03-31 00:00:00 UTC,0.028762622184574618,70215586.8890399,14023035.659615917
2021-04-01 00:00:00 UTC,0.030354885660362083,73937854.23986088,16555206.987779483
2021-04-02 00:00:00 UTC,0.030563364931652345,73838276.27686626,12415249.495504642
2021-04-03 00:00:00 UTC,0.030948300962164964,75406145.5282273,16827863.754526485
2021-04-04 00:00:00 UTC,0.0476436326939782,115786610.79260083,60746456.55065943
2021-04-05 00:00:00 UTC,0.045466904620977855,111065839.97962353,39913443.65999205
2021-04-06 00:00:00 UTC,0.04586484436117289,111991184.64723252,34357339.9600244
2021-04-07 00:00:00 UTC,0.05346138471465691,131071566.01409315,42640625.183266975
2021-04-08 00:00:00 UTC,0.051112018141618504,125549576.13635986,50677138.35521797
2021-04-09 00:00:00 UTC,0.05237850127325931,127840371.36880334,28484398.335000765
2021-04-10 00:00:00 UTC,0.05092937437607105,124103466.59957922,29337957.780346744
2021-04-11 00:00:00 UTC,0.04863495479642007,118353483.89445503,24219925.635142706
2021-04-12 00:00:00 UTC,0.053378194042947684,129568119.32766354,34531336.34845967
2021-04-13 00:00:00 UTC,0.04975105845162326,121404887.01432171,25853510.267062142
2021-04-14 00:00:00 UTC,0.051274339156464094,124384112.09552383,29525736.486725442
2021-04-15 00:00:00 UTC,0.04762453566299908,116357971.80515084,27675592.3813505
2021-04-16 00:00:00 UTC,0.0443544330427349,109661444.43077461,26694038.012934867
2021-04-17 00:00:00 UTC,0.04273749487941065,104691418.97047299,24525364.357564673
2021-04-18 00:00:00 UTC,0.04310350788187797,105430013.57936868,17111784.10409622
2021-04-19 00:00:00 UTC,0.037272776374405944,90876704.51459335,22673687.408820383
2021-04-20 00:00:00 UTC,0.03702675212981389,90241730.45805354,22257179.88289275
2021-04-21 00:00:00 UTC,0.03814513465379407,92911106.81803481,22198322.847200416
2021-04-22 00:00:00 UTC,0.04538454713151265,110498537.14660014,38249256.77014202
2021-04-23 00:00:00 UTC,0.04040163946042609,99398037.89743282,32573553.10946928
2021-04-24 00:00:00 UTC,0.0385644471756859,93396279.54170258,24950890.26621582
2021-04-25 00:00:00 UTC,0.04165313870719066,101829566.19500671,24097641.1269914
2021-04-26 00:00:00 UTC,0.044305956492204125,107982632.92005973,19482283.482327748
2021-04-27 00:00:00 UTC,0.04423272701987083,108110393.13794297,22830646.188817065
2021-04-28 00:00:00 UTC,0.04907766868361695,119496278.35430352,30282483.84452062
2021-04-29 00:00:00 UTC,0.046846618375695155,114082065.43055578,28110162.05458583
2021-04-30 00:00:00 UTC,0.04469847509418316,108939280.63669924,23007303.40713602
2021-05-01 00:00:00 UTC,0.048672817850131556,118330621.25709575,27818427.073086444
2021-05-02 00:00:00 UTC,0.04811961111579285,117324691.45568947,22688439.571498673
2021-05-03 00:00:00 UTC,0.04728325091102083,115183506.0307823,24164719.566031598
2021-05-04 00:00:00 UTC,0.04555297465702708,111245976.82977258,17074197.279563103
2021-05-05 00:00:00 UTC,0.0408829476750147,99799015.07645482,23457107.834483
2021-05-06 00:00:00 UTC,0.04342760215401754,105310793.53816992,24895119.874971922
2021-05-07 00:00:00 UTC,0.04358740151330103,106791328.82343279,24612656.40213072
2021-05-08 00:00:00 UTC,0.04165406669051604,101540570.73631068,21164166.380228456
2021-05-09 00:00:00 UTC,0.038567209513188844,93965232.02658412,19649743.899255447
2021-05-10 00:00:00 UTC,0.040150159554975376,97854110.01497266,22225326.830234997
2021-05-11 00:00:00 UTC,0.03625573986558033,88654387.9853443,16872431.791465417
2021-05-12 00:00:00 UTC,0.03784607121656154,90286399.74607262,21740949.691140868
2021-05-13 00:00:00 UTC,0.03457458404604989,85845476.02523777,21262067.998380844
2021-05-14 00:00:00 UTC,0.03779534479998204,91394579.65652163,36226201.977858886
2021-05-15 00:00:00 UTC,0.038271690653342835,92984967.80277315,24331811.53808711
2021-05-16 00:00:00 UTC,0.03736792863430489,91111759.92847222,25679424.927657504
2021-05-17 00:00:00 UTC,0.03702306919514417,90164892.67747091,21299894.68720378
2021-05-18 00:00:00 UTC,0.036452248090257405,88463812.28524736,22551653.828659426
2021-05-19 00:00:00 UTC,0.039818652824151674,95930166.64288594,29994184.751566835
2021-05-20 00:00:00 UTC,0.02902345060892739,71267705.86393152,27337454.89069417
2021-05-21 00:00:00 UTC,0.029182877486552943,71124500.83081944,25352012.73441941
2021-05-22 00:00:00 UTC,0.028902953672107493,70742455.23839286,20590892.241089944
2021-05-23 00:00:00 UTC,0.02997145391352813,73128821.51450716,19684819.806037292
2021-05-24 00:00:00 UTC,0.024455218019884806,59089301.42926265,28513507.94411101
2021-05-25 00:00:00 UTC,0.027982662468971083,68049639.41466276,22697771.549171183
2021-05-26 00:00:00 UTC,0.031792992442427566,77726974.88004549,31581957.42858734
2021-05-27 00:00:00 UTC,0.03249010512533393,78699514.14808059,17377610.52512483
2021-05-28 00:00:00 UTC,0.032567953953660245,79605059.17802936,17216413.28954831
2021-05-29 00:00:00 UTC,0.02958056155982308,72499463.65012024,17238948.27549739
2021-05-30 00:00:00 UTC,0.028802715031082473,70798808.1513776,17066439.810076725
2021-05-31 00:00:00 UTC,0.029318562088626203,71582719.38243316,16443869.14146152
2021-06-01 00:00:00 UTC,0.029385476048580342,72327405.19540988,15632165.94953485
2021-06-02 00:00:00 UTC,0.03314639307794544,80860583.82997966,23254507.919672176
2021-06-03 00:00:00 UTC,0.0351844147862491,85907317.69480446,21817771.3887061
2021-06-04 00:00:00 UTC,0.03546646866071766,86209764.23796278,20494396.017683055
2021-06-05 00:00:00 UTC,0.03648399410519589,89429685.46385956,26416218.768411566
2021-06-06 00:00:00 UTC,0.03946826128771819,96419512.43251617,27899604.4673129
2021-06-07 00:00:00 UTC,0.040848491099296946,99407964.42659888,27227179.90332819
2021-06-08 00:00:00 UTC,0.039508336134829736,97555711.97307391,26792584.02937946
2021-06-09 00:00:00 UTC,0.03911222602336817,95148108.20079522,26084539.565486908
2021-06-10 00:00:00 UTC,0.0397661677170671,97657648.89281689,25469090.28301452
2021-06-11 00:00:00 UTC,0.03835699132245439,93479795.25787649,24908379.849504538
2021-06-12 00:00:00 UTC,0.0423778194880758,102466507.91439608,25377011.602001816
2021-06-13 00:00:00 UTC,0.041010290465003756,100024529.97895035,22924873.285379816
2021-06-14 00:00:00 UTC,0.040990420107025534,99457842.52396333,21744237.113369837
2021-06-15 00:00:00 UTC,0.04161927798003732,101433464.17840946,21969006.445832245
2021-06-16 00:00:00 UTC,0.03934790720200846,95961553.88317345,21045132.017288454
2021-06-17 00:00:00 UTC,0.03728573096064372,90875243.82796885,18725770.98553045
2021-06-18 00:00:00 UTC,0.034748318250670075,84302363.73837979,17408672.11485709
2021-06-19 00:00:00 UTC,0.030313937449680813,74129886.65367527,15112557.964437226
2021-06-20 00:00:00 UTC,0.03298894071349088,80573912.33404543,20883145.64861339
2021-06-21 00:00:00 UTC,0.03190661558942006,77602875.53820036,18209312.373915154
2021-06-22 00:00:00 UTC,0.025152791489683603,61046792.81525233,15706815.615759475
2021-06-23 00:00:00 UTC,0.025092193310791114,60378384.121784076,17425941.881141175
2021-06-24 00:00:00 UTC,0.026710461000784606,65274881.88151824,14786825.291550312
2021-06-25 00:00:00 UTC,0.026883341131146425,65572591.23476984,11140251.615553696
2021-06-26 00:00:00 UTC,0.02557949393472062,62228462.53908691,12484586.324868254
2021-06-27 00:00:00 UTC,0.02411870882565616,58766616.676100716,12271613.098782327
2021-06-28 00:00:00 UTC,0.026506960821501675,64561802.74953996,12694078.882806217
2021-06-29 00:00:00 UTC,0.026270997798190174,63940169.29587758,10412239.845314872
2021-06-30 00:00:00 UTC,0.027197966777330038,66327785.43028835,11564919.315425951
2021-07-01 00:00:00 UTC,0.027880887688056206,67967842.1398927,16066704.053395573
2021-07-02 00:00:00 UTC,0.027522869136362902,67019300.14394151,13342900.930289209
2021-07-03 00:00:00 UTC,0.02768936990705476,67438997.69627355,12663333.073860584
2021-07-04 00:00:00 UTC,0.028113780637421166,68435007.89876819,12368422.419198636
2021-07-05 00:00:00 UTC,0.028277153265509357,69031989.30775471,12062633.675273834
2021-07-06 00:00:00 UTC,0.027936492297175392,68086917.23720631,12533712.235743009
2021-07-07 00:00:00 UTC,0.028545606119255176,69619275.76260653,12815529.580858741
2021-07-08 00:00:00 UTC,0.028832788672778623,70287459.42827918,14245357.499762163
2021-07-09 00:00:00 UTC,0.027830716567165414,67857485.14622162,12871751.569330744
2021-07-10 00:00:00 UTC,0.027055264515612642,65921193.26125064,13203241.35834668
2021-07-11 00:00:00 UTC,0.026415853628306802,64399701.1789005,12219978.90130832
2021-07-12 00:00:00 UTC,0.026930054503232912,65641448.54256416,12302192.287443593
2021-07-13 00:00:00 UTC,0.031226354232525167,75963089.37845267,35117030.75481084
2021-07-14 00:00:00 UTC,0.026533201483394747,64648957.15853471,20283156.128747515
2021-07-15 00:00:00 UTC,0.028071485273471447,68433027.87244976,14717136.020229599
2021-07-16 00:00:00 UTC,0.026363427438201747,64224602.00997098,14854371.795686107
2021-07-17 00:00:00 UTC,0.02443698111335841,59635676.76695251,13633581.313935734
2021-07-18 00:00:00 UTC,0.0223161797396667,54356357.55897412,13063854.337626653
2021-07-19 00:00:00 UTC,0.02387843957955309,58081259.99893869,14032245.510781355
2021-07-20 00:00:00 UTC,0.023250193614376514,56701354.24103816,21134536.26613437
2021-07-21 00:00:00 UTC,0.021248264612444945,51786345.21156668,12465527.686270816
2021-07-22 00:00:00 UTC,0.02346400831289831,57045415.11549064,13646564.417151032
2021-07-23 00:00:00 UTC,0.023666647842122693,57619461.915847376,11697565.350774853
2021-07-24 00:00:00 UTC,0.024521772305616942,59871282.314325355,11921587.49590667
2021-07-25 00:00:00 UTC,0.024985021284641768,60888045.70174774,11274257.26363739
2021-07-26 00:00:00 UTC,0.024882524822883934,60599082.89404403,12398505.885744601
2021-07-27 00:00:00 UTC,0.02385315324827919,58326757.57048354,13669098.81234595
2021-07-28 00:00:00 UTC,0.023980082263466637,58423277.292451546,13075503.654268626
2021-07-29 00:00:00 UTC,0.02341603516117784,57064735.46985508,12446692.008444304
2021-07-30 00:00:00 UTC,0.023236836802761417,56850362.29516301,10580721.053130554
2021-07-31 00:00:00 UTC,0.02377927873217747,57955460.361509845,10995168.068745298
2021-08-01 00:00:00 UTC,0.024089133809689373,58672623.879257016,8472883.00606926
2021-08-02 00:00:00 UTC,0.02470204073325834,60187961.42010778,10650914.561381554
2021-08-03 00:00:00 UTC,0.024628934813835286,60097464.32604776,10521314.902345853
2021-08-04 00:00:00 UTC,0.024405922495487377,59525731.20564462,9419067.942759844
2021-08-05 00:00:00 UTC,0.02454181145484225,59946053.34280384,9153017.9425189
2021-08-06 00:00:00 UTC,0.02558117527393239,62296074.43824186,17718696.573541865
2021-08-07 00:00:00 UTC,0.0265079096875509,64770839.69519072,13198369.701645197
2021-08-08 00:00:00 UTC,0.026913649159344657,65578900.69286608,7743605.19691861
2021-08-09 00:00:00 UTC,0.027184714673940184,66255195.54636531,6956313.045150043
2021-08-10 00:00:00 UTC,0.029870908442663116,70757677.89343944,9453913.22670796
2021-08-11 00:00:00 UTC,0.034499368482736284,83815178.73616688,26480950.500283554
2021-08-12 00:00:00 UTC,0.045586321692754186,105791292.36946954,28480184.81133731
2021-08-13 00:00:00 UTC,0.042763952626654146,104476238.07659331,31418146.664108276
2021-08-14 00:00:00 UTC,0.04500278390836446,109713954.35786086,26607187.8460467
2021-08-15 00:00:00 UTC,0.048995968191206926,119733573.54253927,23156710.28224935
2021-08-16 00:00:00 UTC,0.047140743977513645,115480212.77161436,18427094.74495635
2021-08-17 00:00:00 UTC,0.04982022094744572,127986101.36067112,22165142.236948095
2021-08-18 00:00:00 UTC,0.051618983788313644,126422698.69594082,18037882.094515
2021-08-19 00:00:00 UTC,0.046823551032203696,114374595.08649229,11191467.597198429
2021-08-20 00:00:00 UTC,0.044500713662288284,109119802.07589413,10937621.788521802
2021-08-21 00:00:00 UTC,0.04616203942016739,112823847.50838336,10479194.605033802
2021-08-22 00:00:00 UTC,0.044839315527383045,109314038.30322376,11118837.042964268
2021-08-23 00:00:00 UTC,0.04186009969341646,102135408.2417782,13391608.778179146
2021-08-24 00:00:00 UTC,0.041900052828228285,102188404.12607442,10191091.38608042
2021-08-25 00:00:00 UTC,0.03937466050526111,96254451.9196826,6322823.2268712
2021-08-26 00:00:00 UTC,0.038475260250074174,93761202.1534161,7244777.936150194
2021-08-27 00:00:00 UTC,0.038772674118868984,94497411.89718923,10889032.495644016
2021-08-28 00:00:00 UTC,0.03884882412359749,94592990.05705541,7819969.189743439
2021-08-29 00:00:00 UTC,0.03937229045967654,96009096.15229101,8731004.893976174
2021-08-30 00:00:00 UTC,0.037489306186935,90597218.8467714,8984165.854854733
2021-08-31 00:00:00 UTC,0.0372924360808399,91010862.01221043,8118650.105175269
2021-09-01 00:00:00 UTC,0.03814725264111884,93324715.8092518,8247069.663941912
2021-09-02 00:00:00 UTC,0.038757166687222545,94424725.91438429,9193452.420595983
2021-09-03 00:00:00 UTC,0.04173310198673292,101532304.25906044,17759579.263234477
2021-09-04 00:00:00 UTC,0.039505527169757686,95552894.65136498,12364670.964448854
2021-09-05 00:00:00 UTC,0.03860168849719582,94265314.5811485,11123609.3907843
2021-09-06 00:00:00 UTC,0.039339951338514936,95833315.4508728,11817601.305014951
2021-09-07 00:00:00 UTC,0.03858190287617777,93676699.67523493,11527158.966585176
2021-09-08 00:00:00 UTC,0.03760265136037109,91459064.4647375,20986287.839868616
2021-09-09 00:00:00 UTC,0.03680213305771009,89919789.3097456,14573789.148381704
2021-09-10 00:00:00 UTC,0.03672028824112096,89797229.85065128,19714912.281955995
2021-09-11 00:00:00 UTC,0.03372697510370708,82141841.49631551,21739359.811851643
2021-09-12 00:00:00 UTC,0.0333661958159651,81324658.58182405,14137760.926166
2021-09-13 00:00:00 UTC,0.03392621407647266,82588697.35345687,11565912.661968097
2021-09-14 00:00:00 UTC,0.03311404472297544,80779427.5683391,20384544.073529474
2021-09-15 00:00:00 UTC,0.03363205866228838,82045458.97289222,9701137.418928396
2021-09-16 00:00:00 UTC,0.032922714096486526,80208562.97956818,7883459.415738198
2021-09-17 00:00:00 UTC,0.03315009100015632,80787748.16573454,8522675.490627646
2021-09-18 00:00:00 UTC,0.033204266658728505,80858752.07804161,12258176.827416921
2021-09-19 00:00:00 UTC,0.03366128998081512,82097114.17895308,13446619.744321665
2021-09-20 00:00:00 UTC,0.03277641630881586,79997727.86979187,11812020.703069396
2021-09-21 00:00:00 UTC,0.02877533049905843,70127408.59388177,12700379.086811844
2021-09-22 00:00:00 UTC,0.02944810945957143,71643286.9776826,8653100.976500694
2021-09-23 00:00:00 UTC,0.03022434355643138,73642299.93482901,6140684.357614935
2021-09-24 00:00:00 UTC,0.03042708938806055,74166637.81202243,6433923.495547208
2021-09-25 00:00:00 UTC,0.027643385873436666,67204740.93274112,6377487.253511073
2021-09-26 00:00:00 UTC,0.025499836431754033,62132077.164567456,7473312.638388311
2021-09-27 00:00:00 UTC,0.021837234974356908,53222543.90686066,9970846.761130657
2021-09-28 00:00:00 UTC,0.021030139724531532,51256571.77619195,9141428.26451215
2021-09-29 00:00:00 UTC,0.01945029256213707,47814801.960070245,11241298.668233246
2021-09-30 00:00:00 UTC,0.033821163241489684,81900164.91489948,38879253.08595634
2021-10-01 00:00:00 UTC,0.03923649989019854,95600658.95817077,55579069.74462677
2021-10-02 00:00:00 UTC,0.041348470352400725,100763872.67748195,34336527.14745356
2021-10-03 00:00:00 UTC,0.037788684439912706,91262084.15545225,17120299.280408673
2021-10-04 00:00:00 UTC,0.03933451339571424,95826189.52801187,21667595.55972732
2021-10-05 00:00:00 UTC,0.03586481428690829,87630693.3231192,13098903.171867887
2021-10-06 00:00:00 UTC,0.0471363139662334,114880036.53222936,31754862.41870492
2021-10-07 00:00:00 UTC,0.041908780302769254,102686170.08814159,15839668.937846916
2021-10-08 00:00:00 UTC,0.04547472879602348,110738483.20385647,23421509.11130507
2021-10-09 00:00:00 UTC,0.04539263824854801,110782024.70244178,15193977.13448177
2021-10-10 00:00:00 UTC,0.045782430537630654,111913563.81002186,15647532.942164183
2021-10-11 00:00:00 UTC,0.04179536719281709,102101337.05954129,11861240.076274455
2021-10-12 00:00:00 UTC,0.044139594960358464,107246662.13199234,13495365.55348498
2021-10-13 00:00:00 UTC,0.045063403320038095,109986352.5838983,19698030.729930535
2021-10-14 00:00:00 UTC,0.04567231679158862,111368688.28696385,16146587.202177944
2021-10-15 00:00:00 UTC,0.04417013633822691,107600808.74517488,18195240.806826286
2021-10-16 00:00:00 UTC,0.043681935503548486,106333888.99739327,13472393.165245423
2021-10-17 00:00:00 UTC,0.04262996884134268,104275997.74074736,12122310.670171095
2021-10-18 00:00:00 UTC,0.0407879330397761,100004280.71722676,12056979.58705239
2021-10-19 00:00:00 UTC,0.0428900154415612,106181104.23897086,11036041.534749288
2021-10-20 00:00:00 UTC,0.04212720445565815,102387372.11189702,8126647.931784484
2021-10-21 00:00:00 UTC,0.042454987006719715,103815429.64013356,8351769.154285523
2021-10-22 00:00:00 UTC,0.04794204033703307,116879731.78389148,18529439.291612193
2021-10-23 00:00:00 UTC,0.045507999040161395,110942919.55577505,11085337.315813778
2021-10-24 00:00:00 UTC,0.04584359314760481,111720363.02962203,9623067.088874903
2021-10-25 00:00:00 UTC,0.04523369944733078,110146831.42393415,13178702.260485971
2021-10-26 00:00:00 UTC,0.04498847353306977,109552194.12560995,11573332.70868918
2021-10-27 00:00:00 UTC,0.04868547525883227,119041617.76690008,15774050.191656575
2021-10-28 00:00:00 UTC,0.04718038643981639,114881917.18934011,17841505.641773187
2021-10-29 00:00:00 UTC,0.0500929963213304,122123666.34096926,14570088.334913539
2021-10-30 00:00:00 UTC,0.05443494148570056,131638457.24614991,20875805.44129248
2021-10-31 00:00:00 UTC,0.05578555873395159,136293183.50618717,12049094.964751663
2021-11-01 00:00:00 UTC,0.05260894562310278,128235246.23799023,11490866.968841331
2021-11-02 00:00:00 UTC,0.052203423566162255,127570546.66726732,17012952.254586216
2021-11-03 00:00:00 UTC,0.0560263058692432,135433958.86803153,12132013.06666109
2021-11-04 00:00:00 UTC,0.054988295624583745,134015120.23447207,12377820.2725882
2021-11-05 00:00:00 UTC,0.054126009481226735,131986552.35841161,14696422.196552467
2021-11-06 00:00:00 UTC,0.05229260011554498,127652698.34165293,15551557.667564165
2021-11-07 00:00:00 UTC,0.05274645100630144,128593819.15488133,12810019.020232594
2021-11-08 00:00:00 UTC,0.05052221021642141,123065108.21515211,13572211.226229757
2021-11-09 00:00:00 UTC,0.05160138699636692,125913129.23289502,19644210.892575268
2021-11-10 00:00:00 UTC,0.05148723609085984,125603789.96024713,19875522.665384844
2021-11-11 00:00:00 UTC,0.04980925811255414,121011362.74152309,16612274.214340983
2021-11-12 00:00:00 UTC,0.048917495773442815,119319802.09826076,11732792.876861066
2021-11-13 00:00:00 UTC,0.053497906472129056,130363052.05853876,23082153.57528074
2021-11-14 00:00:00 UTC,0.052604663371919734,128226323.11350866,12032979.334440488
2021-11-15 00:00:00 UTC,0.05258961573499652,128203029.77462307,13861755.406960897
2021-11-16 00:00:00 UTC,0.05112877197184002,124866259.06493454,12570714.086006662
2021-11-17 00:00:00 UTC,0.0487429014586642,119153251.67765573,11718147.587937508
2021-11-18 00:00:00 UTC,0.0497324871446157,120326800.51054755,11913416.609929787
2021-11-19 00:00:00 UTC,0.04504266365531253,110990692.08892652,9377508.978150995
2021-11-20 00:00:00 UTC,0.047875243687274464,116549530.32568522,9760655.134009782
2021-11-21 00:00:00 UTC,0.04791919265942782,116717715.76140817,8504797.706954332
2021-11-22 00:00:00 UTC,0.04615510024880036,112714844.33638482,8593930.660716927
2021-11-23 00:00:00 UTC,0.04448687248842315,108423562.02205355,6223219.295076216
2021-11-24 00:00:00 UTC,0.04489872386350521,109515507.430399,6228053.797859025
2021-11-25 00:00:00 UTC,0.049350156127596065,120574081.78780879,18362147.776881665
2021-11-26 00:00:00 UTC,0.04734461017418229,115500057.93532081,6766040.440544308
2021-11-27 00:00:00 UTC,0.047046634124813,114613606.42481643,13162221.934338806
2021-11-28 00:00:00 UTC,0.04729186911626966,114274546.49636295,8479001.357739199
2021-11-29 00:00:00 UTC,0.04715036080685477,114981718.88481113,9118050.881610611
2021-11-30 00:00:00 UTC,0.04982710426725693,119967369.77768232,10974161.790718395
2021-12-01 00:00:00 UTC,0.04977631700898104,121249630.89536613,9719223.805670895
2021-12-02 00:00:00 UTC,0.051826586052135214,126342315.43114753,9656233.609174773
2021-12-03 00:00:00 UTC,0.05039833854010479,122994047.82731405,12386430.760293873
2021-12-04 00:00:00 UTC,0.048347604681931076,117943624.87304908,14177478.110929713
2021-12-05 00:00:00 UTC,0.043763782202239664,106642829.55641854,10459852.12641652
2021-12-06 00:00:00 UTC,0.039353573867028875,95780066.3322982,8908085.697120704
2021-12-07 00:00:00 UTC,0.045380949385918024,110716923.56916642,21164528.03789077
2021-12-08 00:00:00 UTC,0.04725972127553744,114923774.80629392,16102320.214901458
2021-12-09 00:00:00 UTC,0.045676176181293104,111018989.00013271,8340270.7806230495
2021-12-10 00:00:00 UTC,0.04354877709185607,106385640.04437861,8347339.3202867145
2021-12-11 00:00:00 UTC,0.049275611718395236,120107533.5396221,25968743.171490286
2021-12-12 00:00:00 UTC,0.04668437529500006,113607889.47853659,10624790.085387636
2021-12-13 00:00:00 UTC,0.04663068299814034,113514178.67178142,14449330.088881848
2021-12-14 00:00:00 UTC,0.04407934311725755,107455567.18368691,10104672.86189042
2021-12-15 00:00:00 UTC,0.0424064040235572,103228036.71494411,9263302.470223159
2021-12-16 00:00:00 UTC,0.04418403597992242,107709627.75340849,17237321.794076372
2021-12-17 00:00:00 UTC,0.04795784929409759,116487258.86409329,8129435.079117332
2021-12-18 00:00:00 UTC,0.049553578467246014,120358208.13979451,9685532.996237379
2021-12-19 00:00:00 UTC,0.047846158577420965,116899448.15285806,8085380.011131802
2021-12-20 00:00:00 UTC,0.04853981313651961,118465745.18768023,6510916.318968438
2021-12-21 00:00:00 UTC,0.0464507643769745,113922558.55834669,12266844.381488202
2021-12-22 00:00:00 UTC,0.047334723880421974,115457984.72044279,11131514.365126442
2021-12-23 00:00:00 UTC,0.047662325679746834,116133774.40293205,13095578.532406284
2021-12-24 00:00:00 UTC,0.04939340980128737,120178333.86942127,15298324.412126679
2021-12-25 00:00:00 UTC,0.053246378212287296,128855207.62291735,11708541.714442497
2021-12-26 00:00:00 UTC,0.055234549930707436,135038837.24388477,14488656.2526525
2021-12-27 00:00:00 UTC,0.06738496536194077,165227970.68714276,42474979.034315936
2021-12-28 00:00:00 UTC,0.056674586765435256,138200202.99550542,16939371.808331653
2021-12-29 00:00:00 UTC,0.053070955429463655,129208320.51172297,10551821.478086032
2021-12-30 00:00:00 UTC,0.05094469430925857,123945966.35153468,11730797.784610061
2021-12-31 00:00:00 UTC,0.050455475525848184,122647330.40955032,8160900.26853155
2022-01-01 00:00:00 UTC,0.051364231345305385,125589913.2587032,9417694.556208568
2022-01-02 00:00:00 UTC,0.05300102207494645,129447082.9915381,8437077.119309604
2022-01-03 00:00:00 UTC,0.0516227062786704,126024482.75294454,9566981.42047811
2022-01-04 00:00:00 UTC,0.05285025065071147,130179403.81273064,11406889.643342674
2022-01-05 00:00:00 UTC,0.057224038964216385,142786259.88813686,12680865.371489905
2022-01-06 00:00:00 UTC,0.060563232930895286,147146672.02651915,13797732.905886121
2022-01-07 00:00:00 UTC,0.06321359325438666,154294837.21082458,11771740.818639005
2022-01-08 00:00:00 UTC,0.06397064684168624,156166248.99831247,16328291.760211052
2022-01-09 00:00:00 UTC,0.06240039245380835,152895747.2005144,13419285.232553713
2022-01-10 00:00:00 UTC,0.059417577267428995,146924712.50840303,11886849.424148444
2022-01-11 00:00:00 UTC,0.056772073185108615,138293522.6903351,10151922.163832594
2022-01-12 00:00:00 UTC,0.06114866120046651,148842563.33086574,13969415.803935107
2022-01-13 00:00:00 UTC,0.06397131223647164,155883915.51640278,10422557.489690932
2022-01-14 00:00:00 UTC,0.06479877678761313,157917846.43898433,13032454.224009126
2022-01-15 00:00:00 UTC,0.06907010138990562,168006032.16195258,9622451.812253797
2022-01-16 00:00:00 UTC,0.07295957687313899,177500608.58838335,12395641.694957795
2022-01-17 00:00:00 UTC,0.07521055428024778,183434744.06546825,12377221.989232045
2022-01-18 00:00:00 UTC,0.07946596677322641,193669561.8891521,27413057.819649108
2022-01-19 00:00:00 UTC,0.08702286493885204,210306759.6618,18294992.86403936
2022-01-20 00:00:00 UTC,0.10831433168462301,260957292.7739221,76570271.56995833
2022-01-21 00:00:00 UTC,0.07890098825190166,193064639.58780277,30211468.162720088
2022-01-22 00:00:00 UTC,0.06193965508624646,152797814.3603504,13785788.335167201
2022-01-23 00:00:00 UTC,0.06359633828129137,154731354.67306238,15041592.561414918
2022-01-24 00:00:00 UTC,0.0660322745677112,160769775.17545247,8453241.000975428
2022-01-25 00:00:00 UTC,0.08424927211724423,199864101.23616156,24308903.630086325
2022-01-26 00:00:00 UTC,0.07360196472701537,182530133.3292554,39829829.23047101
2022-01-27 00:00:00 UTC,0.07559747350480828,181233953.0247696,19744692.019079458
2022-01-28 00:00:00 UTC,0.08583034675999053,209068153.69057688,24803312.80726443
2022-01-29 00:00:00 UTC,0.09111688389934561,221177296.38823843,26601260.649261508
2022-01-30 00:00:00 UTC,0.08603598690610582,209442478.78833947,20964341.2545649
2022-01-31 00:00:00 UTC,0.09063526950694828,220552554.34328553,20510342.986396365
2022-02-01 00:00:00 UTC,0.09207897001424596,224338098.55284476,21558134.643951163
2022-02-02 00:00:00 UTC,0.08996979657290916,219269450.42110008,26250206.0809108
2022-02-03 00:00:00 UTC,0.07982791659285209,195912811.79975697,15949812.440890487
2022-02-04 00:00:00 UTC,0.08829589466569776,215475752.46917897,26674437.56315268
2022-02-05 00:00:00 UTC,0.08936784159945543,217619930.40326655,10809564.477139935
2022-02-06 00:00:00 UTC,0.08878154499788601,216876803.1915077,13555063.617298635
2022-02-07 00:00:00 UTC,0.0904000547448389,219968307.55615035,15991236.870561669
2022-02-08 00:00:00 UTC,0.0895887801008515,218222966.36995947,13005739.267534278
2022-02-09 00:00:00 UTC,0.0891638287358998,217582987.60201836,18873311.765683495
2022-02-10 00:00:00 UTC,0.09035100089843537,220273574.5842221,15302947.097425971
2022-02-11 00:00:00 UTC,0.09911557224902376,241594479.75432122,18744354.063298948
2022-02-12 00:00:00 UTC,0.08751207387146132,213157382.89275685,18003329.611861937
2022-02-13 00:00:00 UTC,0.08620499221328676,210508283.53143716,23099702.962598722
2022-02-14 00:00:00 UTC,0.08676179083321196,211181760.11091533,20064004.010385744
2022-02-15 00:00:00 UTC,0.08627590218365394,209992477.1371276,12857181.695377551
2022-02-16 00:00:00 UTC,0.0903474519442231,220630148.3904118,13514045.891018296
2022-02-17 00:00:00 UTC,0.09424733953682106,229772878.78631943,14787807.349929655
2022-02-18 00:00:00 UTC,0.09246060171334611,225553475.99910453,14664095.537293423
2022-02-19 00:00:00 UTC,0.08967647515773439,218807482.60534003,21390854.74090344
2022-02-20 00:00:00 UTC,0.0896864902877672,218603522.7776356,8522380.332506975
2022-02-21 00:00:00 UTC,0.08668095491140336,211797430.26238716,19380679.51020729
2022-02-22 00:00:00 UTC,0.08384601581663793,204441927.81372443,13830278.979232227
2022-02-23 00:00:00 UTC,0.08148968923964985,198118952.6892331,15943040.294651385
2022-02-24 00:00:00 UTC,0.08258555218497977,201122398.8474229,11187441.659839286
2022-02-25 00:00:00 UTC,0.08271019432904336,201884815.0706458,10370336.468783496
2022-02-26 00:00:00 UTC,0.08534416429246842,207620494.95200348,18263206.232436
2022-02-27 00:00:00 UTC,0.0824934907898022,200339893.53652024,12678624.88046579
2022-02-28 00:00:00 UTC,0.07988323515590653,194626150.6627525,12060274.666978473
2022-03-01 00:00:00 UTC,0.08084429390715853,195886440.81493104,11520419.66515358
2022-03-02 00:00:00 UTC,0.0779080462295725,189640527.3579043,10862750.136980826
2022-03-03 00:00:00 UTC,0.08087309242843596,196890084.48830882,13265714.067725115
2022-03-04 00:00:00 UTC,0.07999647698372281,195010663.26862258,12461141.346882574
2022-03-05 00:00:00 UTC,0.08051742138955376,196291730.18338752,12570886.04242984
2022-03-06 00:00:00 UTC,0.07926278170133877,193202615.39453557,11905076.13925977
2022-03-07 00:00:00 UTC,0.07920644658790763,193483211.33556023,11547108.41006373
2022-03-08 00:00:00 UTC,0.08048900213922691,196453881.40004084,12425989.815994466
2022-03-09 00:00:00 UTC,0.08879763611446997,217207987.33627015,13805766.359270098
2022-03-10 00:00:00 UTC,0.09067842698637979,220957406.3480265,13955754.092360828
2022-03-11 00:00:00 UTC,0.08805188928285286,214579974.65367404,19603523.190215033
2022-03-12 00:00:00 UTC,0.09103470677625249,222275852.9650514,19576028.04549895
2022-03-13 00:00:00 UTC,0.09221977258124102,225428139.1159387,15458348.999373037
2022-03-14 00:00:00 UTC,0.09289524543668944,226560327.67080483,15051140.662128743
2022-03-15 00:00:00 UTC,0.09828003014889512,239558265.19903895,17949890.840210173
2022-03-16 00:00:00 UTC,0.10270998381476021,250545867.13726053,18313083.58213485
2022-03-17 00:00:00 UTC,0.10826520073089156,260512620.6400474,23975717.977166202
2022-03-18 00:00:00 UTC,0.10645032969997166,259318814.38576496,21872619.53341362
2022-03-19 00:00:00 UTC,0.09928661703138893,241896567.9385363,33157560.594300754
2022-03-20 00:00:00 UTC,0.10419278535472304,255201120.12874505,24058710.127930373
2022-03-21 00:00:00 UTC,0.09161518016806382,223553266.281846,21379723.60894202
2022-03-22 00:00:00 UTC,0.09452054288713498,230018335.14685985,21646898.03531511
2022-03-23 00:00:00 UTC,0.10110279239873494,246481753.20373827,21416679.689329516
2022-03-24 00:00:00 UTC,0.10172578730123635,247193220.48384973,24793956.902672157
2022-03-25 00:00:00 UTC,0.10468078948240177,255048648.9737557,20037208.142685898
2022-03-26 00:00:00 UTC,0.11116771761296927,268985366.31646883,24295066.89130351
2022-03-27 00:00:00 UTC,0.10874444288083447,265170353.84555843,34353190.9201463
2022-03-28 00:00:00 UTC,0.10595940669057778,258203441.26510948,19943647.80091794
2022-03-29 00:00:00 UTC,0.10001535325726164,244243676.64929122,22535641.895398125
2022-03-30 00:00:00 UTC,0.10996500759029905,269160927.47205263,26005991.51919775
2022-03-31 00:00:00 UTC,0.10688801568221176,260854651.35943595,19066342.820200995
2022-04-01 00:00:00 UTC,0.10364008044092973,252013821.92959464,26973531.48113778
2022-04-02 00:00:00 UTC,0.1048307827873778,255743057.144847,16970890.81235673
2022-04-03 00:00:00 UTC,0.1026067634758979,250940409.62377247,20441148.1540894
2022-04-04 00:00:00 UTC,0.10217211662095037,248154982.24037847,22110386.433322247
2022-04-05 00:00:00 UTC,0.10130956485643211,246708103.17553753,19142081.10850742
2022-04-06 00:00:00 UTC,0.10399906943817888,252185664.83309686,17095502.613695353
2022-04-07 00:00:00 UTC,0.10484401834167038,255863557.38483834,20878919.11195531
2022-04-08 00:00:00 UTC,0.10782269424254436,262785849.45780718,17121447.068661857
2022-04-09 00:00:00 UTC,0.11761729695886648,286396778.37937504,21555032.777347166
2022-04-10 00:00:00 UTC,0.11131800992529474,271697145.289161,25952296.97425137
2022-04-11 00:00:00 UTC,0.10824972742301679,263825524.5073819,20095168.840868007
2022-04-12 00:00:00 UTC,0.10587809789863119,258686458.98538083,18519272.24369849
2022-04-13 00:00:00 UTC,0.10187203018948081,248379271.95837152,15818602.813624589
2022-04-14 00:00:00 UTC,0.10875129481542821,264535346.0634359,18939714.5312738
2022-04-15 00:00:00 UTC,0.1085645071837924,264862779.76882562,14472767.567330891
2022-04-16 00:00:00 UTC,0.10945657916366086,266634619.18982416,17314898.961173043
2022-04-17 00:00:00 UTC,0.1058355920683846,257733790.6519774,14068837.173623852
2022-04-18 00:00:00 UTC,0.10332450651613138,251647092.7123132,14733099.473389916
2022-04-19 00:00:00 UTC,0.10349041238922549,251639424.28771177,16569705.17590838
2022-04-20 00:00:00 UTC,0.10227565425478824,249665002.70957297,15967618.691065587
2022-04-21 00:00:00 UTC,0.10342493478600025,251682185.46626168,17036757.685232684
2022-04-22 00:00:00 UTC,0.10522919522285931,256489098.22803584,19610757.33193691
2022-04-23 00:00:00 UTC,0.10870966024951277,265426839.76562655,20576230.950883247
2022-04-24 00:00:00 UTC,0.10598433473098046,258409165.02605844,16325653.725604903
2022-04-25 00:00:00 UTC,0.10515745035412286,256418408.62968022,19044407.579445
2022-04-26 00:00:00 UTC,0.10543660807086369,257095858.54848626,14952520.487365738
2022-04-27 00:00:00 UTC,0.10510846522246733,256475216.2038011,21417518.009431526
2022-04-28 00:00:00 UTC,0.10438476356508596,254299768.67787245,24303969.555369005
2022-04-29 00:00:00 UTC,0.10688399609369093,260751844.5931244,26524020.665623486
2022-04-30 00:00:00 UTC,0.10989209306756607,267659432.04074582,12302668.545487916
2022-05-01 00:00:00 UTC,0.1069239671681645,260905342.29178295,11714326.3152112
2022-05-02 00:00:00 UTC,0.10319945312022173,251421075.37538576,7230557.762242917
2022-05-03 00:00:00 UTC,0.10143653926705297,247172313.56053898,10751964.27368837
2022-05-04 00:00:00 UTC,0.10296936704839227,250999888.55510342,21210698.770398088
2022-05-05 00:00:00 UTC,0.10480525119204621,255881943.0973139,20969019.404109832
2022-05-06 00:00:00 UTC,0.10705858786389508,260862942.69232625,14057390.91835575
2022-05-07 00:00:00 UTC,0.10901813854324191,265751261.0296285,15733120.25114146
2022-05-08 00:00:00 UTC,0.1044962715229289,255003828.79373887,14203630.918795355
2022-05-09 00:00:00 UTC,0.100250567955732,243845603.40619203,12809507.853761517
2022-05-10 00:00:00 UTC,0.06992698426242501,171465754.6367782,16382456.068211796
2022-05-11 00:00:00 UTC,0.08505197153961455,206990602.1370999,16183394.922140874
2022-05-12 00:00:00 UTC,0.06581835684620745,154474812.1370287,12355889.133733487
2022-05-13 00:00:00 UTC,0.07511298081154552,183171816.28310814,12725310.79318203
2022-05-14 00:00:00 UTC,0.08732230356926175,214525752.88055572,18614615.983455885
2022-05-15 00:00:00 UTC,0.07786737593596452,189550864.29001006,12824534.407750009
2022-05-16 00:00:00 UTC,0.07665306919652862,186593649.28944087,16735994.59207322
2022-05-17 00:00:00 UTC,0.0771169741991384,187369704.64750296,18302080.033684414
2022-05-18 00:00:00 UTC,0.085630306024753,209284437.38920948,13683656.309751788
2022-05-19 00:00:00 UTC,0.08272297327351065,201428135.7643072,18241122.516524486
2022-05-20 00:00:00 UTC,0.08134486090308235,200107455.42937672,18357301.97534455
2022-05-21 00:00:00 UTC,0.08428871835509352,205615748.24172026,19857583.39647168
2022-05-22 00:00:00 UTC,0.08495889110455927,206878040.96374252,17774615.171607748
2022-05-23 00:00:00 UTC,0.08214552988377727,201148980.63974607,16593849.004216988
2022-05-24 00:00:00 UTC,0.08252798655594318,200444214.48172718,18065044.338101353
2022-05-25 00:00:00 UTC,0.08292230239987475,202858676.5446509,18975039.728912577
2022-05-26 00:00:00 UTC,0.08291847565534329,202278471.66585413,11766466.302410027
2022-05-27 00:00:00 UTC,0.07845426842184199,191290814.78417882,11991060.676039012
2022-05-28 00:00:00 UTC,0.07653483560660082,186651082.78117636,10795173.966025583
2022-05-29 00:00:00 UTC,0.07727847832834114,188206906.90415016,8140970.592522454
2022-05-30 00:00:00 UTC,0.07650682256143462,186573597.18219978,8024501.80682923
2022-05-31 00:00:00 UTC,0.07982446761759045,194477648.28304458,8865077.976035912
2022-06-01 00:00:00 UTC,0.08427174278559689,205384622.4541128,7987871.728462504
2022-06-02 00:00:00 UTC,0.08132495623662778,197912651.979879,7843654.684224049
2022-06-03 00:00:00 UTC,0.08099178831600927,197681211.22769746,5602615.508204872
2022-06-04 00:00:00 UTC,0.0812687566877417,198228501.27018672,5764225.874413584
2022-06-05 00:00:00 UTC,0.08300027753176585,202107043.79007158,6001892.72145195
2022-06-06 00:00:00 UTC,0.08639716209137985,210750864.15535042,5431535.400617238
2022-06-07 00:00:00 UTC,0.08736532745177329,213170504.5154577,7309533.3528433135
2022-06-08 00:00:00 UTC,0.08484545059723034,206315273.00666398,6571603.4459738275
2022-06-09 00:00:00 UTC,0.0827774813551548,201928238.407592,5861274.982349018
2022-06-10 00:00:00 UTC,0.08556477007667247,208577244.79606274,6445685.053297198
2022-06-11 00:00:00 UTC,0.0812749271225278,198310907.0996454,7317556.44135644
2022-06-12 00:00:00 UTC,0.0759541226618193,184970379.32551113,8226998.027790725
2022-06-13 00:00:00 UTC,0.07719437941005837,189654460.50359705,11070068.54572521
2022-06-14 00:00:00 UTC,0.06457139933397207,157220876.61601126,11489699.277832566
2022-06-15 00:00:00 UTC,0.06790651269992154,166231094.7625682,13782227.49508001
2022-06-16 00:00:00 UTC,0.0697534441366292,169143239.73291296,13623803.366433915
2022-06-17 00:00:00 UTC,0.065713336803192,159955148.73267248,10821970.89587774
2022-06-18 00:00:00 UTC,0.06659373960055052,162704703.890129,7325908.617882337
2022-06-19 00:00:00 UTC,0.06628708772605155,161071519.31362644,10952253.252551567
2022-06-20 00:00:00 UTC,0.06594698216596596,163372051.54613167,9643810.623706909
2022-06-21 00:00:00 UTC,0.06672559427172368,162398379.46058357,6456151.718522279
2022-06-22 00:00:00 UTC,0.07131627555009962,174116924.98264286,6299567.01319495
2022-06-23 00:00:00 UTC,0.07558343766805205,183944821.5204565,8331050.443249298
2022-06-24 00:00:00 UTC,0.08214526522240195,200347254.02989694,7970826.850739412
2022-06-25 00:00:00 UTC,0.08495772801258172,207611232.42446285,7457208.125163229
2022-06-26 00:00:00 UTC,0.08370824118162475,203994606.3306811,5291112.238367089
2022-06-27 00:00:00 UTC,0.08421974192469059,205284564.15203947,5455265.368162775
2022-06-28 00:00:00 UTC,0.08281300718621566,202013263.8136315,6150128.164390213
2022-06-29 00:00:00 UTC,0.08147308664697744,198530344.45048028,6762688.86187979
2022-06-30 00:00:00 UTC,0.08227448189315262,200093318.7595128,8406871.017020794
2022-07-01 00:00:00 UTC,0.08256822391528766,202501558.3839242,8330519.768685953
2022-07-02 00:00:00 UTC,0.08049889809135263,197333054.37516975,6384635.968493386
2022-07-03 00:00:00 UTC,0.08034982620299869,195925940.0344127,6302698.784083139
2022-07-04 00:00:00 UTC,0.08044867749942312,196001636.20832258,6901257.810077685
2022-07-05 00:00:00 UTC,0.0808445513526983,197101656.4459176,6577363.339227378
2022-07-06 00:00:00 UTC,0.07912966307938979,192682587.4316516,7284710.659440829
2022-07-07 00:00:00 UTC,0.07888984538861107,192535632.47786304,7107459.835317583
2022-07-08 00:00:00 UTC,0.07979913458331318,194474365.10337144,7343582.4115115395
2022-07-09 00:00:00 UTC,0.07856471290728655,191459370.27652967,7254912.442068565
2022-07-10 00:00:00 UTC,0.07815404392611573,190773901.80538642,6507436.851826426
2022-07-11 00:00:00 UTC,0.07737225940987917,188500658.854005,6788296.277242926
2022-07-12 00:00:00 UTC,0.07377052600210374,179499251.73763397,6381256.805171392
2022-07-13 00:00:00 UTC,0.0736247696775621,179170052.93628123,6708491.029963188
2022-07-14 00:00:00 UTC,0.07576847291194533,184576332.92082024,7517538.801524155
2022-07-15 00:00:00 UTC,0.07659027750979266,186403264.1572847,6598698.400445426
2022-07-16 00:00:00 UTC,0.07556176910978198,183963874.33187953,5584213.390210582
2022-07-17 00:00:00 UTC,0.07664309148969921,186788941.3647726,5759347.207047975
2022-07-18 00:00:00 UTC,0.07422269339562322,181123375.11995247,5289444.498379576
2022-07-19 00:00:00 UTC,0.07740800297562155,188077177.20190364,5738362.646023256
2022-07-20 00:00:00 UTC,0.07719518816434641,188111162.6179874,8246934.410272366
2022-07-21 00:00:00 UTC,0.07768175534693131,189579649.28626674,7720416.296741997
2022-07-22 00:00:00 UTC,0.07676149400784837,187833731.3043623,5869133.06238137
2022-07-23 00:00:00 UTC,0.07594402959745247,185262952.84298795,5722698.931841162
2022-07-24 00:00:00 UTC,0.07625573976882957,185759715.57617587,4768169.600820452
2022-07-25 00:00:00 UTC,0.07595045604344344,185319589.0898148,4550431.052092731
2022-07-26 00:00:00 UTC,0.07181116441650755,175170063.75146288,5303150.004664647
2022-07-27 00:00:00 UTC,0.06984240145770483,170455162.7313566,5791665.218862555
2022-07-28 00:00:00 UTC,0.07480425224424306,182419947.51758662,6785917.526923784
2022-07-29 00:00:00 UTC,0.0723785683259319,177158216.42923117,5974632.161519995
2022-07-30 00:00:00 UTC,0.07212239927685178,176677588.12259036,5262855.404222092
2022-07-31 00:00:00 UTC,0.0707857971446221,172479705.48357025,6201547.085154493
2022-08-01 00:00:00 UTC,0.07131101562882218,173732700.13337174,5778388.406896124
2022-08-02 00:00:00 UTC,0.0692116452837552,168746818.70295835,6674527.766243297
2022-08-03 00:00:00 UTC,0.06787062964787491,164992456.73260298,5704956.484634905
2022-08-04 00:00:00 UTC,0.06895507586245055,168437943.31803504,5944170.201894009
2022-08-05 00:00:00 UTC,0.06707748166871066,162485234.29810056,6066552.651586303
2022-08-06 00:00:00 UTC,0.06713166480574034,163435870.54584217,5454246.279554681
2022-08-07 00:00:00 UTC,0.06697593652407645,163235517.77465582,5241510.741546419
2022-08-08 00:00:00 UTC,0.06673276890084413,162608292.1084352,4805569.050709735
2022-08-09 00:00:00 UTC,0.0676231076706103,164603501.49103162,5154872.307679705
2022-08-10 00:00:00 UTC,0.0674896525669388,164576846.5464888,5246467.389477415
2022-08-11 00:00:00 UTC,0.06918617571022219,168940657.04838616,6088213.101625327
2022-08-12 00:00:00 UTC,0.06935329574231858,169116623.751655,5986612.305170293
2022-08-13 00:00:00 UTC,0.07035363786802394,171732044.48708647,6122149.732365205
2022-08-14 00:00:00 UTC,0.0701259048375351,171316925.21260864,5220552.074563668
2022-08-15 00:00:00 UTC,0.06920190845274846,168553693.9221279,5034530.615643693
2022-08-16 00:00:00 UTC,0.0679459813653559,165574578.45889103,12235168.468152504
2022-08-17 00:00:00 UTC,0.06900262039899102,167987070.91891497,3197785.817068844
2022-08-18 00:00:00 UTC,0.06975717401402519,169787246.19317633,2310602.7812055876
2022-08-19 00:00:00 UTC,0.07177239109156781,174871863.33559853,2766216.0201888364
2022-08-20 00:00:00 UTC,0.0703472559102452,171919485.70257866,3054997.0624088147
2022-08-21 00:00:00 UTC,0.06934914722373008,169155878.62729967,2254058.2507815887
2022-08-22 00:00:00 UTC,0.07059129791994301,172397934.3362932,1999582.8730747974
2022-08-23 00:00:00 UTC,0.07148373243932392,174240311.57971382,8264139.768709411
2022-08-24 00:00:00 UTC,0.0700268548250975,170767571.89767253,3185018.694375725
2022-08-25 00:00:00 UTC,0.07091410340327335,172618448.04594728,4092636.831691344
2022-08-26 00:00:00 UTC,0.07210776406956121,176246015.3296729,5876903.504639197
2022-08-27 00:00:00 UTC,0.07102731564819041,173502446.85621372,3825894.0361895827
2022-08-28 00:00:00 UTC,0.07036123867583227,171449165.2198054,4847000.267098613
2022-08-29 00:00:00 UTC,0.07021561701497324,171657100.38088545,3411532.354802096
2022-08-30 00:00:00 UTC,0.0692129682021967,168336720.1164428,2764034.9972360632
2022-08-31 00:00:00 UTC,0.07035063155629437,171032119.81716314,6576422.267542205
2022-09-01 00:00:00 UTC,0.08223166551464342,200938565.25168145,23766050.24034254
2022-09-02 00:00:00 UTC,0.07615279331071198,186256575.66475332,20339931.712539338
2022-09-03 00:00:00 UTC,0.07143918438092157,173975485.39343134,5534593.046110474
2022-09-04 00:00:00 UTC,0.06982055765780427,170336585.7461343,3332976.6190171363
2022-09-05 00:00:00 UTC,0.06858494089944427,167766023.4164527,3139541.8943391023
2022-09-06 00:00:00 UTC,0.06801292123943864,165553074.17746916,3460792.9458092814
2022-09-07 00:00:00 UTC,0.06590393626037754,160716572.05874914,3301308.5613994594
2022-09-08 00:00:00 UTC,0.06783058870008259,165004569.84466487,6049710.202991019
2022-09-09 00:00:00 UTC,0.07061787216118143,172294362.9329613,6263499.239130643
2022-09-10 00:00:00 UTC,0.06924302333076313,168833981.38907072,6037187.929141679
2022-09-11 00:00:00 UTC,0.06925336422493117,168797750.02123603,6513168.6407058695
2022-09-12 00:00:00 UTC,0.06864607675859198,167234415.22585592,9251969.143147063
2022-09-13 00:00:00 UTC,0.06932615403003871,169082684.64397365,10880699.1109956
2022-09-14 00:00:00 UTC,0.06991934076538611,170643640.02602273,37686266.71563649
2022-09-15 00:00:00 UTC,0.0717270349950041,174768824.16969028,24335872.661228076
2022-09-16 00:00:00 UTC,0.07062566494398811,171675639.06198934,11549936.740481345
2022-09-17 00:00:00 UTC,0.07067802830749355,172433559.86648044,14718246.85646425
2022-09-18 00:00:00 UTC,0.07074498060130889,172429073.29203242,7920004.449218865
2022-09-19 00:00:00 UTC,0.06782633286156607,165446701.63461116,7309510.643359072
2022-09-20 00:00:00 UTC,0.06697384988635251,163025792.71935457,8427323.907269236
2022-09-21 00:00:00 UTC,0.06560595101642466,159945251.2231555,10292651.128638975
2022-09-22 00:00:00 UTC,0.06533167871411172,159223893.40653768,12436558.577784862
2022-09-23 00:00:00 UTC,0.061298149109881676,149421838.6322358,28808526.734968886
2022-09-24 00:00:00 UTC,0.05758634557932677,140232370.9530917,12395706.82514561
2022-09-25 00:00:00 UTC,0.06147101090646654,149987468.55017212,22708086.7741736
2022-09-26 00:00:00 UTC,0.06269529429680397,152882578.7638305,13681191.168828659
2022-09-27 00:00:00 UTC,0.06433165807502461,157075671.50853193,9496476.401150947
2022-09-28 00:00:00 UTC,0.06517587719077128,158695469.97117883,12734376.899564497
2022-09-29 00:00:00 UTC,0.06611897281891063,161146080.84615242,14034003.13909843
2022-09-30 00:00:00 UTC,0.06869211726502397,167416542.83415246,14386519.365714151
2022-10-01 00:00:00 UTC,0.06743241974234734,164624007.02673796,10745099.69796365
2022-10-02 00:00:00 UTC,0.06945365578734787,168972555.2900472,11114530.741837632
2022-10-03 00:00:00 UTC,0.0679159785962614,165628042.79484928,11349996.943661341
2022-10-04 00:00:00 UTC,0.06942364568508391,169240632.33188727,8535812.563854147
2022-10-05 00:00:00 UTC,0.06876368843681316,167683594.89706546,8998507.727009702
2022-10-06 00:00:00 UTC,0.06846867682619263,166808018.71417165,12089818.226517485
2022-10-07 00:00:00 UTC,0.06741839835952228,164409125.91499397,10647125.418899724
2022-10-08 00:00:00 UTC,0.06616661500646014,161114168.71710414,7167049.543481835
2022-10-09 00:00:00 UTC,0.0654668043674722,159511549.60622296,9883610.434976427
2022-10-10 00:00:00 UTC,0.06235366245110521,151614498.77943727,14716088.74634243
2022-10-11 00:00:00 UTC,0.060982542240118925,148782995.624798,15935522.603387913
2022-10-12 00:00:00 UTC,0.061263100769391815,148991019.51676518,12001688.543990456
2022-10-13 00:00:00 UTC,0.06017635078393553,147156745.28527597,10965600.227592764
2022-10-14 00:00:00 UTC,0.06020160550058632,146996739.53206462,11080215.761000799
2022-10-15 00:00:00 UTC,0.06067882829577242,147771700.05435002,11463910.220763253
2022-10-16 00:00:00 UTC,0.06140985200838944,149574965.6469638,10953099.191558875
2022-10-17 00:00:00 UTC,0.06116166790121114,149003618.92624485,13143094.743403958
2022-10-18 00:00:00 UTC,0.06162182676433707,149961248.34872624,12428663.590187581
2022-10-19 00:00:00 UTC,0.057594975673312045,141380334.0002339,21479372.17981661
2022-10-20 00:00:00 UTC,0.05570164364627715,135911097.30567947,18157021.287076056
2022-10-21 00:00:00 UTC,0.052953868067245224,129060038.68401027,16610894.753309513
2022-10-22 00:00:00 UTC,0.0521861075566082,127122359.18812038,14686981.605052646
2022-10-23 00:00:00 UTC,0.04910919008848358,119666161.43746534,10205896.880244702
2022-10-24 00:00:00 UTC,0.05277116131270291,129781885.30248038,8155203.63100364
2022-10-25 00:00:00 UTC,0.04853473369846396,118295752.0512732,16383571.697320309
2022-10-26 00:00:00 UTC,0.05080056600767511,123885982.78213628,14788840.269063124
2022-10-27 00:00:00 UTC,0.053544693030927716,128266419.88227364,9216888.51906623
2022-10-28 00:00:00 UTC,0.052377006098220054,128066333.03424938,15922151.814800937
2022-10-29 00:00:00 UTC,0.05322646248104418,129777931.80353592,9732557.716097005
2022-10-30 00:00:00 UTC,0.05445944971417322,132681427.38105528,16738401.431582138
2022-10-31 00:00:00 UTC,0.06073237746443178,146300406.0683241,20740324.509934075
2022-11-01 00:00:00 UTC,0.05819847495028664,141743272.63048443,15256805.672904618
2022-11-02 00:00:00 UTC,0.05734373157551512,139728863.8574938,13411472.04538768
2022-11-03 00:00:00 UTC,0.05762251998891205,140363964.2576165,9812104.759564279
2022-11-04 00:00:00 UTC,0.05655810706531303,137775416.122664,15773634.468497274
2022-11-05 00:00:00 UTC,0.056395860766230876,137495456.8355521,10452507.695863519
2022-11-06 00:00:00 UTC,0.05687600090558212,138725463.90605265,7641314.851063253
2022-11-07 00:00:00 UTC,0.05396542308469563,132004651.28635933,9626887.666327303
2022-11-08 00:00:00 UTC,0.05187050846748685,126261467.58644064,9963379.91377526
2022-11-09 00:00:00 UTC,0.04649929721179593,113408604.87178609,8875279.880288336
2022-11-10 00:00:00 UTC,0.033157442282486495,80206239.6881157,9910293.257549545
2022-11-11 00:00:00 UTC,0.04402449683187681,107328525.26687461,8850490.852410572
2022-11-12 00:00:00 UTC,0.040942379928689786,99560353.95036297,7166038.513178643
2022-11-13 00:00:00 UTC,0.036590275704078,89275024.7775196,4846440.369663151
2022-11-14 00:00:00 UTC,0.03476897555004693,84723250.10709888,6253121.75090395
2022-11-15 00:00:00 UTC,0.03540178418243417,86144372.24786155,7335843.981049391
2022-11-16 00:00:00 UTC,0.03766822508343241,91899851.99340424,5734205.076234452
2022-11-17 00:00:00 UTC,0.03633291610789499,88466699.05856515,5169582.430693028
2022-11-18 00:00:00 UTC,0.03560239390380491,86716123.85604697,5717928.31944416
2022-11-19 00:00:00 UTC,0.034954360099145494,85260784.69488408,5873971.4961035745
2022-11-20 00:00:00 UTC,0.03517271991206989,85490622.64051035,6464161.010524733
2022-11-21 00:00:00 UTC,0.033433616159575505,81702261.55592869,7178654.704915548
2022-11-22 00:00:00 UTC,0.03130341484352469,76293062.8358279,7513418.984041659
2022-11-23 00:00:00 UTC,0.031972100063774565,77873541.7981951,7520038.071676782
2022-11-24 00:00:00 UTC,0.03196970812356088,77859418.65580232,7485322.538938411
2022-11-25 00:00:00 UTC,0.03222326351621614,78574560.28701533,7288175.182589899
2022-11-26 00:00:00 UTC,0.0324699092702384,78994971.4041459,5565186.875948686
2022-11-27 00:00:00 UTC,0.03244713054462209,79083912.947077,5265476.97316639
2022-11-28 00:00:00 UTC,0.03231459504577161,78899862.11837788,5617612.81603266
2022-11-29 00:00:00 UTC,0.029285015359732568,71384733.25977929,5924055.732472739
2022-11-30 00:00:00 UTC,0.027684755452965833,67387850.00757496,6055295.905154587
2022-12-01 00:00:00 UTC,0.028719660438864834,69942400.47073306,5555973.2358130505
2022-12-02 00:00:00 UTC,0.028244356743762942,68770065.74369526,5366864.326223421
2022-12-03 00:00:00 UTC,0.027312164562835625,66581557.24481073,5680014.40476745
2022-12-04 00:00:00 UTC,0.027448142248996433,67122029.07518953,5578946.911512522
2022-12-05 00:00:00 UTC,0.028056512368729178,68496600.0263109,5694236.376844218
2022-12-06 00:00:00 UTC,0.02757836338526405,67257922.56026636,3657058.101160295
2022-12-07 00:00:00 UTC,0.027335536069924504,66639658.99048772,4881859.13808914
2022-12-08 00:00:00 UTC,0.02624663384721429,64318751.65017368,7187477.842894744
2022-12-09 00:00:00 UTC,0.02503584953487038,60945345.65475436,7678430.046694679
2022-12-10 00:00:00 UTC,0.026159793779956312,63745307.91395574,7339973.765066207
2022-12-11 00:00:00 UTC,0.04139382422875684,98912151.18265446,37981621.781187676
2022-12-12 00:00:00 UTC,0.03851221157621351,95029053.61679387,20269129.122785494
2022-12-13 00:00:00 UTC,0.04458149445446554,108923721.75916086,23220085.019791547
2022-12-14 00:00:00 UTC,0.04517006638397,110152622.16719712,19666073.99246062
2022-12-15 00:00:00 UTC,0.04151753137793202,101092178.40483145,11296913.545260347
2022-12-16 00:00:00 UTC,0.037103350025610694,90678351.10169555,4242389.483819131
2022-12-17 00:00:00 UTC,0.03375841623254625,82034507.62296426,8121846.741889003
2022-12-18 00:00:00 UTC,0.03336151855671949,81277883.23358911,6993089.062779802
2022-12-19 00:00:00 UTC,0.03358359823149547,81846088.5050293,5412820.652195455
2022-12-20 00:00:00 UTC,0.02948339207567744,71805241.98495822,7554074.092960377
2022-12-21 00:00:00 UTC,0.03096591872787361,75491099.90689565,9112472.918609576
2022-12-22 00:00:00 UTC,0.029993170309760047,73131957.52762464,6745736.042990148
2022-12-23 00:00:00 UTC,0.03412218238493142,83043889.95355819,13798367.129737211
2022-12-24 00:00:00 UTC,0.03457482399898204,84055011.33313897,10397796.465210753
2022-12-25 00:00:00 UTC,0.032140115535938894,78347365.53444327,5159598.108576918
2022-12-26 00:00:00 UTC,0.03558387060664602,86832704.63607542,7743222.595574164
2022-12-27 00:00:00 UTC,0.035251687789994116,85996084.41302963,11805392.98370164
2022-12-28 00:00:00 UTC,0.0328192919104562,80019000.19799602,7035891.307181475
2022-12-29 00:00:00 UTC,0.03387611089841556,82542527.29847485,6859826.254103268
2022-12-30 00:00:00 UTC,0.03372599863275582,81575894.58752856,7992901.164493165
2022-12-31 00:00:00 UTC,0.0330816449370189,80559063.81643985,6903617.43122722
2023-01-01 00:00:00 UTC,0.0319168340192569,77694946.46606788,4866828.209863855
2023-01-02 00:00:00 UTC,0.031949532991913256,77868298.35389842,5653311.732586954
2023-01-03 00:00:00 UTC,0.03148060128581417,76626313.65193626,6050172.220973735
2023-01-04 00:00:00 UTC,0.03085630065979856,75208053.79586783,6266932.46376952
2023-01-05 00:00:00 UTC,0.03093753999139364,75314502.35226038,5459874.226969973
2023-01-06 00:00:00 UTC,0.03019197843037058,73614294.77938226,5542998.364971624
2023-01-07 00:00:00 UTC,0.029574191553979154,72052022.16794583,4475856.258908475
2023-01-08 00:00:00 UTC,0.02994328332251423,72965615.0312165,4848434.929476995
2023-01-09 00:00:00 UTC,0.030042850657289268,73232644.64919844,4956939.383525588
2023-01-10 00:00:00 UTC,0.03162389909211036,77141078.42101504,7768821.889544372
2023-01-11 00:00:00 UTC,0.031438273417212115,76589358.09653588,4131814.065128576
2023-01-12 00:00:00 UTC,0.03129638640760161,76301652.42918701,3209476.000386012
2023-01-13 00:00:00 UTC,0.031150073548206307,75899447.22045653,2605306.1008726936
2023-01-14 00:00:00 UTC,0.0324049438706342,79078983.17244804,2406999.7790800575
2023-01-15 00:00:00 UTC,0.03246704471460626,79212124.2659826,2987741.6177294482
2023-01-16 00:00:00 UTC,0.03151234320009228,76908292.98589462,2220552.0885628546
2023-01-17 00:00:00 UTC,0.032003652039544375,77848115.57238229,2431417.5360630024
2023-01-18 00:00:00 UTC,0.033420409625502974,81570954.15916274,3226893.680673555
2023-01-19 00:00:00 UTC,0.030733331731079845,75113710.52450635,2838511.710544157
2023-01-20 00:00:00 UTC,0.03147173663824872,76618199.71595903,2117681.9669124545
2023-01-21 00:00:00 UTC,0.03301498316623719,80728640.57250366,2049086.3073619963
2023-01-22 00:00:00 UTC,0.0319356780218928,78000935.06429909,2742860.283963816
2023-01-23 00:00:00 UTC,0.03223138172953638,78555644.79628758,1766464.415912147
2023-01-24 00:00:00 UTC,0.032487913353701554,79256082.63477968,2677665.335145418
2023-01-25 00:00:00 UTC,0.03991415214887966,98181948.67293377,8063994.726794791
2023-01-26 00:00:00 UTC,0.03602571921574958,87709900.92012078,9673268.017021092
2023-01-27 00:00:00 UTC,0.033601562833693366,82006671.8326506,4415686.542954183
2023-01-28 00:00:00 UTC,0.03416994188597089,83581477.39539087,3998193.032866115
2023-01-29 00:00:00 UTC,0.03296703247408713,80227949.46499072,2971298.970474263
2023-01-30 00:00:00 UTC,0.03322161831412892,80786144.91402431,3277994.941095058
2023-01-31 00:00:00 UTC,0.03096406218090772,75261124.34492311,2600637.281706356
2023-02-01 00:00:00 UTC,0.031009406354051684,75577739.94883467,2377620.3769385894
2023-02-02 00:00:00 UTC,0.03211532387729426,78364731.47851148,2823520.869513921
2023-02-03 00:00:00 UTC,0.031681621647966306,77317582.16439606,3418161.240138034
2023-02-04 00:00:00 UTC,0.0316385408326669,77012898.75647725,2212495.7764900643
2023-02-05 00:00:00 UTC,0.03158798541848501,77761830.52273126,2109480.1140232147
2023-02-06 00:00:00 UTC,0.03091506245845894,75275568.16822602,2606900.993056613
2023-02-07 00:00:00 UTC,0.030607241589046118,74523311.74521306,2266100.748296598
2023-02-08 00:00:00 UTC,0.030816647156425146,75297407.70830913,2403949.999786133
2023-02-09 00:00:00 UTC,0.030454240161810683,74173154.75079751,2117399.224119346
2023-02-10 00:00:00 UTC,0.02791424088793942,68107145.046798,2006517.891130511
2023-02-11 00:00:00 UTC,0.027781747923085538,67833454.43124264,2511886.403191585
2023-02-12 00:00:00 UTC,0.02831689001216783,68997819.28968206,2353301.9174004705
2023-02-13 00:00:00 UTC,0.027994886953926195,68268237.24277064,1675245.460500983
2023-02-14 00:00:00 UTC,0.02758086375610773,67169602.69119291,2249742.250982276
2023-02-15 00:00:00 UTC,0.027770267208612157,67696385.92291288,2240972.6105466927
2023-02-16 00:00:00 UTC,0.02870381970516233,69704703.70826408,1918101.2960270834
2023-02-17 00:00:00 UTC,0.02866931272167342,69722327.04745859,2357044.08923281
2023-02-18 00:00:00 UTC,0.028218477484642155,69009040.27195704,2449093.4249043344
2023-02-19 00:00:00 UTC,0.028433330557589745,69245303.98593614,2208057.4755858425
2023-02-20 00:00:00 UTC,0.02821053660504806,68814338.90460832,2867463.174179159
2023-02-21 00:00:00 UTC,0.029260644583170504,71373906.32929258,3214688.6270029964
2023-02-22 00:00:00 UTC,0.027974770131768335,68084582.34038208,2250629.0422522603
2023-02-23 00:00:00 UTC,0.027415791849018142,67133439.58213815,1996999.8888284152
2023-02-24 00:00:00 UTC,0.02752137983310659,66972401.07823568,2274393.024478572
2023-02-25 00:00:00 UTC,0.02703257611740152,65805412.64510212,1576110.2544610796
2023-02-26 00:00:00 UTC,0.026981789428212555,65839977.44388072,1832562.4007963669
2023-02-27 00:00:00 UTC,0.026889630466754147,65626525.78484752,2245633.155653235
2023-02-28 00:00:00 UTC,0.026540996070917224,64808058.00909149,2015341.5593625198
2023-03-01 00:00:00 UTC,0.025845013350363107,62977260.70199925,3183701.6220235573
2023-03-02 00:00:00 UTC,0.025929668506748972,63204898.55309557,2684600.016515041
2023-03-03 00:00:00 UTC,0.024722468927489583,60248034.102995984,2149414.858358361
2023-03-04 00:00:00 UTC,0.028072043338958762,68779385.30520323,9193327.500246288
2023-03-05 00:00:00 UTC,0.02613751082563336,61464930.47512406,7073689.259309885
2023-03-06 00:00:00 UTC,0.023702075973536168,58072405.42216297,3962768.123248744
2023-03-07 00:00:00 UTC,0.02358174367635655,57442876.28078079,1715744.4733377437
2023-03-08 00:00:00 UTC,0.02215051520142201,53952117.76320859,1845262.277558719
2023-03-09 00:00:00 UTC,0.02035986193092387,49820728.11567735,1731989.1885011212
2023-03-10 00:00:00 UTC,0.019595556464756293,47895680.74893345,2366447.780899065
2023-03-11 00:00:00 UTC,0.019394753588309402,47172978.89825728,1710044.6030318283
2023-03-12 00:00:00 UTC,0.019527529465915582,47803790.09086134,1658813.5704169762
2023-03-13 00:00:00 UTC,0.020174460734419385,49080981.03668716,1154056.5630898653
2023-03-14 00:00:00 UTC,0.0210724307872801,51331890.49656064,2614476.3388129477
2023-03-15 00:00:00 UTC,0.02114463241381252,51512096.942771666,1893786.308165071
2023-03-16 00:00:00 UTC,0.021076707586089604,51387790.262305,1665043.4889001716
2023-03-17 00:00:00 UTC,0.0201191959050775,49084213.72905504,1225466.3669634191
2023-03-18 00:00:00 UTC,0.02075175642985851,50600223.36290376,1248718.976024868
2023-03-19 00:00:00 UTC,0.02037178240493459,49723452.614946336,1615338.4898260224
2023-03-20 00:00:00 UTC,0.020251168625486867,49390560.72010413,1292096.2506503377
2023-03-21 00:00:00 UTC,0.02012048110117879,49028078.14771958,763996.6290078835
2023-03-22 00:00:00 UTC,0.02024519321069326,49300163.38479653,540445.6741159245
2023-03-23 00:00:00 UTC,0.019464752994093615,47413481.98665245,667261.7237175563
2023-03-24 00:00:00 UTC,0.01982929664796062,48463283.671783894,633901.190393922
2023-03-25 00:00:00 UTC,0.019328604734761334,47329512.95895204,494283.0720576415
2023-03-26 00:00:00 UTC,0.01939333938805559,47234316.32326863,525491.324017414
2023-03-27 00:00:00 UTC,0.020574536004820614,50152182.13633564,1521545.4600335401
2023-03-28 00:00:00 UTC,0.019077263638254134,46047318.279601455,1253319.7818743181
2023-03-29 00:00:00 UTC,0.019106660358245122,46552208.64330161,460810.2959792753
2023-03-30 00:00:00 UTC,0.01945744755088309,47469191.69588435,499393.391380822
2023-03-31 00:00:00 UTC,0.019087131511174815,46492980.56457098,508463.10098138015
2023-04-01 00:00:00 UTC,0.01923615563270835,46664823.14449906,1614184.1134166
2023-04-02 00:00:00 UTC,0.019115080066372542,46573340.67634196,1397532.1794303805
2023-04-03 00:00:00 UTC,0.023275201509378805,54610786.42221914,2466860.260438087
2023-04-04 00:00:00 UTC,0.020399274437610804,49598852.24208425,10749163.759123271
2023-04-05 00:00:00 UTC,0.020093563625332433,48881358.4215346,3470487.3664801572
2023-04-06 00:00:00 UTC,0.019794310740067576,48170660.74552145,1998194.7874456074
2023-04-07 00:00:00 UTC,0.01919623373881862,46536357.37456341,1825170.4449456646
2023-04-08 00:00:00 UTC,0.019062850712417152,46952986.06859546,1812175.1822099327
2023-04-09 00:00:00 UTC,0.019217501716747066,46896527.061235085,1707079.606448167
2023-04-10 00:00:00 UTC,0.018989703694689476,46299982.799966104,1555976.5768316693
2023-04-11 00:00:00 UTC,0.019430067102133856,47312483.044699684,1467899.0920895431
2023-04-12 00:00:00 UTC,0.01936964600595339,47207107.92598543,1635371.4572568282
2023-04-13 00:00:00 UTC,0.019268648633327227,47404722.733150296,1952804.4132963293
2023-04-14 00:00:00 UTC,0.01939715911275985,46673722.2463586,1302462.5365605047
2023-04-15 00:00:00 UTC,0.01922835974229968,46906521.442260824,1859166.0439427723
2023-04-16 00:00:00 UTC,0.01922090119809802,46786412.20910037,1035078.4276216796
2023-04-17 00:00:00 UTC,0.019266087114622996,46971070.39022354,757162.5556131629
2023-04-18 00:00:00 UTC,0.01929026206843597,46916493.55860835,1250941.9960011942
2023-04-19 00:00:00 UTC,0.019266663854705563,47141167.752801865,851422.9974973224
2023-04-20 00:00:00 UTC,0.018358683104129633,44791782.11902971,913992.7753833366
2023-04-21 00:00:00 UTC,0.01751878306416868,43494484.637728386,988545.4105610116
2023-04-22 00:00:00 UTC,0.017284073576858256,42095760.354133554,886892.1018293686
2023-04-23 00:00:00 UTC,0.017649731757851485,43038885.44344832,905720.2317846172
2023-04-24 00:00:00 UTC,0.017351374917977783,42218373.81851478,485160.34781013086
2023-04-25 00:00:00 UTC,0.017653951421735502,42535555.792036094,863592.4925386279
2023-04-26 00:00:00 UTC,0.017362937753844825,42382583.21604719,849792.9970573244
2023-04-27 00:00:00 UTC,0.01740381837446931,42405055.88070469,1099684.8857915162
2023-04-28 00:00:00 UTC,0.01749330909960675,42300233.82263132,780751.1122250886
2023-04-29 00:00:00 UTC,0.017402261173256005,42386699.624976434,1050534.121846441
2023-04-30 00:00:00 UTC,0.017334598384860244,42511134.22069235,724155.2946926955
2023-05-01 00:00:00 UTC,0.017342509835567357,42196064.54985339,1224383.1368127947
2023-05-02 00:00:00 UTC,0.023574999965033382,58384848.94509385,8652857.667003421
2023-05-03 00:00:00 UTC,0.01804529000974536,43919395.10549325,7371952.350956976
2023-05-04 00:00:00 UTC,0.01803323971684176,43904364.094178304,2039554.3936072828
2023-05-05 00:00:00 UTC,0.01848991976511135,45026272.00835407,1681844.559632672
2023-05-06 00:00:00 UTC,0.018127074776086213,44148192.47459537,1714358.4782983814
2023-05-07 00:00:00 UTC,0.017975974456554536,43824473.032937996,1570602.0035928471
2023-05-08 00:00:00 UTC,0.01763935363425668,42862717.064908534,1234652.9956636552
2023-05-09 00:00:00 UTC,0.016969916419456322,41303144.179805495,1355875.6723499026
2023-05-10 00:00:00 UTC,0.0169507015846193,41250382.04319851,1279960.687870306
2023-05-11 00:00:00 UTC,0.016837480946841572,40979714.17306057,1087782.929556713
2023-05-12 00:00:00 UTC,0.016594159520250402,40335902.84853014,1050557.3043119758
2023-05-13 00:00:00 UTC,0.0163077724685284,39246705.23471126,1084507.2541037446
2023-05-14 00:00:00 UTC,0.017376554954119532,42188078.72356459,1850701.2525034228
2023-05-15 00:00:00 UTC,0.017139853824954487,41846978.572323225,2418281.6072797817
2023-05-16 00:00:00 UTC,0.017276024395863416,42066823.643771864,1034347.1772437843
2023-05-17 00:00:00 UTC,0.01707132781921232,41642587.53997508,1345389.9152490918
2023-05-18 00:00:00 UTC,0.016866563993646756,41107049.9893879,975162.8032858557
2023-05-19 00:00:00 UTC,0.015716521873115747,38316096.84654544,3197760.597082882
2023-05-20 00:00:00 UTC,0.015709561937586693,38322436.74087891,1626518.1251002639
2023-05-21 00:00:00 UTC,0.015872948353466174,38661736.913601376,1629877.256130306
2023-05-22 00:00:00 UTC,0.015383988355203155,37511392.18517406,948618.5977294233
2023-05-23 00:00:00 UTC,0.015390391542694695,37459074.08547779,912177.5486572247
2023-05-24 00:00:00 UTC,0.015448878365238405,37518338.14874998,951417.6574456535
2023-05-25 00:00:00 UTC,0.014881641587888331,36273260.84982229,1744378.3888979421
2023-05-26 00:00:00 UTC,0.015160253158424944,36953500.41346804,1471132.6220092224
2023-05-27 00:00:00 UTC,0.015330374282326092,37363852.26964961,621216.7784454703
2023-05-28 00:00:00 UTC,0.015242596182147763,37216654.92777345,478155.57336259866
2023-05-29 00:00:00 UTC,0.015490588627335572,37721411.548661016,525642.9414486502
2023-05-30 00:00:00 UTC,0.015196277010158923,37065391.81612112,400631.6005338991
2023-05-31 00:00:00 UTC,0.015065338740098619,36688360.26273496,574113.3537489771
2023-06-01 00:00:00 UTC,0.014962056172623648,36499816.02633959,525650.1249163804
2023-06-02 00:00:00 UTC,0.01512203997101192,36953488.56491768,583501.3315155604
2023-06-03 00:00:00 UTC,0.015122105836948042,36870876.35293671,557950.1949844654
2023-06-04 00:00:00 UTC,0.015337476979464668,37344458.160714276,502710.12939304527
2023-06-05 00:00:00 UTC,0.015531157278207385,37999584.97084572,553209.2557670308
2023-06-06 00:00:00 UTC,0.014492034668942541,35334368.47399836,789182.0624164502
2023-06-07 00:00:00 UTC,0.014470758798873872,35213618.57771507,587021.5458777373
2023-06-08 00:00:00 UTC,0.013680910676455958,33356431.761159804,656122.73826688
2023-06-09 00:00:00 UTC,0.013314616790903063,32460204.102718864,625717.5645426636
2023-06-10 00:00:00 UTC,0.01525739815972956,37073983.45389375,3288095.2702193535
2023-06-11 00:00:00 UTC,0.013337864994324627,32497689.260887343,7518108.04703752
2023-06-12 00:00:00 UTC,0.013454340299574267,32729970.027132332,1994769.7137982522
2023-06-13 00:00:00 UTC,0.01409653524296214,34800471.96203234,2779631.3769935304
2023-06-14 00:00:00 UTC,0.014695011427801387,35944149.919432506,3678527.679170873
2023-06-15 00:00:00 UTC,0.01352959216179545,33294241.07341575,2462768.740175241
2023-06-16 00:00:00 UTC,0.013498220491300826,32993999.967321035,990838.3723683638
2023-06-17 00:00:00 UTC,0.013334508917875255,32454193.362837244,1487292.4017422819
2023-06-18 00:00:00 UTC,0.013345394480650884,32471545.217169613,2115569.416060751
2023-06-19 00:00:00 UTC,0.013118559256478065,31948568.49677151,1760699.845746006
2023-06-20 00:00:00 UTC,0.013081798983303018,31878576.951144964,1440497.5358986761
2023-06-21 00:00:00 UTC,0.012921217548870786,31426329.876864858,788788.2799840936
2023-06-22 00:00:00 UTC,0.013137904050698557,31980136.676695097,1174072.7407695027
2023-06-23 00:00:00 UTC,0.013066194474541206,31850742.3617403,1010918.3331749125
2023-06-24 00:00:00 UTC,0.01326765215176506,32313395.48737173,873578.5542329472
2023-06-25 00:00:00 UTC,0.013691580798961296,33369478.649891004,928984.2402371024
2023-06-26 00:00:00 UTC,0.013109762816632795,31964746.314862117,797525.5990409391
2023-06-27 00:00:00 UTC,0.013215034731540608,32245464.310138553,629655.1171143008
2023-06-28 00:00:00 UTC,0.01304374695674212,31835572.893963914,567770.8442105508
2023-06-29 00:00:00 UTC,0.01296187163248526,31565518.832585596,523132.4004601128
2023-06-30 00:00:00 UTC,0.012890925254202951,31462021.183050767,513652.16679895256
2023-07-01 00:00:00 UTC,0.012448023338307393,30210163.116504703,911565.6507541246
2023-07-02 00:00:00 UTC,0.012524643677940994,30412556.554537885,525042.8028961834
2023-07-03 00:00:00 UTC,0.012728434437773082,31040639.38400695,569076.5955537175
2023-07-04 00:00:00 UTC,0.012679696211146403,30898553.226315163,477791.2441678566
2023-07-05 00:00:00 UTC,0.012675297988867393,30938966.8295587,352933.39605899
2023-07-06 00:00:00 UTC,0.012525636352882922,30493251.963320207,436439.43981925014
2023-07-07 00:00:00 UTC,0.01226088277182061,29950506.58687857,1988966.0587285734
2023-07-08 00:00:00 UTC,0.012222357198456489,29803195.55345767,2564516.0329468376
2023-07-09 00:00:00 UTC,0.012286822585890929,29854494.262358095,1021611.5897251986
2023-07-10 00:00:00 UTC,0.012132352679791854,29583501.816900536,1320031.013574078
2023-07-11 00:00:00 UTC,0.011870963307271396,28847280.800852135,1365986.7886683063
2023-07-12 00:00:00 UTC,0.01144859026194297,27905389.10767302,1328608.4001382294
2023-07-13 00:00:00 UTC,0.011442491122768881,27882828.535957415,1169429.250429148
2023-07-14 00:00:00 UTC,0.011247534707598511,27338364.244785115,1515611.717098533
2023-07-15 00:00:00 UTC,0.011313115019783387,27364502.2463262,1137523.6974635597
2023-07-16 00:00:00 UTC,0.011304547226615235,27522908.250264395,931719.5207024997
2023-07-17 00:00:00 UTC,0.0109219616453595,26984311.58905951,2561784.6159761962
2023-07-18 00:00:00 UTC,0.01041498073686148,25289687.084549032,1292172.5964454508
2023-07-19 00:00:00 UTC,0.009844797254345108,23905690.180010792,2395503.611341213
2023-07-20 00:00:00 UTC,0.009663017473934955,23692104.461385682,3008391.5907414397
2023-07-21 00:00:00 UTC,0.00961628410430443,23434028.473794956,2061506.0029320098
2023-07-22 00:00:00 UTC,0.009511587202277778,23180607.42282638,1850782.2345189278
2023-07-23 00:00:00 UTC,0.009565453226609335,23370529.4113026,1076410.9628244247
2023-07-24 00:00:00 UTC,0.009577708134223322,23336844.116885554,1305054.4025617053
2023-07-25 00:00:00 UTC,0.009030113889476804,22015873.9826506,589949.9621112696
2023-07-26 00:00:00 UTC,0.00892847923313754,21767851.758636437,767491.7956522157
2023-07-27 00:00:00 UTC,0.008412307015049015,20728159.94255973,1839697.3415324893
2023-07-28 00:00:00 UTC,0.008609965503167333,20999893.656617474,806176.6845940589
2023-07-29 00:00:00 UTC,0.008714977572470181,21019409.54098274,720467.4567451616
2023-07-30 00:00:00 UTC,0.008720689704642185,21242288.091155607,675274.3058540352
2023-07-31 00:00:00 UTC,0.008649481728916176,21057330.846318647,404586.0627434757
2023-08-01 00:00:00 UTC,0.008494075822320491,20797265.37195488,1251592.5414309942
2023-08-02 00:00:00 UTC,0.008640663213319391,20940525.446597636,461900.32455289015
2023-08-03 00:00:00 UTC,0.008916639043244069,21747282.800889894,952490.5776834434
2023-08-04 00:00:00 UTC,0.008751918548289115,21364968.425929207,969904.6702896074
2023-08-05 00:00:00 UTC,0.00860978065759273,21029463.20545543,1333905.1500442603
2023-08-06 00:00:00 UTC,0.008646797861912725,21066180.433442935,306292.4191416616
2023-08-07 00:00:00 UTC,0.00866117295196475,21074734.417274173,377239.3348142862
2023-08-08 00:00:00 UTC,0.008471284590249427,20613840.73190054,247528.28559847482
2023-08-09 00:00:00 UTC,0.008397568880959562,20564100.37162562,648311.1271053277
2023-08-10 00:00:00 UTC,0.008376417131162604,20097315.910191927,152522.5740624893
2023-08-11 00:00:00 UTC,0.00840677684835052,20506782.65697024,313738.33759201906
2023-08-12 00:00:00 UTC,0.008397230961379532,20380148.941936933,432363.9142761216
2023-08-13 00:00:00 UTC,0.008543287921065732,20923852.347850326,756477.8269341496
2023-08-14 00:00:00 UTC,0.008528229743723486,20921506.278113335,358413.18192566285
2023-08-15 00:00:00 UTC,0.008660818971281778,21158475.80283727,514676.91082395153
2023-08-16 00:00:00 UTC,0.008353210985423486,20337661.526373886,1542823.9545951271
2023-08-17 00:00:00 UTC,0.007993661769946883,19666892.506031808,239740.68096126293
2023-08-18 00:00:00 UTC,0.007241906760499412,17751912.143205136,673294.6757622391
2023-08-19 00:00:00 UTC,0.0069035082054612375,16752698.83615578,743539.930139757
2023-08-20 00:00:00 UTC,0.0069748242589546625,17015432.838050865,171607.33777341337
2023-08-21 00:00:00 UTC,0.007137698955173341,17379577.928808294,190016.67928285283
2023-08-22 00:00:00 UTC,0.008460689533988909,20695267.27098644,8340838.655341196
2023-08-23 00:00:00 UTC,0.007775196846658364,19123322.584400527,2865957.6635553036
2023-08-24 00:00:00 UTC,0.007964289070576823,18804344.344703615,2769651.767263451
2023-08-25 00:00:00 UTC,0.0077779208963552554,19389911.077006757,2492650.8172856374
2023-08-26 00:00:00 UTC,0.007883885840964014,19218752.90146751,588407.7362156158
2023-08-27 00:00:00 UTC,0.007643416722694841,18443000.490764085,167653.59867898544
2023-08-28 00:00:00 UTC,0.007517053616677877,18317448.48668587,1188883.6480490859
2023-08-29 00:00:00 UTC,0.007643199930655719,18594113.977710124,1344091.7696087721
2023-08-30 00:00:00 UTC,0.007357053450884499,17929068.739450134,1040033.2273996525
2023-08-31 00:00:00 UTC,0.007242289646651289,17420185.611584663,708804.0010997779
2023-09-01 00:00:00 UTC,0.006977139187584374,17018309.05888703,2113751.506691832
2023-09-02 00:00:00 UTC,0.007115933760372276,17367186.90963774,629038.7305733165
2023-09-03 00:00:00 UTC,0.007050696158493861,17176733.554816686,874126.8361925153
2023-09-04 00:00:00 UTC,0.007026552180080957,17337996.313340586,741315.5997481135
2023-09-05 00:00:00 UTC,0.007499973293268907,18100620.40794416,309407.8380425864
2023-09-06 00:00:00 UTC,0.010095668614556292,24391934.3102893,14366125.578353234
2023-09-07 00:00:00 UTC,0.008884846433735055,21554037.41353882,3122573.3632828
2023-09-08 00:00:00 UTC,0.008089157925505913,20049567.954548653,2048868.9859973413
2023-09-09 00:00:00 UTC,0.008136005769687212,19863862.771565538,2277299.294259678
2023-09-10 00:00:00 UTC,0.00819353497867894,19959163.482880183,1793094.7001753175
2023-09-11 00:00:00 UTC,0.009861175909282222,23483404.258480143,2271893.4035990937
2023-09-12 00:00:00 UTC,0.01176449658296943,28351415.129702743,11724642.256824624
2023-09-13 00:00:00 UTC,0.00886755787215047,22125673.384094417,5360054.4784327
2023-09-14 00:00:00 UTC,0.010673025841116505,26788813.67534395,4836159.058659353
2023-09-15 00:00:00 UTC,0.009970981426886835,24337057.28597316,5648332.971900819
2023-09-16 00:00:00 UTC,0.009422116174959846,23102059.36751637,2885685.4712687973
2023-09-17 00:00:00 UTC,0.009036538677257728,22266927.943791594,2535067.8085171464
2023-09-18 00:00:00 UTC,0.010594484504499325,25744788.483798493,2153755.5451201317
2023-09-19 00:00:00 UTC,0.00979347447152458,24098917.480095457,3179142.6044382183
2023-09-20 00:00:00 UTC,0.009500914324814863,23165980.248238117,1898492.7084953901
2023-09-21 00:00:00 UTC,0.00945989548900024,23131742.948901333,2038583.690282233
2023-09-22 00:00:00 UTC,0.009126454000772936,22119762.35590041,491100.4692292468
2023-09-23 00:00:00 UTC,0.008853096462889253,21615182.844576467,1020685.8013997276
2023-09-24 00:00:00 UTC,0.008696327466893446,21314906.96514891,736401.0075044887
2023-09-25 00:00:00 UTC,0.008341444639644464,20345695.268731616,915861.936966481
2023-09-26 00:00:00 UTC,0.007954172321961444,19394149.50790688,2088676.9389735202
2023-09-27 00:00:00 UTC,0.009064052607674023,22077820.757218547,3953243.319912985
2023-09-28 00:00:00 UTC,0.008284120078706393,20640567.607817877,2501544.3495210935
2023-09-29 00:00:00 UTC,0.008244898229413523,20161751.757103857,1241401.684092324
2023-09-30 00:00:00 UTC,0.008191557196010198,19987722.111204267,1911446.149668446
2023-10-01 00:00:00 UTC,0.007982120835635256,19306872.230459876,936324.0364161675
2023-10-02 00:00:00 UTC,0.007991453406868373,19984361.51870022,933071.8865591096
2023-10-03 00:00:00 UTC,0.007801570218229987,19110854.540092852,1329691.4711581909
2023-10-04 00:00:00 UTC,0.0075243703707161234,18394651.94526323,1117996.741603789
2023-10-05 00:00:00 UTC,0.007502462529212979,18297145.735872347,738544.1113290124
2023-10-06 00:00:00 UTC,0.007508591988740387,18303444.691289205,434373.8734780715
2023-10-07 00:00:00 UTC,0.007768649490916025,19020852.095773183,871893.7981042262
2023-10-08 00:00:00 UTC,0.007738492269663184,18850887.080983546,402345.1038051552
2023-10-09 00:00:00 UTC,0.007672649162233901,18789800.15031394,995518.4040899873
2023-10-10 00:00:00 UTC,0.00722511782049532,17591784.3144137,259944.91014802887
2023-10-11 00:00:00 UTC,0.007211780518691789,17583799.885730978,439932.874451916
2023-10-12 00:00:00 UTC,0.006891869183054499,16783634.05112333,213398.36101012197
2023-10-13 00:00:00 UTC,0.006957754936281105,16988933.15199914,584249.0204040688
2023-10-14 00:00:00 UTC,0.006962648452466568,16945026.12975409,977406.3429219669
2023-10-15 00:00:00 UTC,0.006853722833518717,16848141.067323606,1444209.9637550893
2023-10-16 00:00:00 UTC,0.006805109935492795,16638136.014881922,602606.4424732184
2023-10-17 00:00:00 UTC,0.00683590981842794,16610026.317310672,892969.8042230137
2023-10-18 00:00:00 UTC,0.006712578994760047,16305886.743793296,816209.6764027444
2023-10-19 00:00:00 UTC,0.006365302426868149,15494527.396447508,1002869.7308138245
2023-10-20 00:00:00 UTC,0.00607560404576319,15159448.313070124,469163.2488138961
2023-10-21 00:00:00 UTC,0.005927327193000325,14402101.341387311,1331335.3452512342
2023-10-22 00:00:00 UTC,0.005982768300625049,14562378.424855104,1182606.3824911052
2023-10-23 00:00:00 UTC,0.005940471885190339,14368146.36880875,1143022.596407299
2023-10-24 00:00:00 UTC,0.006166829180954609,14913209.91516029,1354921.6365636347
2023-10-25 00:00:00 UTC,0.00625682958138531,14931925.031000908,678731.435337876
2023-10-26 00:00:00 UTC,0.0061445141207796955,15022381.713017985,880876.9317139979
2023-10-27 00:00:00 UTC,0.006508902016901849,15823104.088065205,2021892.3823789891
2023-10-28 00:00:00 UTC,0.006256181734831844,15249503.226915633,1656839.3766910015
2023-10-29 00:00:00 UTC,0.006292339623889946,15335234.960491884,803614.999983223
2023-10-30 00:00:00 UTC,0.006209719589681471,15364101.725231022,1338873.8046398275
2023-10-31 00:00:00 UTC,0.006544633034377133,15995549.140603956,772965.1549744117
2023-11-01 00:00:00 UTC,0.006617778471536279,16138666.265521472,770652.6102500668
2023-11-02 00:00:00 UTC,0.0066111042003654,16110996.311236346,1083301.958964932
2023-11-03 00:00:00 UTC,0.006904190288098292,16749954.847461628,1238018.9231658606
2023-11-04 00:00:00 UTC,0.0064723238665468285,15733998.905490821,1198608.6795896767
2023-11-05 00:00:00 UTC,0.006842854689388148,16556437.65266286,277205.8629839232
2023-11-06 00:00:00 UTC,0.006611274508446347,16129535.155910661,1771213.8825979417
2023-11-07 00:00:00 UTC,0.006537373363735524,16240172.241296578,1509648.5334421669
2023-11-08 00:00:00 UTC,0.006613153103607919,15902676.578711517,2274607.099070755
2023-11-09 00:00:00 UTC,0.00654619310253774,16368779.171350801,1281397.6221570014
2023-11-10 00:00:00 UTC,0.006437258685058879,15868980.791038405,1644617.4255847891
2023-11-11 00:00:00 UTC,0.006308713871973436,15539984.857799388,2361532.9341951194
2023-11-12 00:00:00 UTC,0.006626840996772573,15860698.145818489,2486729.089692049
2023-11-13 00:00:00 UTC,0.006532979080327851,15932536.269363202,2148359.898067834
2023-11-14 00:00:00 UTC,0.0061411276129370055,14981970.350106321,2048898.3109092647
2023-11-15 00:00:00 UTC,0.0062686934981679805,15230434.756337214,3598793.0220779227
2023-11-16 00:00:00 UTC,0.006392782176551216,15527840.98715893,2668133.799892345
2023-11-17 00:00:00 UTC,0.006171576305160373,15047762.672717795,1804249.9778651965
2023-11-18 00:00:00 UTC,0.006055163806564478,14770218.833167527,1043549.523343844
2023-11-19 00:00:00 UTC,0.006046624922294749,14780779.999169096,1750485.685083528
2023-11-20 00:00:00 UTC,0.006002908799825622,14854152.364444822,2287894.584994504
2023-11-21 00:00:00 UTC,0.006226766190541126,15176562.09790416,2356508.033245875
2023-11-22 00:00:00 UTC,0.005979517116668656,14574340.943304896,1670442.334949089
2023-11-23 00:00:00 UTC,0.0058409805852243256,14384795.650797304,2178789.034094147
2023-11-24 00:00:00 UTC,0.005804987524556136,14195613.21901638,1784030.6134884236
2023-11-25 00:00:00 UTC,0.005769464916319427,14280373.895569947,1480683.7353316103
2023-11-26 00:00:00 UTC,0.00599689465186616,14613673.441676823,782928.5756485689
2023-11-27 00:00:00 UTC,0.005938640834085378,14432842.85153664,1568473.8745240988
2023-11-28 00:00:00 UTC,0.005810200437310783,14143759.788403986,736581.1860841204
2023-11-29 00:00:00 UTC,0.005812286313680703,14157800.28408528,783403.2571107533
2023-11-30 00:00:00 UTC,0.005845698197027923,14264376.513133522,848355.812351075
2023-12-01 00:00:00 UTC,0.005827575475405485,14185870.020209942,504608.46907342196
2023-12-02 00:00:00 UTC,0.005804886946784957,14389882.290000996,1935675.0412017396
2023-12-03 00:00:00 UTC,0.006169195914992996,15143294.106635733,1921956.4854447523
2023-12-04 00:00:00 UTC,0.006185378819634212,15347312.920322215,2489092.1878560274
2023-12-05 00:00:00 UTC,0.006058410124360412,14643584.575347047,1154575.1391098755
2023-12-06 00:00:00 UTC,0.006170913343218974,15042449.451038776,2448104.1165393456
2023-12-07 00:00:00 UTC,0.006201135912010385,15124988.488956703,1886395.2549762677
2023-12-08 00:00:00 UTC,0.006652092598202457,16360888.066572972,3682029.703093022
2023-12-09 00:00:00 UTC,0.006839567827466393,16705680.035464365,1314138.330516805
2023-12-10 00:00:00 UTC,0.006744940696275922,16780539.910513576,1645427.1511481057
2023-12-11 00:00:00 UTC,0.007001208920939723,17062816.835893232,1282361.726214638
2023-12-12 00:00:00 UTC,0.0064751139696075455,15792587.581785755,1152453.2086082725
2023-12-13 00:00:00 UTC,0.006414736511097007,15619172.976374017,1051025.0897344346
2023-12-14 00:00:00 UTC,0.006465941671611604,15761468.821139872,1753672.8931744744
2023-12-15 00:00:00 UTC,0.006536038819073192,15894045.700091437,1051078.6091399787
2023-12-16 00:00:00 UTC,0.006371545248511773,15551869.519901808,1045192.7797554708
2023-12-17 00:00:00 UTC,0.006821405945776605,16611756.397475064,1135658.4101928857
2023-12-18 00:00:00 UTC,0.006847663744107105,16522178.679190373,2346927.436277676
2023-12-19 00:00:00 UTC,0.006451573841472845,15782635.304092783,1313449.4458128936
2023-12-20 00:00:00 UTC,0.006531570912781995,15905988.280926095,1337500.1533054486
2023-12-21 00:00:00 UTC,0.0066564038239780845,16219591.840752456,828559.8584105106
2023-12-22 00:00:00 UTC,0.006588885088802897,16072918.640269674,1303411.978969656
2023-12-23 00:00:00 UTC,0.006833150400156016,16678851.90769876,11964724.252808595
2023-12-24 00:00:00 UTC,0.010088584724611969,24759905.358593818,44721567.286456354
2023-12-25 00:00:00 UTC,0.008315053704642042,20160428.664181568,12339220.883132622
2023-12-26 00:00:00 UTC,0.008453716990447105,20653174.677183155,4653258.22955899
2023-12-27 00:00:00 UTC,0.008697428908098674,21069379.88989278,4117008.650606907
2023-12-28 00:00:00 UTC,0.008305202811485949,20222567.256620772,2040612.0003936964
2023-12-29 00:00:00 UTC,0.007801097280379245,19015961.329083536,2384512.849943502
2023-12-30 00:00:00 UTC,0.008406627203651157,20343123.81895292,4496922.85474653
2023-12-31 00:00:00 UTC,0.008214219781765918,20015925.904417787,5659004.517716048
2024-01-01 00:00:00 UTC,0.007795984480721223,19090633.830881476,2084666.860144898
2024-01-02 00:00:00 UTC,0.007800247504569011,18993077.419083986,1307347.1060140743
2024-01-03 00:00:00 UTC,0.007804741677936776,19145793.949586816,2334530.467164831
2024-01-04 00:00:00 UTC,0.008326924503826232,20304706.05984182,3971792.8716156404
2024-01-05 00:00:00 UTC,0.010149081227956538,24685903.088870563,8862815.615731506
2024-01-06 00:00:00 UTC,0.009495621258501364,23101656.702650484,4972534.267206373
2024-01-07 00:00:00 UTC,0.009669980435064118,23563928.756695997,3304635.7838746114
2024-01-08 00:00:00 UTC,0.009449229940753772,23066890.516503684,9038768.905654319
2024-01-09 00:00:00 UTC,0.009208716199378802,22452525.527477924,4174943.166907924
2024-01-10 00:00:00 UTC,0.008177454971910884,19705689.020153757,3267612.166990408
2024-01-11 00:00:00 UTC,0.0085429515533782,20782520.394953344,1710211.8323440982
2024-01-12 00:00:00 UTC,0.008596377002601588,20574271.694998357,1999075.605694685
2024-01-13 00:00:00 UTC,0.00795009456101572,19400935.387623113,1515694.192257478
2024-01-14 00:00:00 UTC,0.00804092885082436,19577912.791111313,1534307.4403476084
2024-01-15 00:00:00 UTC,0.007900478232934802,19264330.375286493,1618147.631122504
2024-01-16 00:00:00 UTC,0.007675841375837415,18699470.272703033,1716398.709266528
2024-01-17 00:00:00 UTC,0.008172812382475855,19922345.052929647,2326620.536012173
2024-01-18 00:00:00 UTC,0.00791897371255924,19369736.104397483,2972391.2780048144
2024-01-19 00:00:00 UTC,0.008426896213998605,20550543.77462772,4415460.314561339
2024-01-20 00:00:00 UTC,0.009514049613355358,23259727.81023237,14001647.723645812
2024-01-21 00:00:00 UTC,0.010400680645583546,25376747.36792451,9611058.494185073
2024-01-22 00:00:00 UTC,0.009737186527313616,23849203.62198625,3739865.6914938046
2024-01-23 00:00:00 UTC,0.008307833124798769,20246274.141661026,3370868.529321229
2024-01-24 00:00:00 UTC,0.008630813717038829,21047424.466675907,3109969.2916504373
2024-01-25 00:00:00 UTC,0.008768128415319583,21387213.7762894,2191538.638352098
2024-01-26 00:00:00 UTC,0.008341938268119091,20349998.981204137,1795178.212107844
2024-01-27 00:00:00 UTC,0.00863982606289051,21051953.28075268,2046202.255294376
2024-01-28 00:00:00 UTC,0.009221300479696395,22668013.045757,2758302.2307354175
2024-01-29 00:00:00 UTC,0.009713671726927806,23896732.853851732,3107314.4013680825
2024-01-30 00:00:00 UTC,0.009617527522044344,23706207.47661614,2274079.250785833
2024-01-31 00:00:00 UTC,0.009035161800362505,22026808.2885525,1638586.007593273
2024-02-01 00:00:00 UTC,0.009164533799925566,22750973.368699096,4222728.978184912
2024-02-02 00:00:00 UTC,0.008754468288461666,21306881.275714636,1683350.9407379578
2024-02-03 00:00:00 UTC,0.008849545342133695,21568367.125600144,1569039.8385976565
2024-02-04 00:00:00 UTC,0.008763580969657299,21361784.04424197,1376564.19625746
2024-02-05 00:00:00 UTC,0.008757515376754081,21329447.452652164,1514946.3284225457
2024-02-06 00:00:00 UTC,0.008824152766873039,21508074.783477988,1386174.327458829
2024-02-07 00:00:00 UTC,0.008732014257504393,21266305.399793953,1353823.1755202457
2024-02-08 00:00:00 UTC,0.008857087794809577,21602236.587195113,1658917.0970376784
2024-02-09 00:00:00 UTC,0.009091869795944703,22180439.41723464,1647940.6227358184
2024-02-10 00:00:00 UTC,0.009222754997582605,22489210.397964202,1107714.355187608
2024-02-11 00:00:00 UTC,0.008979876399723198,21882170.52038353,1444244.9456649642
2024-02-12 00:00:00 UTC,0.00900901722446243,21966205.22637384,1352889.4248289044
2024-02-13 00:00:00 UTC,0.008932335277225449,21838156.396766286,1415527.8241979266
2024-02-14 00:00:00 UTC,0.009097951562247677,22173075.400655333,1830210.6876374134
2024-02-15 00:00:00 UTC,0.008812294225744404,21455948.034197323,2414434.3766965126
2024-02-16 00:00:00 UTC,0.008759065490891267,21355104.3473978,1613638.3106555596
2024-02-17 00:00:00 UTC,0.008764354283802202,21366231.742970947,1416571.2257720858
2024-02-18 00:00:00 UTC,0.008656211745343409,21088982.84792386,1338027.1796648887
2024-02-19 00:00:00 UTC,0.008941474419714766,21797039.462218896,1697944.9016643532
2024-02-20 00:00:00 UTC,0.008905405348703196,21686339.32838453,1947494.7340855598
2024-02-21 00:00:00 UTC,0.00932783404968079,22731460.421665188,4388862.19086934
2024-02-22 00:00:00 UTC,0.0090316989356197,22047446.47947427,1786721.5769052324
2024-02-23 00:00:00 UTC,0.009013991288865897,21936177.453393415,1525085.5305695129
2024-02-24 00:00:00 UTC,0.00882803553177479,21532659.3890628,1571177.8732878799
2024-02-25 00:00:00 UTC,0.008886317012284217,21647351.576828036,862908.3012641893
2024-02-26 00:00:00 UTC,0.0089666696486762,21856406.3185504,1623317.2631025242
2024-02-27 00:00:00 UTC,0.012726541973692058,30831035.491450746,30622715.51926372
2024-02-28 00:00:00 UTC,0.01750931469268148,43900627.71798014,111665575.06301807
2024-02-29 00:00:00 UTC,0.02483515851853799,60439622.226094775,110217757.56962143
2024-03-01 00:00:00 UTC,0.01918240241777562,46869124.394259475,8138143.553715484
2024-03-02 00:00:00 UTC,0.019277635104779534,47032226.55357378,7027596.930312067
2024-03-03 00:00:00 UTC,0.017016446659775475,42301418.521872975,6991834.636937131
2024-03-04 00:00:00 UTC,0.019705844710201103,48565814.88519022,10229836.559459535
2024-03-05 00:00:00 UTC,0.021001349697499706,51028376.329159334,12622869.362517098
2024-03-06 00:00:00 UTC,0.017948870702698322,43548971.31775518,7080171.63578781
2024-03-07 00:00:00 UTC,0.01949254662991643,47509042.64777416,6448941.4784835195
2024-03-08 00:00:00 UTC,0.02150770873366474,52422083.33762835,16890911.13540243
2024-03-09 00:00:00 UTC,0.0208435313077922,50767194.03593867,5951478.954353333
2024-03-10 00:00:00 UTC,0.022031188873481378,53648703.28065196,7943575.736058107
2024-03-11 00:00:00 UTC,0.02311953713418814,56487471.853456445,10222433.081981521
2024-03-12 00:00:00 UTC,0.02559353966748098,62352475.4926371,10778112.107130092
2024-03-13 00:00:00 UTC,0.02368241771385402,57619440.44240286,9696622.37029189
2024-03-14 00:00:00 UTC,0.02431646777467003,59241314.16854837,9701408.84508689
2024-03-15 00:00:00 UTC,0.022894313782026526,55566050.29715875,6848647.563518816
2024-03-16 00:00:00 UTC,0.020737865130146443,50650334.78809843,6019196.322476845
2024-03-17 00:00:00 UTC,0.01917206253981985,46786970.05254989,4101537.9587577893
2024-03-18 00:00:00 UTC,0.020845323581406547,50644080.244183704,4006887.160979021
2024-03-19 00:00:00 UTC,0.020218331670234995,49241543.03219578,4715714.408128832
2024-03-20 00:00:00 UTC,0.016922653053314758,41210514.82198648,4175963.391960577
2024-03-21 00:00:00 UTC,0.018520402799720462,45144286.30618043,3934674.4654616006
2024-03-22 00:00:00 UTC,0.01873959873206879,45691399.74914219,3152193.0533340005
2024-03-23 00:00:00 UTC,0.018156950505760803,44201907.08365976,3358412.840494358
2024-03-24 00:00:00 UTC,0.018418444437085024,44923702.281643726,3226218.1666977317
2024-03-25 00:00:00 UTC,0.020799667272153793,50530160.038575694,6898370.26132332
2024-03-26 00:00:00 UTC,0.02469490417219637,60711459.647924356,17540669.827876113
2024-03-27 00:00:00 UTC,0.023414620528159832,57226714.86976217,12173056.30055131
2024-03-28 00:00:00 UTC,0.021992429451770865,53561730.8890131,8830206.400513409
2024-03-29 00:00:00 UTC,0.022299111378164826,54296804.43928816,9195546.477993188
2024-03-30 00:00:00 UTC,0.022604493483312723,55407232.51019777,7653496.313652943
2024-03-31 00:00:00 UTC,0.021494796712406283,52416729.362883784,5705185.422372702
2024-04-01 00:00:00 UTC,0.021462509409694453,52375440.155555025,4346682.656325293
2024-04-02 00:00:00 UTC,0.019822508208665157,48213338.011590816,4449914.479427234
2024-04-03 00:00:00 UTC,0.01829264947771336,44609466.647347495,5073310.551302775
2024-04-04 00:00:00 UTC,0.018138229625902773,44233736.413178444,4366956.320693406
2024-04-05 00:00:00 UTC,0.01929164542605716,46951932.51170854,3561921.6706892247
2024-04-06 00:00:00 UTC,0.018959706354040665,46231361.30108139,3469061.565200092
2024-04-07 00:00:00 UTC,0.018848413373233435,45994255.76153005,3522423.5539452117
2024-04-08 00:00:00 UTC,0.0193034227586292,47167309.118464485,4024294.3913222095
2024-04-09 00:00:00 UTC,0.02054558757998795,50063495.87146812,7589426.561634691
2024-04-10 00:00:00 UTC,0.019224998580268993,46360181.16311059,3201316.7257703133
2024-04-11 00:00:00 UTC,0.018807216548381828,45834631.60695434,2831852.5410911385
2024-04-12 00:00:00 UTC,0.01831950629026791,44656851.601611376,2865399.1270987997
2024-04-13 00:00:00 UTC,0.014721722260982353,35832652.87399985,3765606.316467326
2024-04-14 00:00:00 UTC,0.012523595975954793,30576160.046846054,3535396.675937809
2024-04-15 00:00:00 UTC,0.01464145470474501,35662336.754801854,4734409.137227952
2024-04-16 00:00:00 UTC,0.01410948451110656,34352744.52549545,2722942.5142790964
2024-04-17 00:00:00 UTC,0.013569340593989287,33089781.459589783,2676680.636245514
2024-04-18 00:00:00 UTC,0.012388232164491057,30196782.995078824,2572592.3082639677
2024-04-19 00:00:00 UTC,0.012730444656960436,31056099.53881187,1821594.718466569
2024-04-20 00:00:00 UTC,0.01258027101368019,30683107.489078183,1999419.2663624433
2024-04-21 00:00:00 UTC,0.014265161358375415,34751723.15323248,2998195.505705588
2024-04-22 00:00:00 UTC,0.015713063962890954,38278736.64046328,3657221.7311536456
2024-04-23 00:00:00 UTC,0.015111052736645017,36859785.57325019,3330408.084292238
2024-04-24 00:00:00 UTC,0.014503753443955127,35341897.84524242,2661038.579372096
2024-04-25 00:00:00 UTC,0.013781929686281249,33606580.749232896,2484579.00182867
2024-04-26 00:00:00 UTC,0.013640727503383656,33266304.511905607,2292400.305977936
2024-04-27 00:00:00 UTC,0.01344324837543154,32640162.99819311,1705697.4441988731
2024-04-28 00:00:00 UTC,0.013277138683101267,32369565.987088468,2284117.290442763
2024-04-29 00:00:00 UTC,0.012780565401107433,31150291.852042582,2406839.002565874
2024-04-30 00:00:00 UTC,0.012757744135504349,31066731.968140345,2378904.6611620514
2024-05-01 00:00:00 UTC,0.012162930653370825,29624011.245310053,2749114.2050601197
2024-05-02 00:00:00 UTC,0.012904717515103286,31498736.333504114,3075964.0808508466
2024-05-03 00:00:00 UTC,0.012918288236606627,31516043.002872597,2038775.715617504
2024-05-04 00:00:00 UTC,0.01336747235481873,32580837.15422627,2630978.3354596347
2024-05-05 00:00:00 UTC,0.01375164004054102,33492273.005890884,2595019.2585892794
2024-05-06 00:00:00 UTC,0.013984053057624022,34051981.18136259,2416320.079931557
2024-05-07 00:00:00 UTC,0.01326891423220374,32367403.566190492,2492391.580129318
2024-05-08 00:00:00 UTC,0.013388734677920818,32658729.579905838,3317605.818834087
2024-05-09 00:00:00 UTC,0.013274575816262808,32382440.01477453,1668186.5124123471
2024-05-10 00:00:00 UTC,0.01463465826102444,35706754.684069365,9954642.760840619
2024-05-11 00:00:00 UTC,0.013672741351769577,33108954.85971244,7897618.713799437
2024-05-12 00:00:00 UTC,0.014482994310289972,35229911.061635464,3604192.76829442
2024-05-13 00:00:00 UTC,0.014344282292584321,35108724.9854864,5295417.620734073
2024-05-14 00:00:00 UTC,0.014170896257928027,34675786.60675223,1608033.95624597
2024-05-15 00:00:00 UTC,0.014510914210521236,35366857.962368,4803223.803012854
2024-05-16 00:00:00 UTC,0.014744435001973782,35922741.360919,2454495.9220858007
2024-05-17 00:00:00 UTC,0.014074873582878613,34464476.061823204,5603142.782454146
2024-05-18 00:00:00 UTC,0.01453221176286645,35414961.416076854,3728974.5143976696
2024-05-19 00:00:00 UTC,0.015029872063629693,36780006.88691209,6329056.689430323
2024-05-20 00:00:00 UTC,0.01471005216588284,35808021.46882984,8401118.851995928
2024-05-21 00:00:00 UTC,0.01570777735945629,38218273.954490155,8256770.766251744
2024-05-22 00:00:00 UTC,0.015277126015191154,37199674.004993126,8196338.3852650225
2024-05-23 00:00:00 UTC,0.015296874367314417,37265532.56878819,6880277.426855657
2024-05-24 00:00:00 UTC,0.014603585638055777,35520189.10430664,5099240.951040927
2024-05-25 00:00:00 UTC,0.015006463522549635,36563203.705893055,3618267.8449224895
2024-05-26 00:00:00 UTC,0.01492064485298552,36395119.35497499,3154173.409105235
2024-05-27 00:00:00 UTC,0.014745467332696455,35932454.85121452,3433051.307329585
2024-05-28 00:00:00 UTC,0.015609729671747367,38120601.69275823,4797097.819173673
2024-05-29 00:00:00 UTC,0.0167901946678354,40928715.12277321,10854232.599666718
2024-05-30 00:00:00 UTC,0.016737856966058395,40770803.43164178,5797349.202590475
2024-05-31 00:00:00 UTC,0.01575047675775171,38390732.111668296,5657676.277397362
2024-06-01 00:00:00 UTC,0.016651227560794016,40048323.00437467,8862787.203629088
2024-06-02 00:00:00 UTC,0.016940290265505028,41059532.48289065,8878742.340355918
2024-06-03 00:00:00 UTC,0.016650342614712686,40514892.28267718,7053320.695358351
2024-06-04 00:00:00 UTC,0.016290145831650168,39681623.276104696,4899697.215187135
2024-06-05 00:00:00 UTC,0.01641070396414004,39965848.14734936,4423776.2223663
2024-06-06 00:00:00 UTC,0.016052948188950197,39091076.19419753,8671012.722385911
2024-06-07 00:00:00 UTC,0.015518463257066482,37900847.4455595,3994629.2068557427
2024-06-08 00:00:00 UTC,0.014396598885266818,35179845.758556835,4581556.414269599
2024-06-09 00:00:00 UTC,0.014410042477202852,35138029.98924254,3508559.2336779246
2024-06-10 00:00:00 UTC,0.01435160421889522,34993823.72934457,4134779.928265655
2024-06-11 00:00:00 UTC,0.014214061943102582,34747759.01427357,4955589.626363174
2024-06-12 00:00:00 UTC,0.013231064431072768,32215790.394875403,5187080.5166156115
2024-06-13 00:00:00 UTC,0.014033498045498683,34210226.20325392,5531370.778885665
2024-06-14 00:00:00 UTC,0.013257656545873438,32365977.41343029,4165088.2504788963
2024-06-15 00:00:00 UTC,0.01212086596169709,29554972.49435304,3359560.2788041513
2024-06-16 00:00:00 UTC,0.012456513046775574,30350051.033892218,1772696.4774579874
2024-06-17 00:00:00 UTC,0.012145312812715948,29663090.09235122,2528739.78998632
2024-06-18 00:00:00 UTC,0.011041304083465002,26916657.353694197,3072598.9940529354
2024-06-19 00:00:00 UTC,0.010322512557088015,25137878.15962558,3107909.212283452
2024-06-20 00:00:00 UTC,0.011120079343417117,27089035.76126112,2479813.772485768
2024-06-21 00:00:00 UTC,0.011205388448421045,27316344.946370758,2121614.3194257165
2024-06-22 00:00:00 UTC,0.01048479842018781,25546097.164792467,2560354.520968894
2024-06-23 00:00:00 UTC,0.010758140802098753,26199426.233473405,2072842.8464962195
2024-06-24 00:00:00 UTC,0.010678608392868983,26041742.629526787,2264244.6662619035
2024-06-25 00:00:00 UTC,0.009911542897335427,24141132.151490152,3044220.9197694617
2024-06-26 00:00:00 UTC,0.01058176549010237,25807182.97056549,2771097.9205304636
2024-06-27 00:00:00 UTC,0.010556782847959504,25692175.915807076,3204961.469022902
2024-06-28 00:00:00 UTC,0.010195995543785571,24842599.509413768,2866273.6209417596
2024-06-29 00:00:00 UTC,0.0099789746833946,24292803.847424477,2940635.848681935
2024-06-30 00:00:00 UTC,0.01041691924301073,25359811.783752725,2832767.756840764
2024-07-01 00:00:00 UTC,0.009801060732961435,23880011.617586337,3090815.621937805
2024-07-02 00:00:00 UTC,0.009839660334176275,23964578.236033868,2769353.5929340133
2024-07-03 00:00:00 UTC,0.009486760132158814,23106396.628950607,3147952.1054039565
2024-07-04 00:00:00 UTC,0.010803377535640988,26338363.537134577,4636095.593214632
2024-07-05 00:00:00 UTC,0.009177433644879919,22374909.716027554,5723982.760752166
2024-07-06 00:00:00 UTC,0.00812093494033607,19788834.9664122,3512944.410487616
2024-07-07 00:00:00 UTC,0.008629162133754897,21021747.997254692,1705565.4745150527
2024-07-08 00:00:00 UTC,0.007792872452405343,19219979.04045132,10943252.842921153
2024-07-09 00:00:00 UTC,0.008841523946379055,21775078.509608813,3808613.4946678947
2024-07-10 00:00:00 UTC,0.009629945279129479,23428362.68147911,5104498.175773033
2024-07-11 00:00:00 UTC,0.009151394953924285,22290247.462752894,10488352.026687352
2024-07-12 00:00:00 UTC,0.008518966148733022,20775582.126496464,2311575.5746131395
2024-07-13 00:00:00 UTC,0.008737806305997822,21289460.656015795,1211731.5399451542
2024-07-14 00:00:00 UTC,0.008837848533175159,21558585.075108282,1034648.5964127795
2024-07-15 00:00:00 UTC,0.008828668073816047,21517947.251471467,1969617.5213044134
2024-07-16 00:00:00 UTC,0.009411042884271335,22937402.665168077,3106034.834731772
2024-07-17 00:00:00 UTC,0.009423675461496583,22924878.966238216,3391601.6219399865
2024-07-18 00:00:00 UTC,0.009359152644956606,22805035.885717504,3042347.9652527566
2024-07-19 00:00:00 UTC,0.009230988280059988,22511196.316911787,2796400.577913584
2024-07-20 00:00:00 UTC,0.009356248091400215,22809566.56960464,2949477.4265760314
2024-07-21 00:00:00 UTC,0.009347900565598859,22778599.635489445,2591859.539037191
2024-07-22 00:00:00 UTC,0.009306665680992393,22710374.302343514,3776126.8162429426
2024-07-23 00:00:00 UTC,0.009513931399452747,23192032.262259923,164165729.5418697
2024-07-24 00:00:00 UTC,0.009133999375462748,22262906.132197775,2948867.85812662
2024-07-25 00:00:00 UTC,0.008786149075352622,21417730.4052866,2705452.648922659
2024-07-26 00:00:00 UTC,0.008549599006450479,20837112.75457269,2926610.826944063
2024-07-27 00:00:00 UTC,0.008878175045326018,21638272.55563477,2908486.231128625
2024-07-28 00:00:00 UTC,0.009672832615944826,23648157.227493126,2992758.606089159
2024-07-29 00:00:00 UTC,0.008961092550995017,21832201.61986588,3817945.649866021
2024-07-30 00:00:00 UTC,0.008895036426478636,21705748.732952565,3296466.490901187
2024-07-31 00:00:00 UTC,0.008787697993770972,21411985.670371424,2720260.500406912
2024-08-01 00:00:00 UTC,0.008471975623147377,20646162.486514945,2684475.8354274184
2024-08-02 00:00:00 UTC,0.008385552020425027,20433760.381447416,2897858.5633315723
2024-08-03 00:00:00 UTC,0.008098814970643733,19732891.160355955,2824500.098974956
2024-08-04 00:00:00 UTC,0.007419409855795167,18066930.56715908,2801710.4625942204
2024-08-05 00:00:00 UTC,0.007179448539843883,17514246.694187827,2817773.730666535
2024-08-06 00:00:00 UTC,0.006273438788895366,15265630.436138544,5448368.233555569
2024-08-07 00:00:00 UTC,0.0065805202886616366,16038594.98460076,2039467.7597209488
2024-08-08 00:00:00 UTC,0.0064376407322118455,15712950.253177475,2120100.9877756387
2024-08-09 00:00:00 UTC,0.00715206033685273,17424865.72070281,3273821.8376671467
2024-08-10 00:00:00 UTC,0.007149430625367757,17384674.75817292,2161477.2458694004
2024-08-11 00:00:00 UTC,0.007216436609636819,17593300.63438736,1662531.7272226901
2024-08-12 00:00:00 UTC,0.006906240056397957,16831912.544288546,2201558.0682114754
2024-08-13 00:00:00 UTC,0.007299679458710441,17790804.438737817,2300762.9310241537
2024-08-14 00:00:00 UTC,0.007023401046115617,17541778.193578247,2420638.7493738453
2024-08-15 00:00:00 UTC,0.006970991728690902,16999668.863817807,2097046.7894994935
2024-08-16 00:00:00 UTC,0.007091540620646637,17283527.73089818,2211662.3129940466
2024-08-17 00:00:00 UTC,0.006926474961890926,16871355.62687953,1976106.9342982767
2024-08-18 00:00:00 UTC,0.006988359764434334,17025129.683933213,1909431.927708483
2024-08-19 00:00:00 UTC,0.00696037211364856,16977260.877387416,2049212.1904580987
2024-08-20 00:00:00 UTC,0.007045313945772285,17173537.157478172,2121355.6877896157
2024-08-21 00:00:00 UTC,0.007030574660062569,17135812.221120816,2060513.874497152
2024-08-22 00:00:00 UTC,0.007075592876254177,17316339.639533933,1553888.4086001231
2024-08-23 00:00:00 UTC,0.007039641328415165,17149960.07669307,1563101.0587686505
2024-08-24 00:00:00 UTC,0.007656359301641957,18647904.69608318,2764580.9484615163
2024-08-25 00:00:00 UTC,0.00846472496898069,20712402.060597435,5603154.158049863
2024-08-26 00:00:00 UTC,0.007926003512813033,19320955.093007904,8386343.626011793
2024-08-27 00:00:00 UTC,0.00765580474852808,18686444.302356925,3465133.879692036
2024-08-28 00:00:00 UTC,0.0071159135448860536,17268581.16442081,2862103.9405485727
2024-08-29 00:00:00 UTC,0.00708261196672567,17252679.904954944,2372411.425257936
2024-08-30 00:00:00 UTC,0.007179264782565993,17373931.208083615,2138232.0003098664
2024-08-31 00:00:00 UTC,0.0070585854878987995,17199495.567894213,2137334.844819311
2024-09-01 00:00:00 UTC,0.006928078077919235,16885136.247111604,2023082.3909037209
2024-09-02 00:00:00 UTC,0.00646919051801198,15532386.465480864,2280952.498772493
2024-09-03 00:00:00 UTC,0.007389276619303162,17999147.848723695,7234891.129672765
2024-09-04 00:00:00 UTC,0.007688429862472285,18777177.702685338,11312618.089273049
2024-09-05 00:00:00 UTC,0.007077786654448422,17250006.516127925,4644027.696041701
2024-09-06 00:00:00 UTC,0.00673756704925215,16426294.863704732,2661764.2281842954
2024-09-07 00:00:00 UTC,0.006573315529553145,15981978.984970286,4758590.819529681
2024-09-08 00:00:00 UTC,0.006631941099812433,16163612.401275033,2183181.979549274
2024-09-09 00:00:00 UTC,0.006566555295953522,16028442.203865983,1977585.2935091276
2024-09-10 00:00:00 UTC,0.00682357021674697,16639684.028607212,2489094.7226485284
2024-09-11 00:00:00 UTC,0.006818602576176379,16618322.169403605,1582652.6626851344
2024-09-12 00:00:00 UTC,0.006730421416580554,16410627.773145927,2417818.8424013276
2024-09-13 00:00:00 UTC,0.006897224249337379,16809939.1876255,2498786.7443929254
2024-09-14 00:00:00 UTC,0.00700938922072319,17049167.69151067,2557537.6592231295
2024-09-15 00:00:00 UTC,0.007152501504528531,17436617.16167418,6596207.795999838
2024-09-16 00:00:00 UTC,0.006969202180349624,16985364.054126423,2671270.139209566
2024-09-17 00:00:00 UTC,0.006830546040831285,16649061.421652835,2077370.0951651258
2024-09-18 00:00:00 UTC,0.00694290319804778,16932977.389066156,2015864.7029733313
2024-09-19 00:00:00 UTC,0.0070105749916609715,17095167.764672887,1987661.0972660396
2024-09-20 00:00:00 UTC,0.00726969560402156,17671530.991966512,6542833.833642649
2024-09-21 00:00:00 UTC,0.007129566106089172,17376203.577697035,3338889.588514521
2024-09-22 00:00:00 UTC,0.007228935262222731,17624189.6832477,2733412.876949895
2024-09-23 00:00:00 UTC,0.0071805363500014275,17513195.87431397,3156511.243907691
2024-09-24 00:00:00 UTC,0.007140315199594555,17401729.71528096,5103580.241924175
2024-09-25 00:00:00 UTC,0.007172415557003448,17476933.812609486,2794535.595589466
2024-09-26 00:00:00 UTC,0.007088952928612883,17277850.54308567,2977470.660927785
2024-09-27 00:00:00 UTC,0.00712399731121909,17361222.781816773,1619379.129901715
2024-09-28 00:00:00 UTC,0.007250338617082758,17667115.806503866,2448242.5545579134
2024-09-29 00:00:00 UTC,0.007334245260718922,17870319.81554615,2283626.19912475
2024-09-30 00:00:00 UTC,0.007287622443629878,17750235.90951663,1674857.7133975376
2024-10-01 00:00:00 UTC,0.007149803608575289,17425526.48990099,3331834.887738243
2024-10-02 00:00:00 UTC,0.006718084043238208,16381196.77093592,2309911.19335371
2024-10-03 00:00:00 UTC,0.006579047142129049,16034476.82338811,1374874.8208228478
2024-10-04 00:00:00 UTC,0.006578087639136048,16034064.083806703,1472352.646936137
2024-10-05 00:00:00 UTC,0.006756465541470958,16498571.393919067,2159966.2938474
2024-10-06 00:00:00 UTC,0.006716976501795628,16371473.920999914,1587820.5614251539
2024-10-07 00:00:00 UTC,0.00672327814313951,16385997.126093814,1455085.2387576308
2024-10-08 00:00:00 UTC,0.006711480870462024,16362045.91762951,1694173.8307726954
2024-10-09 00:00:00 UTC,0.006584586803760562,16050416.66632492,1711251.8113717635
2024-10-10 00:00:00 UTC,0.006626609784586203,16149246.878307832,2740396.145958388
2024-10-11 00:00:00 UTC,0.006522985720271845,15891136.797699688,1719084.20742636
2024-10-12 00:00:00 UTC,0.006652794069551295,16206211.271440238,1402649.2679406612
2024-10-13 00:00:00 UTC,0.006771237205071044,16507364.5239358,2870966.6207267446
2024-10-14 00:00:00 UTC,0.0066748729891976935,16263181.801611012,1567580.443951745
2024-10-15 00:00:00 UTC,0.006804220246349383,16583269.504588278,1686650.2578574186
2024-10-16 00:00:00 UTC,0.006698969874177615,16326752.927524347,1748040.7382213804
2024-10-17 00:00:00 UTC,0.006664757143243225,16244192.685746064,1781548.8086808606
2024-10-18 00:00:00 UTC,0.006651701997359388,16207750.881077364,1365358.7482757843
2024-10-19 00:00:00 UTC,0.006682087218937093,16284239.511195846,1372844.4278822572
2024-10-20 00:00:00 UTC,0.006670488602363597,16246992.017418372,1528020.3717863054
2024-10-21 00:00:00 UTC,0.0066751304531198295,16256231.357810803,1437782.7077893992
2024-10-22 00:00:00 UTC,0.006567561458691102,16003377.321805699,1459645.381510983
2024-10-23 00:00:00 UTC,0.006604783951039134,16082184.63015351,1479717.3820635737
2024-10-24 00:00:00 UTC,0.006347706391271579,15468643.730329012,1695623.5723283063
2024-10-25 00:00:00 UTC,0.0064752762769073186,15775546.418215826,1542730.9264529306
2024-10-26 00:00:00 UTC,0.006122751661057625,14804741.57473615,1492067.454611031
2024-10-27 00:00:00 UTC,0.005964101071483467,14530079.976984892,1193003.0087327394
2024-10-28 00:00:00 UTC,0.006158803860270585,15011496.088093266,1414876.764025321
2024-10-29 00:00:00 UTC,0.005834742447599568,14220454.805283254,2432134.6247182656
2024-10-30 00:00:00 UTC,0.005819848444180422,14184155.087790353,1710495.3315247593
2024-10-31 00:00:00 UTC,0.005892934319559984,14367793.654782595,1936270.0028305673
2024-11-01 00:00:00 UTC,0.005547576878356933,13520573.870396685,2149634.076040726
2024-11-02 00:00:00 UTC,0.00537473122691808,13099041.123344302,2284084.5790821225
2024-11-03 00:00:00 UTC,0.005023617775983454,12211579.751580596,1971529.4331549453
2024-11-04 00:00:00 UTC,0.00487649145572687,11885002.119166894,4488875.326989741
2024-11-05 00:00:00 UTC,0.004694707742862465,11452899.817066018,2019006.4627513774
2024-11-06 00:00:00 UTC,0.004680425911440772,11427702.170586519,1879294.7163937823
2024-11-07 00:00:00 UTC,0.005070927972256069,12338626.1727742,2683939.3908219244
2024-11-08 00:00:00 UTC,0.005428681675118442,13242750.08701199,6808283.1003622515
2024-11-09 00:00:00 UTC,0.0053957918139059735,13146932.199215906,1950481.6351682346
2024-11-10 00:00:00 UTC,0.005764082407916493,14170027.532636585,3561831.035375964
2024-11-11 00:00:00 UTC,0.005952112297174973,14544952.309307955,2983289.9355102875
2024-11-12 00:00:00 UTC,0.005960524414621294,14542900.191187846,2289148.398091603
2024-11-13 00:00:00 UTC,0.00564867556798845,13816837.895392112,4153126.443669761
2024-11-14 00:00:00 UTC,0.005533237448831131,13485625.762346243,2388761.148012263
2024-11-15 00:00:00 UTC,0.005436349431998466,13249489.94711257,3968223.7501334627
2024-11-16 00:00:00 UTC,0.0057590395532183675,13948373.114947341,2194480.5093759303
2024-11-17 00:00:00 UTC,0.005728779494714184,13956250.596344505,2386841.585908317
2024-11-18 00:00:00 UTC,0.005594114225909164,13633994.857452681,2138699.3294201316
2024-11-19 00:00:00 UTC,0.005699938934574748,13810605.93554239,2060698.9137816362
2024-11-20 00:00:00 UTC,0.005660835489502004,13796608.155639255,2874958.6385025834
2024-11-21 00:00:00 UTC,0.0056562463250940664,13768164.705620905,3993231.7395266723
2024-11-22 00:00:00 UTC,0.005912829693196313,14410769.31476677,3192522.9728507553
2024-11-23 00:00:00 UTC,0.005276622647989894,12865717.628765253,7292308.434410356
2024-11-24 00:00:00 UTC,0.005452880725300901,13289780.073264902,5446093.242761697
2024-11-25 00:00:00 UTC,0.005412481962638765,13191320.066883197,9848262.531035615
2024-11-26 00:00:00 UTC,0.00531288944001448,13023447.378671408,2364757.773791619
2024-11-27 00:00:00 UTC,0.0051694804883529975,12600836.443867262,1630806.4120594729
2024-11-28 00:00:00 UTC,0.005390875731017423,13138661.283219116,1538173.46707084
2024-11-29 00:00:00 UTC,0.005589603409639105,13706895.257576054,1741397.2932892172
2024-11-30 00:00:00 UTC,0.0056119879120749925,13554829.698084733,1451122.9873469414
2024-12-01 00:00:00 UTC,0.006889825028822362,16550116.73654969,4446559.297949317
2024-12-02 00:00:00 UTC,0.006652320523205151,16210189.309112528,5763535.418476456
2024-12-03 00:00:00 UTC,0.006154091013682481,15002892.25827327,2313123.4914335934
2024-12-04 00:00:00 UTC,0.006223796953217078,15168659.814092463,6043572.454513125
2024-12-05 00:00:00 UTC,0.006587952643022636,16047356.359782537,4519704.86003534
2024-12-06 00:00:00 UTC,0.006853463990302089,16655751.869626865,3610363.4869949147
2024-12-07 00:00:00 UTC,0.006646528875984487,16437165.440023975,6342886.906613828
2024-12-08 00:00:00 UTC,0.009770162596994406,23782730.650322586,25620999.404401463
2024-12-09 00:00:00 UTC,0.009121630767409584,22217151.112302147,8565315.501948914
2024-12-10 00:00:00 UTC,0.007971163928097746,16957636.668498453,23530510.208273984
2024-12-11 00:00:00 UTC,0.006340020919454239,15354787.134361045,4220289.577612881
2024-12-12 00:00:00 UTC,0.006854522257995014,16711960.209852295,4538344.0133933835
2024-12-13 00:00:00 UTC,0.00781239028889136,18999951.371967956,8541578.92972212
2024-12-14 00:00:00 UTC,0.007365138563074532,17522368.00125566,4169637.2637890917
2024-12-15 00:00:00 UTC,0.006672546508088526,16113197.720328137,3671258.774780974
2024-12-16 00:00:00 UTC,0.0067351850513613755,16460535.09260495,5066510.299533736
2024-12-17 00:00:00 UTC,0.006188008415844362,15051989.882344102,3429738.976551126
2024-12-18 00:00:00 UTC,0.005930892421138818,14506922.497947698,2242235.386571657
2024-12-19 00:00:00 UTC,0.0053884176199268715,13092688.246648941,2200169.6072245953
2024-12-20 00:00:00 UTC,0.005202343720419287,12710438.482266385,2269667.3038622667
2024-12-21 00:00:00 UTC,0.0060488021877680665,14730993.01686249,6296594.223257333
2024-12-22 00:00:00 UTC,0.0052911285719565255,12891799.45862044,2054370.0026545902
2024-12-23 00:00:00 UTC,0.005352402703342134,13058470.153992465,2088709.0719175644
2024-12-24 00:00:00 UTC,0.005560475406995052,13552910.329965299,1542977.146603035
2024-12-25 00:00:00 UTC,0.005679213377276436,13866211.917460328,2173953.4677886264
2024-12-26 00:00:00 UTC,0.005492305145964793,13425172.379679294,1660274.975894041
2024-12-27 00:00:00 UTC,0.005260609106859057,12819946.28260084,1872644.594236919
2024-12-28 00:00:00 UTC,0.005380524360406039,13115875.563554455,1561267.5109201912
2024-12-29 00:00:00 UTC,0.005423458254526235,13223341.23308496,1169257.1037533775
2024-12-30 00:00:00 UTC,0.005118747389397056,12457189.168116676,1341569.5136911888
2024-12-31 00:00:00 UTC,0.005043356883475668,12273306.202315146,1169426.7032834874
2025-01-01 00:00:00 UTC,0.004926512813996411,12004602.254730092,1422572.1680767974
2025-01-02 00:00:00 UTC,0.005090707907872621,12394933.66820893,1145060.651300944
2025-01-03 00:00:00 UTC,0.005048379560052788,12175583.146601973,1354376.7227828845
2025-01-04 00:00:00 UTC,0.005157386858589669,12595059.144154936,10916504.551672265
2025-01-05 00:00:00 UTC,0.005228305197032569,12748843.199958883,1255696.836216618
2025-01-06 00:00:00 UTC,0.005028657018956256,12246926.791182587,1494024.5091709562
2025-01-07 00:00:00 UTC,0.004796982325141356,11633572.253854135,3513549.2158927177
2025-01-08 00:00:00 UTC,0.003871974301854989,9314380.959278408,5272866.673024468
2025-01-09 00:00:00 UTC,0.0035685248211561223,8729911.216133615,1921407.505533252
2025-01-10 00:00:00 UTC,0.0032564922921484015,7951950.466834832,1287204.6732194058
2025-01-11 00:00:00 UTC,0.004069298479352661,9917708.55946678,4688113.4945458
2025-01-12 00:00:00 UTC,0.004047959174696147,9856749.346705906,1973495.2040419201
2025-01-13 00:00:00 UTC,0.0037893143922377547,9228217.86144044,1263657.506124001
2025-01-14 00:00:00 UTC,0.0036336451514806124,8899870.73973109,2254488.86327153
2025-01-15 00:00:00 UTC,0.003539489318096965,8524412.897593645,2239850.4553503706
2025-01-16 00:00:00 UTC,0.0034941899552392904,8760257.524757951,2146004.1375111546
2025-01-17 00:00:00 UTC,0.003473537472030193,8140159.20550666,1160177.2238903523
2025-01-18 00:00:00 UTC,0.0036881201894797566,8988699.491359098,2345966.0679782876
2025-01-19 00:00:00 UTC,0.0031558659516837087,7698026.605281796,1977072.2049769906
2025-01-20 00:00:00 UTC,0.002681696386061145,6563874.049930034,2292667.548050337
2025-01-21 00:00:00 UTC,0.002744819474550951,6684921.043901749,1191387.8428260796
2025-01-22 00:00:00 UTC,0.0028443550696794083,6924998.792368031,1180274.016975146
2025-01-23 00:00:00 UTC,0.002883847574514703,7024735.531782092,1062830.7179217406
2025-01-24 00:00:00 UTC,0.0030338815050417263,7394090.667569357,4191266.3848641114
2025-01-25 00:00:00 UTC,0.003931821121503498,9756121.58220958,6967265.263703035
2025-01-26 00:00:00 UTC,0.00336040268378341,8134648.11497377,11497073.00884054
2025-01-27 00:00:00 UTC,0.0031007198888843017,7564353.993053843,3477752.040882789
2025-01-28 00:00:00 UTC,0.004041108264633645,9832119.134351468,7073091.648898843
2025-01-29 00:00:00 UTC,0.0034979533326215872,8480550.131011138,5220109.312766278
2025-01-30 00:00:00 UTC,0.0036776771936842304,8992128.639006607,3912629.7394726695
2025-01-31 00:00:00 UTC,0.004251545238299537,10366009.386125963,3958520.130957786
2025-02-01 00:00:00 UTC,0.004187206236014197,10145163.075642541,3682559.417357475
2025-02-02 00:00:00 UTC,0.003772086600849328,9170644.973377591,1928510.8850890445
2025-02-03 00:00:00 UTC,0.00398747079356398,10021580.787458967,3630430.2839034614
2025-02-04 00:00:00 UTC,0.0035431435705518353,8662609.283659028,3414304.084170711
2025-02-05 00:00:00 UTC,0.0032445419719184143,7897991.012034154,2365207.571425137
2025-02-06 00:00:00 UTC,0.0033368876150398383,8132674.226178633,1160937.1918792883
2025-02-07 00:00:00 UTC,0.0031203615772187926,7598708.391144057,1135951.7105163133
2025-02-08 00:00:00 UTC,0.0032272961503504284,7865655.001713999,3004679.3831064757
2025-02-09 00:00:00 UTC,0.003162222742810406,7712122.823605883,1345805.6147694245
2025-02-10 00:00:00 UTC,0.003137578542580694,7647015.515084381,1168426.2952601437
2025-02-11 00:00:00 UTC,0.00324836978577456,7914788.09171284,1422726.4479709144
2025-02-12 00:00:00 UTC,0.0033608305196581307,8193691.197132116,1073008.2601177634
2025-02-13 00:00:00 UTC,0.003464146068533459,8440716.096210297,1929367.0865195307
2025-02-14 00:00:00 UTC,0.0032469805064373894,7913167.460489617,1916920.759401761
2025-02-15 00:00:00 UTC,0.0034177362969298546,8242874.0429928135,1873346.0031198703
2025-02-16 00:00:00 UTC,0.003288192570533398,8018280.816633733,931920.0085393642
2025-02-17 00:00:00 UTC,0.003251039013631912,7917835.704508659,786144.7468607131
2025-02-18 00:00:00 UTC,0.0032291502806350543,7870470.996841647,822520.7750565968
2025-02-19 00:00:00 UTC,0.002840429277552023,6935366.817631682,1172567.680486774
2025-02-20 00:00:00 UTC,0.0029067751910856793,7082896.724742676,1086340.7845448342
2025-02-21 00:00:00 UTC,0.0029931952427967833,7292477.820745913,1072344.3336161105
2025-02-22 00:00:00 UTC,0.002809202459202566,6784839.771870754,1433496.9052348144
2025-02-23 00:00:00 UTC,0.003444171702717303,8285337.7047660565,3734975.7465826687
2025-02-24 00:00:00 UTC,0.0032088303739513106,7820572.668013396,3630817.476514122
2025-02-25 00:00:00 UTC,0.002925882948669463,7072737.366322352,1417733.4395774906
2025-02-26 00:00:00 UTC,0.0029374777541120237,7119742.139176518,1447673.9294091205
2025-02-27 00:00:00 UTC,0.0028367007613611674,7076425.04044018,1371373.7299806222
2025-02-28 00:00:00 UTC,0.002978961311476667,7248702.821095977,1169771.531668451
2025-03-01 00:00:00 UTC,0.0028821865811903846,7069381.415661145,1427190.8511623577
2025-03-02 00:00:00 UTC,0.0029788211370070246,7259993.347137024,1411955.8449779958
2025-03-03 00:00:00 UTC,0.003184175182370619,7675437.024216061,1329620.8612696277
2025-03-04 00:00:00 UTC,0.0028889024345191317,7041661.983482927,1183270.3791881222
2025-03-05 00:00:00 UTC,0.0028751462185046634,7008572.796406166,1099145.5184149842
2025-03-06 00:00:00 UTC,0.0028888817283418363,7041680.787112887,1309043.3467759287
2025-03-07 00:00:00 UTC,0.00263154555688274,6403985.285711957,1386842.4508857229
2025-03-08 00:00:00 UTC,0.0024311174634851574,5926814.302792611,1126414.9545770825
2025-03-09 00:00:00 UTC,0.0022724013110710073,5537686.259990579,877422.1370157014
2025-03-10 00:00:00 UTC,0.0020291339985653556,4959897.87799939,1075980.145365288
2025-03-11 00:00:00 UTC,0.0020182022148463193,4911443.748109029,879850.6672799677
2025-03-12 00:00:00 UTC,0.002011198578311465,4786507.997578475,1192917.594424653
2025-03-13 00:00:00 UTC,0.0019634660999559763,4787157.59602783,877868.9218066938
2025-03-14 00:00:00 UTC,0.0018216129397323926,4439368.167387131,949029.0214874499
2025-03-15 00:00:00 UTC,0.0018912803746251694,4609435.177818523,828092.0144824693
2025-03-16 00:00:00 UTC,0.001961633094608295,4774733.04267731,813588.2889294383
2025-03-17 00:00:00 UTC,0.0019928366763222708,4862221.456647362,895695.1047760383
2025-03-18 00:00:00 UTC,0.0020346087723199877,4954982.622927853,837739.9495133936
2025-03-19 00:00:00 UTC,0.001955046456213422,4745611.593802633,1310694.3395784714
2025-03-20 00:00:00 UTC,0.002030455768895984,4962575.062491775,793665.6140753609
2025-03-21 00:00:00 UTC,0.0022092535292321273,5369847.357763797,2207559.079980346
2025-03-22 00:00:00 UTC,0.0019824117371769366,4828890.419025523,1266341.959218938
2025-03-23 00:00:00 UTC,0.002078825671541386,5061710.004452217,1216373.5414497596
2025-03-24 00:00:00 UTC,0.0020524446491634978,4995006.970664164,1125176.3639075793
2025-03-25 00:00:00 UTC,0.002132213417321438,5181131.457863432,1592099.9792784308
2025-03-26 00:00:00 UTC,0.0021465928176489456,5231683.56150506,1673309.3445529435
2025-03-27 00:00:00 UTC,0.0021313733930604308,5194227.332748834,837412.5926666576
2025-03-28 00:00:00 UTC,0.00208839216824273,5091404.592680471,951745.4461676212
2025-03-29 00:00:00 UTC,0.0019940225669166315,4860240.632115186,887878.9214624657
2025-03-30 00:00:00 UTC,0.0019533470375114,4760704.266799736,803666.9912048911
2025-03-31 00:00:00 UTC,0.0019806254691304773,4826365.859977762,1245292.0408610606
2025-04-01 00:00:00 UTC,0.0020150242981725685,4903649.573574452,1093729.1412073676
2025-04-02 00:00:00 UTC,0.0019225730980636558,4691598.872295675,990277.0063458013
2025-04-03 00:00:00 UTC,0.0016936282686503983,4935969.4800739605,825945.2355210375
2025-04-04 00:00:00 UTC,0.0015909211454496416,4612095.893410459,1035485.7295565835
2025-04-05 00:00:00 UTC,0.0016467086121391935,4788292.378609538,1125814.6727831052
2025-04-06 00:00:00 UTC,0.0016662051900363732,4851818.983708623,1074430.7964014472
2025-04-07 00:00:00 UTC,0.0014600275191831514,4283816.812808351,1050422.8865241655
2025-04-08 00:00:00 UTC,0.0014851909712702155,4357740.584212758,1400136.4674505137
2025-04-09 00:00:00 UTC,0.001488109996105841,4341436.126162133,1292282.4755418936
2025-04-10 00:00:00 UTC,0.00159153752390614,4662628.667385924,1217732.011187449
2025-04-11 00:00:00 UTC,0.0015802198873688294,4599973.755898693,972681.8520919484
2025-04-12 00:00:00 UTC,0.0016311077797461085,4752439.069034743,939972.7175831236
2025-04-13 00:00:00 UTC,0.0017070303790974277,4973834.555109944,905312.4211907546
2025-04-14 00:00:00 UTC,0.001662343701431023,4838480.591032617,1000930.2212055715
2025-04-15 00:00:00 UTC,0.0019764758122822793,5781968.583739737,2654001.39669564
2025-04-16 00:00:00 UTC,0.0017180129987688182,5052463.767884712,1513137.7972347678
2025-04-17 00:00:00 UTC,0.0017382325524682054,5075800.272439861,1814253.073086472
2025-04-18 00:00:00 UTC,0.0017777461919944975,5193769.556348792,2021942.4637299175
2025-04-19 00:00:00 UTC,0.0018183401704867034,5288705.262659307,1552918.0167499625
2025-04-20 00:00:00 UTC,0.001816352638138856,5290217.914675363,1319196.791729819
2025-04-21 00:00:00 UTC,0.001813928246113716,5299754.826899399,1136890.1082545032
2025-04-22 00:00:00 UTC,0.0019118043033308416,5571318.94178297,1209454.2451517372
2025-04-23 00:00:00 UTC,0.0011570506817845535,3363926.797593548,7960330.311618988
2025-04-24 00:00:00 UTC,0.0010247181485518063,2994319.4119992,5632268.369480261
2025-04-25 00:00:00 UTC,0.0010408749689152076,3043747.656071985,3313827.2498931936
2025-04-26 00:00:00 UTC,0.001053173401360225,3079064.5725129833,2351453.366955887
2025-04-27 00:00:00 UTC,0.0010722138236765764,3127007.9967900543,3497342.2455185824
2025-04-28 00:00:00 UTC,0.0010525297945236398,3078794.244156527,1602633.3442837086
2025-04-29 00:00:00 UTC,0.0010868864448527933,3175664.757104392,2087845.7713616535
2025-04-30 00:00:00 UTC,0.0010535797382387774,3090068.6222618283,2412391.3268624046
2025-05-01 00:00:00 UTC,0.0010691187807964834,3157896.262817857,2168243.65709917
2025-05-02 00:00:00 UTC,0.0010914268260564862,3195850.855170031,1529330.420504051
2025-05-03 00:00:00 UTC,0.0010927874102439979,3201202.492067041,1097775.9289249314
2025-05-04 00:00:00 UTC,0.0010775882596266628,3171996.6501379334,1647924.7083949777
2025-05-05 00:00:00 UTC,0.001115026024580579,3267553.6009346657,1679490.3549079765
2025-05-06 00:00:00 UTC,0.0011724685579422036,3416118.689160652,1378182.1708894935
2025-05-07 00:00:00 UTC,0.0011181737932789773,3278431.639360497,1189311.7643242648
2025-05-08 00:00:00 UTC,0.0010887544902383705,3189576.757221094,953421.3048043615
2025-05-09 00:00:00 UTC,0.0011174031324796066,3278376.637941512,976668.6406156105
2025-05-10 00:00:00 UTC,0.0011234156875307222,3296410.0757987686,825804.7841830541
2025-05-11 00:00:00 UTC,0.0011709401816989296,3436433.0718560955,1739373.5336964498
2025-05-12 00:00:00 UTC,0.0011774553872329742,3457046.971804907,873581.7735720191
2025-05-13 00:00:00 UTC,0.0011682410188309808,3430626.268368915,983937.6752796869
2025-05-14 00:00:00 UTC,0.0011491573750392406,3375107.584344729,955377.480516971
2025-05-15 00:00:00 UTC,0.0011751726912731589,3452734.8014865187,989771.8040535754
2025-05-16 00:00:00 UTC,0.0011480235493618726,3373853.8112066854,1112804.3468603296
2025-05-17 00:00:00 UTC,0.0010385647077364184,3052973.292593153,1177059.018914961
2025-05-18 00:00:00 UTC,0.0010768107875273993,3166108.7777532027,1023617.6562233818
2025-05-19 00:00:00 UTC,0.0010128317143334269,2991146.135454299,962821.2302331856
2025-05-20 00:00:00 UTC,0.0007137374520413242,2099742.621395078,1546086.4999129635
2025-05-21 00:00:00 UTC,0.0007786649580377521,2291978.0332787237,1233520.1269463322
2025-05-22 00:00:00 UTC,0.000744113998051535,2190134.6202928494,1188058.179540665
2025-05-23 00:00:00 UTC,0.000735242380444833,2162382.325366823,957156.7096686698
2025-05-24 00:00:00 UTC,0.0007240120333038238,2116698.700701316,828090.4095778757
2025-05-25 00:00:00 UTC,0.0007027597307708998,2066608.697112283,934548.9391257205
2025-05-26 00:00:00 UTC,0.000699807234269464,2061799.3906708448,1197397.5141577006
2025-05-27 00:00:00 UTC,0.0007150512479818295,2107330.7533107055,897517.1754122642
2025-05-28 00:00:00 UTC,0.001034412984738744,2960961.0478576524,1689104.522092714
2025-05-29 00:00:00 UTC,0.003624941813405474,10877018.97854933,17219084.049370512
2025-05-30 00:00:00 UTC,0.00481386052587838,14198000.423488334,19480288.139631774
2025-05-31 00:00:00 UTC,0.003262875226636457,9566840.042483965,11541431.529122291
2025-06-01 00:00:00 UTC,0.003514776365451631,10381461.790528009,6619665.436815589
2025-06-02 00:00:00 UTC,0.0031629009256254424,9335288.358821057,4287887.283170568
2025-06-03 00:00:00 UTC,0.0028055887437846497,8208122.9170087995,3868773.0131551414
2025-06-04 00:00:00 UTC,0.0024887846120739223,7349908.6647681305,3808482.437344649
2025-06-05 00:00:00 UTC,0.003210441853112235,9523684.836615762,5126825.709178402
2025-06-06 00:00:00 UTC,0.003280190283635355,9692020.539738907,7760420.690457695
2025-06-07 00:00:00 UTC,0.003963735132529857,11714986.458491793,2511723.6160261165
2025-06-08 00:00:00 UTC,0.0033086791453629657,9781604.034070937,2907774.9247516734
2025-06-09 00:00:00 UTC,0.003463675882739638,10341418.667127717,3266739.4064880097
2025-06-10 00:00:00 UTC,0.0033452045335264314,9889899.585074328,1515989.678869357
2025-06-11 00:00:00 UTC,0.003085414060724696,9134124.486140152,2029062.6168902745
2025-06-12 00:00:00 UTC,0.003167655704141353,9373316.970178418,1780566.0180860253
2025-06-13 00:00:00 UTC,0.0030422529004753367,9014217.881900573,1410620.5564692658
2025-06-14 00:00:00 UTC,0.002714647448608424,8027763.471438921,1504620.1678003198
2025-06-15 00:00:00 UTC,0.002748901860278788,8242230.312388067,1531019.441162908
2025-06-16 00:00:00 UTC,0.002628081382605408,7760000.719094211,1194489.252289423
2025-06-17 00:00:00 UTC,0.002489515589681497,7394336.503155591,1426101.348633951
2025-06-18 00:00:00 UTC,0.0023279968311632165,6889832.760627637,1251650.0208340443
2025-06-19 00:00:00 UTC,0.002388006991171443,7081467.178142757,1109259.6777064188
2025-06-20 00:00:00 UTC,0.0022106346037368873,6547525.647035096,907398.244320478
2025-06-21 00:00:00 UTC,0.002060785017532883,6113035.307751552,1350018.5073638752
2025-06-22 00:00:00 UTC,0.001997144543245023,5926729.359765103,1227547.2911483904
2025-06-23 00:00:00 UTC,0.0021743470324830758,6442815.9211445125,1158436.2519341083
2025-06-24 00:00:00 UTC,0.0022445624663443493,6665050.756086169,1188483.3849801144
2025-06-25 00:00:00 UTC,0.0022144105731072127,6568834.888990072,959163.6820216752
2025-06-26 00:00:00 UTC,0.0022058213981457292,6551766.969830909,906980.8112464766
2025-06-27 00:00:00 UTC,0.0021446877248198323,6371802.350354672,1122337.8774870604
2025-06-28 00:00:00 UTC,0.0020491369738733505,6081946.313503526,1054299.0275680972
2025-06-29 00:00:00 UTC,0.001853360325612741,5543848.904255883,1162449.476432857
2025-06-30 00:00:00 UTC,0.001972865639373389,5858412.906343721,1150523.2024384318
2025-07-01 00:00:00 UTC,0.001512860713753284,4518409.107780606,1366732.554262601
2025-07-02 00:00:00 UTC,0.0014306402423155558,4255221.462467866,1548224.4531238892
2025-07-03 00:00:00 UTC,0.0025779824855502835,7429602.41157269,4096516.0757342107
2025-07-04 00:00:00 UTC,0.0022423248673524767,6670452.903012917,2234373.731094429
2025-07-05 00:00:00 UTC,0.0019535224168384193,5801976.616793718,1227965.7942578134
2025-07-06 00:00:00 UTC,0.0019734481247013144,5876805.9765660195,1456168.5791825056
2025-07-07 00:00:00 UTC,0.0020072824575722062,5966669.011848946,1207828.646279037
2025-07-08 00:00:00 UTC,0.0018035659463945348,5374976.706373489,1542358.3460491714
2025-07-09 00:00:00 UTC,0.0017642970275679344,5272788.776909858,1212277.7574922384
2025-07-10 00:00:00 UTC,0.0017860668275924295,5328127.810760925,1307712.0991735805
2025-07-11 00:00:00 UTC,0.0018220200676330289,5290674.828135072,1439013.1708358175
2025-07-12 00:00:00 UTC,0.0015853649280389392,4729045.237816488,1700888.9224789424
2025-07-13 00:00:00 UTC,0.001785920957706798,5452042.526237211,2230390.95018365
2025-07-14 00:00:00 UTC,0.0018382403142674817,5491936.355980287,2019638.0174368229
2025-07-15 00:00:00 UTC,0.0016832617162146509,5023067.057000418,1399738.8773330487
2025-07-16 00:00:00 UTC,0.0015870730883000127,4727374.57087776,1667337.9828114933
2025-07-17 00:00:00 UTC,0.0015682430266312295,4680069.8062455915,1545651.9500111097
2025-07-18 00:00:00 UTC,0.0015245046566250793,4554125.75206278,1205769.8634283694
2025-07-19 00:00:00 UTC,0.0015410332300568796,4601765.856780282,1093126.0927077539
2025-07-20 00:00:00 UTC,0.0015610463136989986,4646849.491248823,1081646.9709627945
2025-07-21 00:00:00 UTC,0.0015538043011180955,4649699.497428657,962185.4097001121
2025-07-22 00:00:00 UTC,0.0014919812162403094,4480451.51432622,938741.0656876909
2025-07-23 00:00:00 UTC,0.0013230201084827816,3957382.1783439564,1422608.0779095497
2025-07-24 00:00:00 UTC,0.001465201156676736,4362318.315486177,1600344.3313551187
2025-07-25 00:00:00 UTC,0.0013039225385960314,3907456.290419021,980242.6550110336
2025-07-26 00:00:00 UTC,0.0013439027584733834,4022554.219372961,1284162.0823591754
2025-07-27 00:00:00 UTC,0.0013305016144391677,3955968.186564304,825445.9361812248
2025-07-28 00:00:00 UTC,0.0014833751590642684,4455464.910493241,990454.8412571374
2025-07-29 00:00:00 UTC,0.0013791801888547906,4131310.165194445,880319.2381734785
2025-07-30 00:00:00 UTC,0.0014769813539807417,4431384.128420121,1009213.6454691379
2025-07-31 00:00:00 UTC,0.0014320042589193735,4311157.323919061,902083.1012437202
2025-08-01 00:00:00 UTC,0.001354099720045075,4067197.4300431623,916434.6839505311
2025-08-02 00:00:00 UTC,0.001403859969380879,4197280.16121643,923446.337065881
2025-08-03 00:00:00 UTC,0.0012844732644902855,3858748.8269068026,889738.9574209691
2025-08-04 00:00:00 UTC,0.0012752662819706148,3824239.068424003,838007.7915725651
2025-08-05 00:00:00 UTC,0.001253718085204068,3785126.452177346,901439.0559882467
2025-08-06 00:00:00 UTC,0.0012652383802806246,3802108.773943857,943718.3490594364
2025-08-07 00:00:00 UTC,0.0012635671676395391,3790469.516676449,881136.4835198991
2025-08-08 00:00:00 UTC,0.0014530120529889468,4368761.495824773,1089702.9020224095
2025-08-09 00:00:00 UTC,0.0013327517239066287,4033747.0793696363,963955.1155222878
2025-08-10 00:00:00 UTC,0.0013351527930363031,4011378.6149097,812509.3299395932
2025-08-11 00:00:00 UTC,0.001322955533852125,3979048.276349928,811096.0974189931
2025-08-12 00:00:00 UTC,0.0012699821586807424,3818519.873808817,838196.8394839865
2025-08-13 00:00:00 UTC,0.0012685613760070995,3817567.842267048,827540.7617728973
2025-08-14 00:00:00 UTC,0.001245173553989148,3737569.1084806784,836903.9539111627
2025-08-15 00:00:00 UTC,0.001345044455993017,4064416.09722344,881531.6227457138
2025-08-16 00:00:00 UTC,0.0013015505445957195,3923911.2905298793,827856.236705555
2025-08-17 00:00:00 UTC,0.0012562303668350783,3773999.5001542023,693495.3350065972
2025-08-18 00:00:00 UTC,0.0012545687186958892,3749159.175042248,727569.066102135
2025-08-19 00:00:00 UTC,0.001277693881087396,3850324.888998615,738175.1894768364
2025-08-20 00:00:00 UTC,0.0012045943929444465,3629500.2737102257,716473.1712288152
2025-08-21 00:00:00 UTC,0.0012334594357942302,3720067.41010086,709459.6959913438
2025-08-22 00:00:00 UTC,0.0011883150453276706,3527354.733421529,699171.381918486
2025-08-23 00:00:00 UTC,0.0011266954337051404,3398310.3539625728,892234.8454475474
2025-08-24 00:00:00 UTC,0.0011779342445400092,3553519.0583334523,776180.0867475801
2025-08-25 00:00:00 UTC,0.001133137994580727,3421774.5031838445,769735.5311508785
2025-08-26 00:00:00 UTC,0.0010650984746961548,3214183.364813901,760397.996683568
2025-08-27 00:00:00 UTC,0.001065485038310544,3216297.139070361,722419.783986932
2025-08-28 00:00:00 UTC,0.0010512466609944998,3174026.655265964,828076.9799877937
2025-08-29 00:00:00 UTC,0.0010691711601813127,3205295.014533491,790308.940388167
2025-08-30 00:00:00 UTC,0.0010428692097156859,3149473.7552351095,759389.6032695906
2025-08-31 00:00:00 UTC,0.0010004741302987767,3021883.4542875285,753342.4886367115
2025-09-01 00:00:00 UTC,0.0009110083635567371,2754059.910808633,858685.7908996475
2025-09-02 00:00:00 UTC,0.0007608056680773257,2301928.5751477564,1425303.0532705889
2025-09-03 00:00:00 UTC,0.0007484333451748512,2277395.55657,1131634.524527298
2025-09-04 00:00:00 UTC,0.0006970447022692492,2121260.931795025,934344.1062777702
2025-09-05 00:00:00 UTC,0.0006540877755492342,1978174.2772017245,945104.4604723986
2025-09-06 00:00:00 UTC,0.0006333843116740546,1916863.4457349544,904546.285896807
2025-09-07 00:00:00 UTC,0.0006259845589856164,1892879.4962571405,824211.9555742466
2025-09-08 00:00:00 UTC,0.0006325784133371446,1914391.3383878986,843379.9068500437
2025-09-09 00:00:00 UTC,0.0005631377403453722,1715892.395735301,859706.7096846161
2025-09-10 00:00:00 UTC,0.0007740211609952157,2378112.840106771,1269512.0294910213
2025-09-11 00:00:00 UTC,0.000820868288569113,2491509.6351831346,1647967.3298786676
2025-09-12 00:00:00 UTC,0.0006753562383694613,2046987.960875391,1050950.928935697
2025-09-13 00:00:00 UTC,0.0006629666102685709,2011350.7043350867,795685.0896742734
2025-09-14 00:00:00 UTC,0.0006619870352073719,2011642.913340907,639029.6541687946
2025-09-15 00:00:00 UTC,0.0006652316611510646,2020556.627943222,622341.2177017896
2025-09-16 00:00:00 UTC,0.0007640079427638963,2318075.80005739,1249941.8256548448
2025-09-17 00:00:00 UTC,0.0007141830975172378,2176513.4563039416,560223.5047537294
2025-09-18 00:00:00 UTC,0.0007125779397932966,2167561.872787431,509359.50380157784
2025-09-19 00:00:00 UTC,0.0006968039554597978,2116047.140868721,404874.7350067821
2025-09-20 00:00:00 UTC,0.000718656767070373,2167733.2728787763,597057.8176663838
2025-09-21 00:00:00 UTC,0.0007323755804246946,2223489.8756050747,793203.487833088
2025-09-22 00:00:00 UTC,0.0006611860544088857,2002934.6992717818,555729.7017115182
2025-09-23 00:00:00 UTC,0.0005778004451869687,1753759.0475797052,599100.9441381994
2025-09-24 00:00:00 UTC,0.0006359390622995946,1931099.3551576072,704416.5316705636
2025-09-25 00:00:00 UTC,0.000569649068449125,1698050.4561486994,566562.2312075306
2025-09-26 00:00:00 UTC,0.0005238939092796563,1603087.5905424282,463489.7573591661
2025-09-27 00:00:00 UTC,0.0005557536288878222,1700784.3742640265,598071.1406089064
2025-09-28 00:00:00 UTC,0.0005100412538329705,1549220.4229579766,418017.2616654775
2025-09-29 00:00:00 UTC,0.0004976500760666758,1501721.3478872823,568409.9063988244
2025-09-30 00:00:00 UTC,0.000530103076167785,1614254.6277975491,831628.468347212
2025-10-01 00:00:00 UTC,0.0006322386571129173,1857313.8024790497,1086378.8166099663
2025-10-02 00:00:00 UTC,0.0005874070757532789,1786323.2929531008,803297.5484125182
2025-10-03 00:00:00 UTC,0.000521199175720541,1587753.053925716,599187.4020139782
2025-10-04 00:00:00 UTC,0.0005027452261948496,1532521.1850667787,338580.00866782625
2025-10-05 00:00:00 UTC,0.0004872262550554165,1485617.971046183,396436.91673235473
2025-10-06 00:00:00 UTC,0.00046086199618445065,1403130.4486580032,363872.9283696543
2025-10-07 00:00:00 UTC,0.00046487439003783834,1418201.7148183873,464653.2764860949
2025-10-08 00:00:00 UTC,0.00042423885040129703,1298969.6329193732,527225.0919599233
2025-10-09 00:00:00 UTC,0.00042479138320914404,1296599.8675428014,583490.554951597
2025-10-10 00:00:00 UTC,0.00043110727989194037,1315454.1245496576,546415.1155013175
2025-10-11 00:00:00 UTC,0.0005863658256033116,1721719.4660864344,996251.3155945803
2025-10-12 00:00:00 UTC,0.0005911552192684032,1805816.92960286,1357713.3039750222
2025-10-13 00:00:00 UTC,0.0005257704702456878,1606478.9926701998,936064.2622884685
2025-10-14 00:00:00 UTC,0.0004807325727825738,1469410.858279215,683749.2020130585
2025-10-15 00:00:00 UTC,0.0006449168381441187,1979127.845184455,1169531.8280221787
2025-10-16 00:00:00 UTC,0.0005485462477016876,1677170.703373379,904796.9449512288
2025-10-17 00:00:00 UTC,0.0005124010129683237,1557639.7172161033,599473.9886264756
2025-10-18 00:00:00 UTC,0.0004902149535172386,1499787.0327999487,746997.6746535833
2025-10-19 00:00:00 UTC,0.00048424850849714094,1481876.5333151133,674460.3078557845
2025-10-20 00:00:00 UTC,0.000496247761563575,1518877.0599274177,656255.3425175521
2025-10-21 00:00:00 UTC,0.0005029151911671382,1540044.9233356614,683044.5916556328
2025-10-22 00:00:00 UTC,0.0005050297413255858,1546735.9112277974,724736.9026423515
2025-10-23 00:00:00 UTC,0.00045519192791994485,1394458.2562826716,694100.0400433276
2025-10-24 00:00:00 UTC,0.0004060465003217016,1244762.58224145,682517.7425199405
2025-10-25 00:00:00 UTC,0.00038088001201685485,1168799.2034543126,636183.5303890097
2025-10-26 00:00:00 UTC,0.00040444016896120765,1232902.8543887588,766562.0221377625
2025-10-27 00:00:00 UTC,0.00033583749256893374,1025988.1384427104,648855.3383563296
2025-10-28 00:00:00 UTC,0.0003294028902884936,1010119.05053158,623360.1867655367
2025-10-29 00:00:00 UTC,0.0003082744658077005,945872.2570308748,579152.6825958327
2025-10-30 00:00:00 UTC,0.0002892930016008497,888629.4972424381,519396.4557847983
2025-10-31 00:00:00 UTC,0.0002773292393082271,856431.7714351482,692677.8964642104
2025-11-01 00:00:00 UTC,0.0003917168907621662,1204194.457300826,1107593.2251658004
2025-11-02 00:00:00 UTC,0.0003256344222760658,999647.5377822322,794901.3861208459
2025-11-03 00:00:00 UTC,0.0002979779636488095,921178.2034521932,780375.638689277
2025-11-04 00:00:00 UTC,0.00030522730780476804,937983.7946785598,927508.6458879489
2025-11-05 00:00:00 UTC,0.00028428546288877365,888093.8956869012,681456.7485259506
2025-11-06 00:00:00 UTC,0.0002185900886461878,670038.7057334132,1019306.348549624
2025-11-07 00:00:00 UTC,0.00016558365244985067,510956.27478624874,794304.9028598097
2025-11-08 00:00:00 UTC,0.00016679215730238428,513709.6102590775,675751.8770180735
2025-11-09 00:00:00 UTC,0.00014383373310475553,442830.20701233484,479745.4227981627
2025-11-10 00:00:00 UTC,0.00011757464959672839,360960.7372911194,573638.201158112
2025-11-11 00:00:00 UTC,0.00011613382116790227,357843.7382881903,563832.3007051528
2025-11-12 00:00:00 UTC,9.43003562313114e-05,290393.5681628865,588282.2931477333
2025-11-13 00:00:00 UTC,0.00010404415871782517,308850.96464824374,719527.3960235842
2025-11-14 00:00:00 UTC,8.406574173099255e-05,259012.97203586376,634709.8163662589
2025-11-15 00:00:00 UTC,7.795173865132073e-05,240170.80520547894,681168.4342263094
2025-11-16 00:00:00 UTC,8.4336266214085e-05,259976.89432804816,478023.18638357474
2025-11-17 00:00:00 UTC,6.876635071729044e-05,209580.70247372417,437235.3512366122
2025-11-18 00:00:00 UTC,5.520021810218793e-05,170253.16433242726,605708.3659676294
2025-11-19 00:00:00 UTC,4.4395138988829314e-05,136961.40517309582,513811.5928146667
2025-11-20 00:00:00 UTC,3.8877515188610476e-05,117666.7217359387,607336.8465690706
2025-11-21 00:00:00 UTC,3.087105177852602e-05,95267.06843580089,513906.02149176924
2025-11-22 00:00:00 UTC,2.7652978230979086e-05,85378.22381357377,372559.16118766955
2025-11-23 00:00:00 UTC,1.9476804628488808e-05,59934.6563089555,210884.73116168706
2025-11-24 00:00:00 UTC,2.1174092154498257e-05,65418.42062892626,266526.74460582697
2025-11-25 00:00:00 UTC,2.2320966507341638e-05,68969.76138242005,274303.13560801616
2025-11-26 00:00:00 UTC,2.566228688527848e-05,79679.85953461227,384187.9883790249
2025-11-27 00:00:00 UTC,2.6012428841479703e-05,80486.26673409082,445667.285608195
2025-11-28 00:00:00 UTC,2.6396450246948157e-05,81743.3070375725,471603.52543365886
2025-11-29 00:00:00 UTC,2.418103535115261e-05,74661.1735077564,368317.1032442082
2025-11-30 00:00:00 UTC,2.5360121211533877e-05,76258.34312679367,403922.113027086
2025-12-01 00:00:00 UTC,2.7544893849142888e-05,85244.41778515367,470175.0976945305
2025-12-02 00:00:00 UTC,3.2168969661180954e-05,101925.82262253898,433830.34860983025
2025-12-03 00:00:00 UTC,3.0694155489006505e-05,94618.27763507984,531481.2834501592
2025-12-04 00:00:00 UTC,2.7699643698582047e-05,85771.20424108629,374716.07315647684
2025-12-05 00:00:00 UTC,2.6501056167455658e-05,84863.3140726596,343459.1978323081
2025-12-06 00:00:00 UTC,2.8729440235676363e-05,88983.69944464148,445127.1252299785
2025-12-07 00:00:00 UTC,2.5591877000043922e-05,79128.06071378668,258323.1423373523
2025-12-08 00:00:00 UTC,2.914705169315753e-05,90347.54594211701,330657.24161504454
2025-12-09 00:00:00 UTC,3.41875206693646e-05,107525.73530635647,200381.75539293443
2025-12-10 00:00:00 UTC,2.553526918001131e-05,79197.91365217254,206051.85748727524
2025-12-11 00:00:00 UTC,2.9526268562055195e-05,91608.22871717929,140510.9654942367
2025-12-12 00:00:00 UTC,1.6900898669002076e-05,52468.32995732156,210570.94044611545
2025-12-13 00:00:00 UTC,1.6939979120337967e-05,52638.888234883314,159357.4393861598
2025-12-14 00:00:00 UTC,1.858360654370976e-05,57695.38916986526,162678.57168392063
2025-12-15 00:00:00 UTC,1.483797429031689e-05,46077.33118156889,86002.35375848811
2025-12-16 00:00:00 UTC,1.596695710302615e-05,46547.04088203741,377159.0620121588
2025-12-17 00:00:00 UTC,1.3984572325095684e-05,48693.624729287236,102753.17280449874
2025-12-18 00:00:00 UTC,1.3924637202374596e-05,43273.194999044164,164097.29513871385
2025-12-19 00:00:00 UTC,1.3930643184219508e-05,43303.033007508944,85316.52144349185
2025-12-20 00:00:00 UTC,1.3293269152197506e-05,41332.389022677366,45254.489189835964
2025-12-21 00:00:00 UTC,1.3047862105500187e-05,40614.946506313216,38977.09849312792
2025-12-22 00:00:00 UTC,1.2998369456333197e-05,40438.62394481075,217700.11903652057
2025-12-23 00:00:00 UTC,1.3035463663174598e-05,40514.632946307654,261162.12344221614
2025-12-24 00:00:00 UTC,1.3025063789894722e-05,40540.9922405455,178177.9748407154
2025-12-25 00:00:00 UTC,1.29887945480616e-05,40438.525537413465,300690.55107356055
2025-12-26 00:00:00 UTC,1.2971856562490782e-05,40396.33959483118,171949.86475524664
2025-12-27 00:00:00 UTC,1.2836283104830994e-05,39984.66903075887,62824.177286067075
2025-12-28 00:00:00 UTC,1.2554833525842588e-05,38151.57803348521,16006.470332505463
2025-12-29 00:00:00 UTC,1.220007657963119e-05,38022.97011614582,22633.401903440947
2025-12-30 00:00:00 UTC,1.2965541071005576e-05,40455.70883614434,90537.41131320667
2025-12-31 00:00:00 UTC,1.2999956188062008e-05,40540.84052060559,145166.67547022665
2026-01-01 00:00:00 UTC,1.0073927826211438e-05,31415.73849859568,191770.14541264487
2026-01-02 00:00:00 UTC,1.1912109968526835e-05,37033.16853340123,224271.96598053141
2026-01-03 00:00:00 UTC,1.281010439787844e-05,39974.790994507675,159054.98116362342
2026-01-04 00:00:00 UTC,1.0923993983114575e-05,34097.52498935709,97142.15119642932
2026-01-05 00:00:00 UTC,1.1989453311442662e-05,37512.68822265099,168217.12517036143
2026-01-06 00:00:00 UTC,1.1259030247649925e-05,34911.8540362274,15172.910173774413
2026-01-07 00:00:00 UTC,1.0565653491877612e-05,33067.203131616094,18902.23244632144
2026-01-08 00:00:00 UTC,7.79236283785988e-06,24253.501084228057,19623.143148934687
2026-01-09 00:00:00 UTC,7.892994179536494e-06,25480.971734544753,18069.333245750113
2026-01-10 00:00:00 UTC,7.330378518403653e-06,22603.405208880973,13985.082928018648
2026-01-11 00:00:00 UTC,7.5892601866758956e-06,23732.14466673609,13439.433121732089
2026-01-12 00:00:00 UTC,8.976875963665703e-06,28078.34505479175,19082.94632029285
2026-01-13 00:00:00 UTC,6.821911975091227e-06,21343.686830542996,14260.055620099438
2026-01-14 00:00:00 UTC,6.696931380635556e-06,20957.92138666566,18377.32107059983
2026-01-15 00:00:00 UTC,3.3197921303221012e-06,10391.922979314435,20296.03542312847
2026-01-16 00:00:00 UTC,0.0010211266155586598,3197230.857770793,37358.756453414986
2026-01-17 00:00:00 UTC,0.0016396873545044452,5170979.03884929,867932.6296109034
2026-01-18 00:00:00 UTC,0.00109484948321714,3414893.3714067433,226978.0844404264
2026-01-19 00:00:00 UTC,0.001146021110650982,3591124.2078967295,91490.44740186814
2026-01-20 00:00:00 UTC,0.0010157607719562811,3183773.120638312,44168.93609496508
2026-01-21 00:00:00 UTC,0.0010285963213177642,3227435.741328381,25350.125527517022
2026-01-22 00:00:00 UTC,0.0009188705779544533,2881583.0425787405,36013.67876513815
2026-01-23 00:00:00 UTC,0.0009457257885606331,2966565.661257607,21526.265438940252
2026-01-24 00:00:00 UTC,0.0008850872721483726,2777076.520460703,8488.35275834985
2026-01-25 00:00:00 UTC,0.0009269378026594445,2909170.0418087277,8669.871580307215
2026-01-26 00:00:00 UTC,0.0013717917650804775,4306601.296125923,341847.60921735957
2026-01-27 00:00:00 UTC,0.0012080737037821008,3793423.528103951,113593.06639160468
2026-01-28 00:00:00 UTC,0.0011047050744343032,3469773.464246829,28905.722138582558
2026-01-29 00:00:00 UTC,0.0010198518583024732,3164565.974267788,26690.48118707317
2026-01-30 00:00:00 UTC,0.001035998375714563,3255698.5806323676,39793.81797299154
2026-01-31 00:00:00 UTC,0.001044572931936774,3283466.3010326936,11000.970324519498
2026-02-01 00:00:00 UTC,0.0009611410828132047,3021996.667171204,22233.097225211506
2026-02-02 00:00:00 UTC,0.0009515701668217032,2992512.025033093,5911.350099689066
2026-02-03 00:00:00 UTC,0.0009281303608956263,2919752.1975066913,10815.511173588999
2026-02-04 00:00:00 UTC,0.0009815576683242738,3088598.0788787073,8633.965248623626
2026-02-05 00:00:00 UTC,0.0009061774362758336,2852176.6100647547,5452.822336287386
2026-02-06 00:00:00 UTC,0.0008085601980683546,2545618.69056447,23541.72929214481
2026-02-07 00:00:00 UTC,0.0009749176640790724,3070047.5296431175,21794.907036835742
2026-02-08 00:00:00 UTC,0.0008534300838156886,2688138.2439039215,7552.058032028289
2026-02-09 00:00:00 UTC,0.0008412923076824384,2650910.71056104,9604.908404893975
2026-02-10 00:00:00 UTC,0.0008735705955501742,2753098.256755152,3724.81614766084
2026-02-11 00:00:00 UTC,0.000847686947073716,2644524.3863118053,6801.193678346669
2026-02-12 00:00:00 UTC,0.0008118497597639545,2559913.746883534,3309.960108005298
2026-02-13 00:00:00 UTC,0.0008093783985208553,2552785.411261479,5700.96137959991
2026-02-14 00:00:00 UTC,0.000814973033159944,2571101.6035944456,4339.215216234768
2026-02-15 00:00:00 UTC,0.0008712862129411161,2749503.090417214,3581.0177382185793
2026-02-16 00:00:00 UTC,0.0008533052554311897,2693675.2031710087,1913.277530923984
2026-02-17 00:00:00 UTC,0.0008640850938593424,2728168.9287327384,840.5828017292783
2026-02-18 00:00:00 UTC,0.0008601463961936158,2716587.865643836,2434.2622293062254
2026-02-19 00:00:00 UTC,0.0008601755455285888,2752328.9073202284,688.0283127368475
2026-02-20 00:00:00 UTC,0.0009018682586536283,2849656.7852978893,20191.49906135144
2026-02-21 00:00:00 UTC,0.000864777536612067,2750444.615740186,11557.952842634888
2026-02-22 00:00:00 UTC,0.0008456971413300932,2673548.067383834,1968.9180428601924
2026-02-23 00:00:00 UTC,0.0009111441741841922,2880493.525560352,2065.6478314923697
2026-02-24 00:00:00 UTC,0.0008789564295956841,2778997.631663429,4289.484891796081
2026-02-25 00:00:00 UTC,0.0008506147038233128,2689527.2276427206,2225.8048161857973
2026-02-26 00:00:00 UTC,0.000875567152704154,2769105.0368722943,5647.008872511832
2026-02-27 00:00:00 UTC,0.0008897211758601365,2813284.0448992797,5289.875010993762
2026-02-28 00:00:00 UTC,0.0008520314341207582,2693997.787173786,2947.472828410288
2026-03-01 00:00:00 UTC,0.00085532549788728,2704440.472329324,1974.3342358538532
2026-03-02 00:00:00 UTC,0.0008320730451409899,2634733.656434079,948.9027258891063
2026-03-03 00:00:00 UTC,0.0008483310259558212,2686864.8733132873,589.8728125241518
2026-03-04 00:00:00 UTC,0.0008065502003094064,2555342.8477975256,13057.041526552903
2026-03-05 00:00:00 UTC,0.0007925335420690375,2511488.0758085204,15203.935910984083
2026-03-06 00:00:00 UTC,0.0007746285518310365,2455330.969970459,5155.375924202762
2026-03-07 00:00:00 UTC,0.0007588801287349321,2405725.540956102,3268.6987436493578
2026-03-08 00:00:00 UTC,0.0007325113019253311,2322997.068506629,2383.220855146522
2026-03-09 00:00:00 UTC,0.0006858216045114104,2174280.620150613,15033.422139085067
2026-03-10 00:00:00 UTC,0.0006706982804589347,2127839.781034366,3833.753321936109
2026-03-11 00:00:00 UTC,0.0006870431415620006,2180225.4195740786,4715.102584048035
2026-03-12 00:00:00 UTC,0.0006812970313620935,2162718.703056116,5029.020718241289
