snapped_at,price,market_cap,total_volume
2018-07-27 00:00:00 UTC,0.02491626738966458,1317938663.715428,96898960.97529562
2018-07-28 00:00:00 UTC,0.024977924931736315,1321200021.3391511,43032415.08667307
2018-07-29 00:00:00 UTC,0.025667355136302975,1357667230.0234077,17920358.67235763
2018-07-30 00:00:00 UTC,0.026371601284769702,1394918123.719547,23546782.783747043
2018-07-31 00:00:00 UTC,0.02533262547850703,1339961802.8419468,27437287.22161017
2018-08-01 00:00:00 UTC,0.023283853976031194,1231592634.4587526,34723954.01075042
2018-08-02 00:00:00 UTC,0.02005923350994807,1061027279.6407241,30769837.827622864
2018-08-03 00:00:00 UTC,0.01747246191271739,924200753.8664267,22597732.415081643
2018-08-04 00:00:00 UTC,0.015298742682545574,809222512.0334016,46681118.87848731
2018-08-05 00:00:00 UTC,0.013340515708360232,705642669.9467865,25566740.352108754
2018-08-06 00:00:00 UTC,0.01404880742488061,743107552.7798704,19753155.306493487
2018-08-07 00:00:00 UTC,0.013385913340988854,708043964.4242743,16584095.932302337
2018-08-08 00:00:00 UTC,0.012888725216369502,681745344.2365725,17481486.218625534
2018-08-09 00:00:00 UTC,0.010838250578934913,573286089.028712,20289367.884776037
2018-08-10 00:00:00 UTC,0.011617307506060924,614494076.9442939,28101168.57535608
2018-08-11 00:00:00 UTC,0.009705034740096326,513344969.2380487,35445681.84125796
2018-08-12 00:00:00 UTC,0.009087447710337104,480677884.236927,12897115.830883311
2018-08-13 00:00:00 UTC,0.009156891743452682,484351106.0231613,8908647.886996776
2018-08-14 00:00:00 UTC,0.007195127888913769,380584181.68646395,16157913.794806436
2018-08-15 00:00:00 UTC,0.0076932369596071646,406931515.04693747,24699453.169894975
2018-08-16 00:00:00 UTC,0.007903909913374389,418918451.77297235,22273073.663321465
2018-08-17 00:00:00 UTC,0.011239490430183947,594509553.4070036,55073947.796438426
2018-08-18 00:00:00 UTC,0.014971577827984832,791819149.8284956,104835669.1392659
2018-08-19 00:00:00 UTC,0.012739762347948795,673894682.1526117,53087229.43688762
2018-08-20 00:00:00 UTC,0.014310112889704532,756929228.7855802,40172643.63791085
2018-08-21 00:00:00 UTC,0.013310275732672195,704043135.292346,38722239.51145625
2018-08-22 00:00:00 UTC,0.01549329924215748,819513524.2537291,52672634.2532172
2018-08-23 00:00:00 UTC,0.013826976527077102,731400286.9496061,65408868.52929903
2018-08-24 00:00:00 UTC,0.014704414859744152,777805597.7839797,32606809.19178945
2018-08-25 00:00:00 UTC,0.014515903800277391,767814478.7085955,19888929.868103504
2018-08-26 00:00:00 UTC,0.015412980328837003,815305584.297623,24953188.353791513
2018-08-27 00:00:00 UTC,0.015256782396440054,800255359.8135464,20656010.574389193
2018-08-28 00:00:00 UTC,0.01799056315929708,954640097.2029588,58073451.07539775
2018-08-29 00:00:00 UTC,0.018066282663588028,955868264.2283167,45187492.394157186
2018-08-30 00:00:00 UTC,0.017014488122964765,900146915.4007385,36040970.16729415
2018-08-31 00:00:00 UTC,0.0171167287266603,905384351.2111162,27097942.825192496
2018-09-01 00:00:00 UTC,0.017051775439949873,902013233.2892823,29352531.754525736
2018-09-02 00:00:00 UTC,0.01824152466061243,964880102.599638,28667061.45403659
2018-09-03 00:00:00 UTC,0.017891380752963634,942099001.2908987,21684111.122028533
2018-09-04 00:00:00 UTC,0.01874279355143346,997735964.9969879,30140878.572472554
2018-09-05 00:00:00 UTC,0.019419563116175615,1027192101.5700117,37094553.944925316
2018-09-06 00:00:00 UTC,0.01622818259647521,859161603.0475682,46538209.90708851
2018-09-07 00:00:00 UTC,0.01612643222301476,852853601.2759887,37705752.381754436
2018-09-08 00:00:00 UTC,0.015541214381642665,822197071.241206,27099924.50848609
2018-09-09 00:00:00 UTC,0.014591977790800882,772435533.320144,18597181.11187098
2018-09-10 00:00:00 UTC,0.014461357269718386,764929255.9554852,18136970.987529915
2018-09-11 00:00:00 UTC,0.014150294804495164,748475697.991246,22130878.029760078
2018-09-12 00:00:00 UTC,0.01307730686472441,691720315.2764648,18283688.000820123
2018-09-13 00:00:00 UTC,0.013806552956489193,730316898.914744,27062305.14585239
2018-09-14 00:00:00 UTC,0.01407834580986562,780710933.3087891,27954052.039700847
2018-09-15 00:00:00 UTC,0.013935618823252522,777260505.7446344,16712688.133838894
2018-09-16 00:00:00 UTC,0.014274769143439541,792716442.9862646,14966423.268543918
2018-09-17 00:00:00 UTC,0.014149055508932912,784632120.9183536,10305374.880220145
2018-09-18 00:00:00 UTC,0.012669724755219554,702620199.1116871,20388061.917657066
2018-09-19 00:00:00 UTC,0.01295758508578834,719059229.0251005,17367665.671641763
2018-09-20 00:00:00 UTC,0.012986816225540012,720180449.6836582,18693159.86449623
2018-09-21 00:00:00 UTC,0.013594675307259435,753889113.8561808,18992252.327197205
2018-09-22 00:00:00 UTC,0.015417792187117278,854989576.9381007,48184532.04038724
2018-09-23 00:00:00 UTC,0.013739273123265781,761907747.3954716,15900555.018261239
2018-09-24 00:00:00 UTC,0.014151995363730538,785523619.0947565,14133028.683290718
2018-09-25 00:00:00 UTC,0.013100632867942441,726441755.8201445,18955829.67310373
2018-09-26 00:00:00 UTC,0.012831323947129276,711557666.6209434,19751955.03742672
2018-09-27 00:00:00 UTC,0.012535772521322609,700667050.1852585,16897954.6959521
2018-09-28 00:00:00 UTC,0.0131203754676623,727575132.2558699,17538781.478942834
2018-09-29 00:00:00 UTC,0.013069761430859632,724930478.7919928,15860160.88931924
2018-09-30 00:00:00 UTC,0.012923615563064544,717620400.256629,14368756.37364248
2018-10-01 00:00:00 UTC,0.012898224167079022,715119983.8496273,14663453.2609448
2018-10-02 00:00:00 UTC,0.012816656209928258,710385417.5865825,12362277.009324899
2018-10-03 00:00:00 UTC,0.012951938566950967,718301925.6955237,17565649.92328179
2018-10-04 00:00:00 UTC,0.012767770468663637,708756268.0885696,12517642.072993096
2018-10-05 00:00:00 UTC,0.012910835368315504,715966951.3963964,10509849.949931407
2018-10-06 00:00:00 UTC,0.013151107069044564,729149141.2937818,7151120.688851512
2018-10-07 00:00:00 UTC,0.013177908780172264,730777436.6230441,4606099.388512692
2018-10-08 00:00:00 UTC,0.0130988296432056,726392124.0543451,4281799.818837104
2018-10-09 00:00:00 UTC,0.013808994354472364,765806169.4591767,11122536.17724891
2018-10-10 00:00:00 UTC,0.013671517567989688,757768506.1638563,8392157.598827856
2018-10-11 00:00:00 UTC,0.013350418050744649,741808946.3844479,11381631.86606584
2018-10-12 00:00:00 UTC,0.011257505576166341,626799441.243751,15840626.46062396
2018-10-13 00:00:00 UTC,0.011622109131753747,644719482.9803362,10131973.957138592
2018-10-14 00:00:00 UTC,0.011567713067345482,641421529.2242675,6611807.105231172
2018-10-15 00:00:00 UTC,0.011462121349840837,636075561.1112083,7692598.922033025
2018-10-16 00:00:00 UTC,0.011980228853405628,663205693.1559037,17693521.516252257
2018-10-17 00:00:00 UTC,0.01207725062914634,669605231.994485,9038751.37517812
2018-10-18 00:00:00 UTC,0.01197181555515927,663893856.6858721,9407641.597999683
2018-10-19 00:00:00 UTC,0.011753028484639499,651761077.7125293,7467493.8035960505
2018-10-20 00:00:00 UTC,0.011570967215419139,641685444.9835986,7596933.1167821875
2018-10-21 00:00:00 UTC,0.011635138347766898,645179106.2795677,15866940.413926497
2018-10-22 00:00:00 UTC,0.011462967890568042,635340417.4822944,11718936.520060966
2018-10-23 00:00:00 UTC,0.011202525897145243,619364127.7319505,11806688.643659951
2018-10-24 00:00:00 UTC,0.011946061371923609,662465665.2845479,24287615.815771256
2018-10-25 00:00:00 UTC,0.011496909572629218,637553244.8632824,14097422.369644217
2018-10-26 00:00:00 UTC,0.011344805706499208,629384498.2609122,9164292.090359384
2018-10-27 00:00:00 UTC,0.01113631360115409,617680100.4555122,12432077.496538604
2018-10-28 00:00:00 UTC,0.010878943832792596,603213425.332782,11475588.46414202
2018-10-29 00:00:00 UTC,0.011004899276550042,610061182.5673996,12284513.695266437
2018-10-30 00:00:00 UTC,0.010473949369717997,580839178.0631967,16160598.716375988
2018-10-31 00:00:00 UTC,0.010193958163830027,565383877.6752089,8845005.040561086
2018-11-01 00:00:00 UTC,0.010528054061917288,583849386.2424246,13810702.545342831
2018-11-02 00:00:00 UTC,0.010463695564833004,580276296.4249701,13252991.378362708
2018-11-03 00:00:00 UTC,0.010521155109303777,583205192.2791402,12304580.969595518
2018-11-04 00:00:00 UTC,0.010352763715175224,573902186.755419,10594422.129728774
2018-11-05 00:00:00 UTC,0.010443617433548998,579126638.5679882,17040270.78175011
2018-11-06 00:00:00 UTC,0.010702351847126673,593496083.4186996,15350227.177390808
2018-11-07 00:00:00 UTC,0.011232736163959192,619770599.6759492,17556258.370953977
2018-11-08 00:00:00 UTC,0.010885347416957476,602346004.2918738,17014932.927382503
2018-11-09 00:00:00 UTC,0.010547163391992062,584985228.4786686,11652593.417785909
2018-11-10 00:00:00 UTC,0.010229158302703947,568226593.1014518,12782929.439230898
2018-11-11 00:00:00 UTC,0.010304688464269681,569527440.3159641,6601842.3765450455
2018-11-12 00:00:00 UTC,0.010159021959894753,563365868.6133395,8620425.459222132
2018-11-13 00:00:00 UTC,0.009956810602186518,552152291.3980817,9502654.63787269
2018-11-14 00:00:00 UTC,0.009332708378139652,519123026.2600207,12761073.675159093
2018-11-15 00:00:00 UTC,0.008471240035782588,469770369.61146593,17795222.81968277
2018-11-16 00:00:00 UTC,0.008027075686653144,444207030.5346312,13988814.32902581
2018-11-17 00:00:00 UTC,0.007789539898276049,431966869.2729173,10362300.997650748
2018-11-18 00:00:00 UTC,0.007773643144433139,430681999.7202709,10849023.786388507
2018-11-19 00:00:00 UTC,0.007710147537118145,427527827.54207283,10011843.923334112
2018-11-20 00:00:00 UTC,0.006111284932796527,339463200.5922715,19542512.901605234
2018-11-21 00:00:00 UTC,0.0053334791607093325,293600408.00501186,17753008.32987787
2018-11-22 00:00:00 UTC,0.005834469117275979,325158419.7782413,12560577.970737793
2018-11-23 00:00:00 UTC,0.005221542717352613,292180137.6258121,7167882.912179199
2018-11-24 00:00:00 UTC,0.005203312543920937,288431003.6140765,8384704.907704025
2018-11-25 00:00:00 UTC,0.0045972458827260925,256335002.6948493,6375178.86492765
2018-11-26 00:00:00 UTC,0.004737192000140133,262207383.22896236,9300573.098685214
2018-11-27 00:00:00 UTC,0.0043922630366004765,244736649.79750928,8386583.380304444
2018-11-28 00:00:00 UTC,0.004441176417712155,246182492.43656966,7637726.675442521
2018-11-29 00:00:00 UTC,0.005268070440941069,292486465.4292122,16206745.361360325
2018-11-30 00:00:00 UTC,0.0053267008769875696,295244147.18111426,11373543.760982193
2018-12-01 00:00:00 UTC,0.004791001321505174,264630858.44128275,9947044.8460214
2018-12-02 00:00:00 UTC,0.005067135772485235,281181744.826586,7436927.132864997
2018-12-03 00:00:00 UTC,0.004918059388268273,272262079.28536594,7296915.582610993
2018-12-04 00:00:00 UTC,0.004554701213960772,253284103.73163587,7594345.842219649
2018-12-05 00:00:00 UTC,0.0045970913709291236,254935604.3740741,7696961.790566164
2018-12-06 00:00:00 UTC,0.004436966687131828,246308469.4938271,7647469.156539748
2018-12-07 00:00:00 UTC,0.004131073597489112,227350442.22629517,10453934.865579022
2018-12-08 00:00:00 UTC,0.003908520064090253,215958159.8184198,12878370.38539438
2018-12-09 00:00:00 UTC,0.003830018937081063,212815057.63212857,7370243.006537298
2018-12-10 00:00:00 UTC,0.003995461758925967,220975347.02177006,6764836.991966461
2018-12-11 00:00:00 UTC,0.003765082177883859,208290858.42572647,5893595.228600643
2018-12-12 00:00:00 UTC,0.0036866813187677637,204536885.28035927,4229509.60939423
2018-12-13 00:00:00 UTC,0.003672418403598421,203663665.78049842,6198484.043516529
2018-12-14 00:00:00 UTC,0.0035167721929615843,194653909.5528874,4713007.529362321
2018-12-15 00:00:00 UTC,0.003365492131659912,186540667.4337169,4639057.681068072
2018-12-16 00:00:00 UTC,0.0033343286033186174,184738260.69853812,3176744.3615628737
2018-12-17 00:00:00 UTC,0.003390491698722343,188480673.07975543,3646719.3880679705
2018-12-18 00:00:00 UTC,0.004014870906820608,222776632.86654755,10261411.693411672
2018-12-19 00:00:00 UTC,0.004088822349369314,226744559.02858827,7146007.230184992
2018-12-20 00:00:00 UTC,0.004156978089042766,230524117.49727738,10021405.025014453
2018-12-21 00:00:00 UTC,0.0044678415391604664,248040549.1560048,9422234.021050645
2018-12-22 00:00:00 UTC,0.0044088632299422335,244514876.24432525,11009270.277469693
2018-12-23 00:00:00 UTC,0.004550268378164146,252021976.79389718,7218323.7912980635
2018-12-24 00:00:00 UTC,0.004661726195860279,258380912.7801432,6680586.916739029
2018-12-25 00:00:00 UTC,0.004745969961954488,264567972.7845066,11387818.45343682
2018-12-26 00:00:00 UTC,0.0043042024394551745,238701347.1426723,7208572.884276874
2018-12-27 00:00:00 UTC,0.004334865599159662,240426943.28542218,4672499.214250604
2018-12-28 00:00:00 UTC,0.003854273753512247,213560860.5198967,5535383.087832245
2018-12-29 00:00:00 UTC,0.004292273999661794,238026916.34018007,6563266.782029266
2018-12-30 00:00:00 UTC,0.004186032645289415,233970111.63708022,5904413.390433237
2018-12-31 00:00:00 UTC,0.004162023907947776,230725786.5080976,5882058.396483663
2019-01-01 00:00:00 UTC,0.00392639349003859,217630839.54117787,5733166.975671068
2019-01-02 00:00:00 UTC,0.00408369405638338,226368674.96196565,5019741.990309476
2019-01-03 00:00:00 UTC,0.004158437220897134,230658575.4131386,5302588.883024773
2019-01-04 00:00:00 UTC,0.003984289134501088,221308729.06971243,4189643.5772176352
2019-01-05 00:00:00 UTC,0.0040499128583149704,225208530.4631038,4510596.922360014
2019-01-06 00:00:00 UTC,0.004015395839893347,222716353.2391906,5004840.98745468
2019-01-07 00:00:00 UTC,0.00427774751072645,236607310.89895838,6322741.07412897
2019-01-08 00:00:00 UTC,0.004132820329036716,229007370.2998525,5558834.913138847
2019-01-09 00:00:00 UTC,0.00431497771244013,239209050.81084955,7212443.990733474
2019-01-10 00:00:00 UTC,0.004736544197680648,262787506.66495225,12684770.27043962
2019-01-11 00:00:00 UTC,0.004008878247242968,221695574.4556333,12688240.929245291
2019-01-12 00:00:00 UTC,0.003907682983827723,216645476.0803306,6347043.313770062
2019-01-13 00:00:00 UTC,0.003938737040262118,218381567.52795646,4600034.1935818875
2019-01-14 00:00:00 UTC,0.003717504158929536,206153207.25133446,5442763.7688456075
2019-01-15 00:00:00 UTC,0.003986767554825451,221192466.8775691,5281921.185289951
2019-01-16 00:00:00 UTC,0.0038780547807175593,215008491.90402815,3509623.61397447
2019-01-17 00:00:00 UTC,0.003936133754275868,218021150.3738724,5218338.828249752
2019-01-18 00:00:00 UTC,0.004190542693796268,232348855.00596684,11254831.409803376
2019-01-19 00:00:00 UTC,0.004023718522492562,223185649.82149112,6420087.117338009
2019-01-20 00:00:00 UTC,0.004079042778517962,226202235.52056873,5098089.002758311
2019-01-21 00:00:00 UTC,0.003953937112921177,219264534.0129215,6842250.696887754
2019-01-22 00:00:00 UTC,0.004068467504250248,225752187.44597197,6984365.377963102
2019-01-23 00:00:00 UTC,0.004502934027830292,249709012.33522466,20729705.47833378
2019-01-24 00:00:00 UTC,0.004347663783965276,241098542.13935888,12501061.40508049
2019-01-25 00:00:00 UTC,0.004362109716355926,242039172.0701976,7763901.394987132
2019-01-26 00:00:00 UTC,0.004294629018348954,238329490.3961079,6461637.354338463
2019-01-27 00:00:00 UTC,0.004328280737462953,240033997.8497113,7571623.489466758
2019-01-28 00:00:00 UTC,0.004131363201921251,229331756.00979134,12288274.750142643
2019-01-29 00:00:00 UTC,0.003902850148431942,217343803.34686044,15525238.321124997
2019-01-30 00:00:00 UTC,0.003876332184683175,214890300.01930305,8163121.289309107
2019-01-31 00:00:00 UTC,0.004000400055604834,221841124.1774713,7239528.966189071
2019-02-01 00:00:00 UTC,0.0038795400632078646,215009648.56038064,6714899.524835941
2019-02-02 00:00:00 UTC,0.003888517848451438,215636726.05094108,8376504.2363172695
2019-02-03 00:00:00 UTC,0.0038862337890758327,214311625.62925467,4736455.508125689
2019-02-04 00:00:00 UTC,0.0038485154820056154,213438787.85351175,6253421.23098166
2019-02-05 00:00:00 UTC,0.003779665537633239,209355331.1057218,6373886.298938182
2019-02-06 00:00:00 UTC,0.0037840878481225373,209886039.54230693,6844612.238590803
2019-02-07 00:00:00 UTC,0.0036255398416117695,201053350.4234147,7412033.657900834
2019-02-08 00:00:00 UTC,0.003685020708593745,204351846.1275742,5077044.417609695
2019-02-09 00:00:00 UTC,0.00396245089602398,219643641.8365664,6523411.951220944
2019-02-10 00:00:00 UTC,0.003994220044304434,221486993.3673602,4927640.691978355
2019-02-11 00:00:00 UTC,0.004020691819068839,223274375.745859,6484452.543286459
2019-02-12 00:00:00 UTC,0.00389639655619579,216073637.69947082,4932901.116781769
2019-02-13 00:00:00 UTC,0.00391559390530873,217123191.83948538,5172275.612916088
2019-02-14 00:00:00 UTC,0.0038490478372808327,213336273.30923876,5280773.230479071
2019-02-15 00:00:00 UTC,0.0038590949602647436,214135657.33597898,4776684.216265056
2019-02-16 00:00:00 UTC,0.003916641764337535,217134749.17191598,6115175.988072798
2019-02-17 00:00:00 UTC,0.0041037488778299025,227265374.12776366,11691944.855366498
2019-02-18 00:00:00 UTC,0.004110193843048138,228217475.45145243,7688102.870899137
2019-02-19 00:00:00 UTC,0.0043369089792913516,240395110.0500861,9861718.54463929
2019-02-20 00:00:00 UTC,0.004264726914609213,237407048.75064397,9199604.217337219
2019-02-21 00:00:00 UTC,0.004332681984627286,240607895.5040122,7227212.436425553
2019-02-22 00:00:00 UTC,0.004432591821414484,246157709.41605893,17082668.28367249
2019-02-23 00:00:00 UTC,0.004778213533930015,265598246.7321849,20163168.769978993
2019-02-24 00:00:00 UTC,0.0048583031097362735,267638019.40635952,13509933.280297719
2019-02-25 00:00:00 UTC,0.004399528840286456,244891405.77311024,20073413.551173996
2019-02-26 00:00:00 UTC,0.004434611858524882,246036630.44691455,63141019.32180003
2019-02-27 00:00:00 UTC,0.004514473789321799,251666541.30462223,46660073.765802056
2019-02-28 00:00:00 UTC,0.004518465559547743,250686504.65795386,15484579.316326061
2019-03-01 00:00:00 UTC,0.004546345200723288,252116367.41536272,9026626.643591218
2019-03-02 00:00:00 UTC,0.004555442250437773,252355141.76455507,8826117.370466612
2019-03-03 00:00:00 UTC,0.004475430460474673,248178366.90753418,7037739.250080788
2019-03-04 00:00:00 UTC,0.004409525549248229,244412994.40837318,7091568.9551055
2019-03-05 00:00:00 UTC,0.004194433333220473,232601188.13002136,10490243.140731845
2019-03-06 00:00:00 UTC,0.004331744367938574,240386518.21729589,9215634.552922675
2019-03-07 00:00:00 UTC,0.004313566900271258,239036894.6355438,7478460.840202871
2019-03-08 00:00:00 UTC,0.004466018028654402,247396262.91699076,10719980.240652181
2019-03-09 00:00:00 UTC,0.0043725178495651095,242527294.07832232,10649514.741557306
2019-03-10 00:00:00 UTC,0.0048395297205889466,268374837.21197817,15570641.58730892
2019-03-11 00:00:00 UTC,0.004705677933941472,261055359.5014411,13061969.198120963
2019-03-12 00:00:00 UTC,0.004478410330469575,248564554.55643895,21200492.678221196
2019-03-13 00:00:00 UTC,0.00525889436395638,291503791.008574,31053719.000430223
2019-03-14 00:00:00 UTC,0.005088446017335898,282176995.8909142,17251016.24223759
2019-03-15 00:00:00 UTC,0.005140026119275654,285037835.8771997,13689243.571122834
2019-03-16 00:00:00 UTC,0.005286885963768087,292933284.5168282,11783788.761264388
2019-03-17 00:00:00 UTC,0.005304622118815225,294328015.95661646,11436166.078781247
2019-03-18 00:00:00 UTC,0.005198081564240002,288276581.18461144,9596860.270849176
2019-03-19 00:00:00 UTC,0.005267267995536812,292235028.9134643,9493936.00672568
2019-03-20 00:00:00 UTC,0.0053685781950536075,297713080.0597605,10146091.542192668
2019-03-21 00:00:00 UTC,0.005646004636323335,312423962.71769375,17587413.110088352
2019-03-22 00:00:00 UTC,0.005669837396192736,314419329.1649907,26597830.285173997
2019-03-23 00:00:00 UTC,0.00576572550810971,319014759.10094494,18958178.795299
2019-03-24 00:00:00 UTC,0.005861502859050749,325130691.3579214,16979968.456210878
2019-03-25 00:00:00 UTC,0.005743756597457568,318491392.8002217,12881981.082882466
2019-03-26 00:00:00 UTC,0.005633031783476963,313064905.1882658,14526662.041966785
2019-03-27 00:00:00 UTC,0.005514746755418179,305828493.2509689,19914988.397910915
2019-03-28 00:00:00 UTC,0.005676997654757112,314345336.71404916,14138075.529961027
2019-03-29 00:00:00 UTC,0.005846250162058307,324200048.14370733,11362328.048079021
2019-03-30 00:00:00 UTC,0.005915148049959642,327031930.4806837,12261764.943133447
2019-03-31 00:00:00 UTC,0.005918333076016864,327906225.7528037,12981047.44784952
2019-04-01 00:00:00 UTC,0.006118848748789988,338544772.0593752,20025459.316753175
2019-04-02 00:00:00 UTC,0.006283297018419368,348448645.15329117,15893838.916940223
2019-04-03 00:00:00 UTC,0.0075059380893116095,416948972.96601915,39287469.32641203
2019-04-04 00:00:00 UTC,0.0074102519589075684,411409435.8253158,34527930.746496215
2019-04-05 00:00:00 UTC,0.007271847541847431,403176720.957216,23230793.583610408
2019-04-06 00:00:00 UTC,0.007599820621298234,419885595.0224878,13692920.381779173
2019-04-07 00:00:00 UTC,0.0076472088939060845,423805258.21449894,13466018.123456707
2019-04-08 00:00:00 UTC,0.007621520484010312,423415804.67592514,15466297.042691926
2019-04-09 00:00:00 UTC,0.00748399668224829,414977479.05369765,17985854.888375815
2019-04-10 00:00:00 UTC,0.0071459933738188455,397823478.7399774,14679831.269715844
2019-04-11 00:00:00 UTC,0.007161614665402014,396682964.8592738,17451247.820474602
2019-04-12 00:00:00 UTC,0.006617289436131956,367021080.24820155,18715861.305859808
2019-04-13 00:00:00 UTC,0.006877861400045873,380828899.3130423,13385230.718499163
2019-04-14 00:00:00 UTC,0.006943281750445716,384752636.71606106,11214456.131768446
2019-04-15 00:00:00 UTC,0.006953162691975904,386205708.28309083,10520963.141924443
2019-04-16 00:00:00 UTC,0.0068516083480475625,379863144.56322145,13335001.292447804
2019-04-17 00:00:00 UTC,0.0071380691017774315,396005703.3043779,13058785.297950575
2019-04-18 00:00:00 UTC,0.007040968638049772,390131477.7869526,11628719.667144649
2019-04-19 00:00:00 UTC,0.007318004502677022,405796295.48853004,17540181.037091177
2019-04-20 00:00:00 UTC,0.007232065578516772,401307081.4742669,15831006.87995946
2019-04-21 00:00:00 UTC,0.006981412015975644,387142143.77254087,13614847.331350848
2019-04-22 00:00:00 UTC,0.006832879851416009,378420475.4325471,14108431.588785943
2019-04-23 00:00:00 UTC,0.006982488019693533,386916257.9030257,22617880.483281303
2019-04-24 00:00:00 UTC,0.006764567433317708,379986925.53759134,15030520.754530918
2019-04-25 00:00:00 UTC,0.006374999745773705,352442839.01511335,20188851.780327525
2019-04-26 00:00:00 UTC,0.006032864022478947,333999768.54396176,15397890.74294406
2019-04-27 00:00:00 UTC,0.006109111713458266,337399031.7306894,14505228.97819638
2019-04-28 00:00:00 UTC,0.006152733920530044,340822396.2396774,10363770.774796398
2019-04-29 00:00:00 UTC,0.006071586459961736,333939691.0648296,10070223.704356711
2019-04-30 00:00:00 UTC,0.00583612079563766,324917264.9581059,12131096.443248807
2019-05-01 00:00:00 UTC,0.006227956565903685,345214174.3491975,11212605.43387379
2019-05-02 00:00:00 UTC,0.006532396363251946,361609274.8109731,12975066.194182448
2019-05-03 00:00:00 UTC,0.006449387059436903,358051092.8475666,11556827.224688577
2019-05-04 00:00:00 UTC,0.006631983352805581,367892036.3642119,15121756.265041765
2019-05-05 00:00:00 UTC,0.006489138464191421,359185994.2990652,12527578.26702565
2019-05-06 00:00:00 UTC,0.006402981672167414,355635567.5092573,10512879.978621844
2019-05-07 00:00:00 UTC,0.006250986127961383,346648128.4222294,13648206.30904919
2019-05-08 00:00:00 UTC,0.0061622652021191045,343869739.0056996,11546992.297850473
2019-05-09 00:00:00 UTC,0.006268987158918195,347621333.43725127,10856302.46103707
2019-05-10 00:00:00 UTC,0.005974156233113136,331332244.55563,12202068.537664894
2019-05-11 00:00:00 UTC,0.006074286783972268,336906039.9106205,15706817.595369652
2019-05-12 00:00:00 UTC,0.006514787064880156,362284601.948614,21243071.535338175
2019-05-13 00:00:00 UTC,0.00608791174908874,337295744.68192285,14755050.571354574
2019-05-14 00:00:00 UTC,0.006355273153900669,352423470.9894263,18901376.691667803
2019-05-15 00:00:00 UTC,0.007049690481512884,390111796.60007757,25158448.219743326
2019-05-16 00:00:00 UTC,0.007909184990176999,437215431.0999328,25671964.156854384
2019-05-17 00:00:00 UTC,0.008141408595275802,450583528.95199406,38408707.238345735
2019-05-18 00:00:00 UTC,0.0076190162744773195,421183101.0546649,25996627.50997692
2019-05-19 00:00:00 UTC,0.007764779176196109,430593769.9965177,18577184.244446665
2019-05-20 00:00:00 UTC,0.007945503482832345,441021919.6961225,21160073.0415614
2019-05-21 00:00:00 UTC,0.00767269921553332,426251134.5453781,17466607.931750156
2019-05-22 00:00:00 UTC,0.007748038783211371,429562353.6331766,24201083.884815104
2019-05-23 00:00:00 UTC,0.007156681250441572,397034918.58369553,21371692.06180643
2019-05-24 00:00:00 UTC,0.00743177439504352,412522715.8596952,13298126.054459002
2019-05-25 00:00:00 UTC,0.007377191082944748,409809459.4250874,14680016.134487819
2019-05-26 00:00:00 UTC,0.007421463861658817,411324839.179704,10786085.895892454
2019-05-27 00:00:00 UTC,0.007592102722682643,418376059.8300523,16519262.925902419
2019-05-28 00:00:00 UTC,0.008021874639473079,445111249.58324355,25475253.628499962
2019-05-29 00:00:00 UTC,0.007830889105020654,434537069.60100573,23442573.616970994
2019-05-30 00:00:00 UTC,0.007694306162470179,425986973.29353637,20213024.221967198
2019-05-31 00:00:00 UTC,0.007510598948463315,416353082.4448987,33957104.43607698
2019-06-01 00:00:00 UTC,0.00768493730125386,426325012.046189,29672959.60923388
2019-06-02 00:00:00 UTC,0.007780711647365627,431524028.37382317,20855444.249601208
2019-06-03 00:00:00 UTC,0.007805463327552769,432961391.6960406,17588652.835664216
2019-06-04 00:00:00 UTC,0.007200476916491458,399137217.819213,16619728.908661354
2019-06-05 00:00:00 UTC,0.007412113812515142,410233605.93671125,23606036.658658195
2019-06-06 00:00:00 UTC,0.007675226155851719,425727054.45301765,29121888.513592333
2019-06-07 00:00:00 UTC,0.007705919575703498,426631197.1208076,23174308.94099637
2019-06-08 00:00:00 UTC,0.007777714313794105,432475946.45602894,18389806.847437263
2019-06-09 00:00:00 UTC,0.007668391313196935,425522674.8182143,20138167.929029297
2019-06-10 00:00:00 UTC,0.007262268913604823,402269221.21623677,19327256.19575212
2019-06-11 00:00:00 UTC,0.007727084776789595,428100602.319938,20363706.3020849
2019-06-12 00:00:00 UTC,0.0075027879014323605,417382332.04007345,17293978.966525584
2019-06-13 00:00:00 UTC,0.007614049553238014,421285004.6048575,18734315.766437944
2019-06-14 00:00:00 UTC,0.007618238133570362,421932001.6175688,18653174.061305214
2019-06-15 00:00:00 UTC,0.007323155737012021,407987394.97028285,33923646.126759335
2019-06-16 00:00:00 UTC,0.0073614356883452215,408180289.271088,23705120.577117234
2019-06-17 00:00:00 UTC,0.007267131732577401,404286777.2639023,27310551.81365994
2019-06-18 00:00:00 UTC,0.007329515113454472,406953946.9598193,28822401.0994323
2019-06-19 00:00:00 UTC,0.007383656226805183,409897340.6620276,50629867.13805658
2019-06-20 00:00:00 UTC,0.007309770544782009,405225661.00482976,21261953.038007636
2019-06-21 00:00:00 UTC,0.006930012593883452,384900150.0475274,31340326.46446971
2019-06-22 00:00:00 UTC,0.006844448245155464,377943487.36622137,34528945.97374858
2019-06-23 00:00:00 UTC,0.0070043731828417334,389269695.36954486,64379861.825167045
2019-06-24 00:00:00 UTC,0.007175708335133006,398147302.8142292,44121083.78793791
2019-06-25 00:00:00 UTC,0.007088346160840507,393044791.1510874,109558328.01168329
2019-06-26 00:00:00 UTC,0.009198681878394437,508013338.887023,339850682.4740639
2019-06-27 00:00:00 UTC,0.008052481714166549,447942117.60386455,179251011.29773694
2019-06-28 00:00:00 UTC,0.007786003649134101,429423943.23509187,119372589.56017382
2019-06-29 00:00:00 UTC,0.008282885535051012,457803689.2827735,84366212.279166
2019-06-30 00:00:00 UTC,0.009223061334271433,514426408.18103987,85832137.67271565
2019-07-01 00:00:00 UTC,0.008171902542318138,459027723.248523,87785112.60043803
2019-07-02 00:00:00 UTC,0.008111288285011186,450871530.6020476,72990953.80525307
2019-07-03 00:00:00 UTC,0.007617100574062889,422465055.62400424,77279333.66369247
2019-07-04 00:00:00 UTC,0.007864737048882464,437411917.32010907,40405880.61556089
2019-07-05 00:00:00 UTC,0.007323061348653728,406098425.01372284,45572213.00609234
2019-07-06 00:00:00 UTC,0.007491885235585194,415551655.0140989,63042631.00164171
2019-07-07 00:00:00 UTC,0.007507267879592385,416496014.32264465,30046526.306286298
2019-07-08 00:00:00 UTC,0.007498625959258599,415716414.8898783,29415336.60540212
2019-07-09 00:00:00 UTC,0.00723350259205044,401063640.4007178,27802199.94092705
2019-07-10 00:00:00 UTC,0.007297025793706769,402091282.4007118,49970717.493392065
2019-07-11 00:00:00 UTC,0.006963683499834239,385585103.2348046,42365168.92540664
2019-07-12 00:00:00 UTC,0.006050562837450448,336430665.16675806,34853322.734754786
2019-07-13 00:00:00 UTC,0.006916175414155119,383325891.8851928,34644040.746931076
2019-07-14 00:00:00 UTC,0.006520013238898554,360444662.5160257,28140665.015993804
2019-07-15 00:00:00 UTC,0.005746636218306314,318788187.79542744,23099095.868974466
2019-07-16 00:00:00 UTC,0.0056884268715946115,315905868.8559434,46409732.61645245
2019-07-17 00:00:00 UTC,0.0052131451256394006,288867268.4504761,58855294.01878159
2019-07-18 00:00:00 UTC,0.005424786102115241,299848898.75513357,75805239.49977681
2019-07-19 00:00:00 UTC,0.0056746492551480706,316350371.8482377,37484842.95234573
2019-07-20 00:00:00 UTC,0.005828984927912297,323435640.5937464,33026662.919340793
2019-07-21 00:00:00 UTC,0.006108107587647942,338612812.91872746,31686289.362201955
2019-07-22 00:00:00 UTC,0.006104090340714214,338591230.79911876,30863995.45557619
2019-07-23 00:00:00 UTC,0.006201597227777481,343807829.897817,32611060.88506132
2019-07-24 00:00:00 UTC,0.005862763736925434,323835483.97265357,37029898.35419063
2019-07-25 00:00:00 UTC,0.005908757777536346,327507469.1452249,36477784.59755466
2019-07-26 00:00:00 UTC,0.005877546108226168,325646111.92280036,32113017.372439846
2019-07-27 00:00:00 UTC,0.005942454696179447,329630753.5135076,33938575.901684314
2019-07-28 00:00:00 UTC,0.005676944418263624,314194663.1739748,33114411.363457084
2019-07-29 00:00:00 UTC,0.005652459914655856,314145701.5763376,32155431.91763333
2019-07-30 00:00:00 UTC,0.005600002920989385,309874921.3003097,30499051.675480433
2019-07-31 00:00:00 UTC,0.00551939962246784,306137882.71053374,26572911.96142205
2019-08-01 00:00:00 UTC,0.005594680912937643,310025736.26849884,30390585.20783374
2019-08-02 00:00:00 UTC,0.005407619223913672,299897580.63423055,30272602.688187398
2019-08-03 00:00:00 UTC,0.005487382905030497,304484308.2454443,27653873.204423644
2019-08-04 00:00:00 UTC,0.005469810299708387,303502424.3693935,26597513.53397708
2019-08-05 00:00:00 UTC,0.005325899592633443,295314042.8384983,26170407.33859998
2019-08-06 00:00:00 UTC,0.005221369337081797,289829952.75160575,27986541.603054136
2019-08-07 00:00:00 UTC,0.0048963326683885144,268963582.8467318,29309927.857300896
2019-08-08 00:00:00 UTC,0.004947085174953017,274212976.9250433,41942906.50089021
2019-08-09 00:00:00 UTC,0.004986792517178323,277138898.5718056,31971955.308002565
2019-08-10 00:00:00 UTC,0.004944206428247053,274121418.79577744,30775391.710143115
2019-08-11 00:00:00 UTC,0.004895711555785881,271443514.45204884,28561261.879039165
2019-08-12 00:00:00 UTC,0.005126122114683206,284292868.0591148,30874788.01304612
2019-08-13 00:00:00 UTC,0.005091438244419717,282371741.5190214,34639307.26766431
2019-08-14 00:00:00 UTC,0.004883495756480127,271314257.9957034,33965708.68062398
2019-08-15 00:00:00 UTC,0.004689550936701344,259771397.0715729,33785076.8599109
2019-08-16 00:00:00 UTC,0.004569762522199689,253270686.82184595,24321605.147996765
2019-08-17 00:00:00 UTC,0.004486728285595928,248406294.67458874,27221042.817486666
2019-08-18 00:00:00 UTC,0.004466819251066893,247703833.44084543,29517456.811713308
2019-08-19 00:00:00 UTC,0.004502956267758419,249787238.29927012,26964195.002852373
2019-08-20 00:00:00 UTC,0.004678239335357648,259430521.67318663,30691457.411832746
2019-08-21 00:00:00 UTC,0.004550229515011817,252456935.28014275,29945040.327329833
2019-08-22 00:00:00 UTC,0.004331995887690964,240056833.36145854,27755713.11965714
2019-08-23 00:00:00 UTC,0.004484663792759107,248558490.766572,27641608.950504106
2019-08-24 00:00:00 UTC,0.004608311134681953,255684246.02862096,25156872.648093954
2019-08-25 00:00:00 UTC,0.004891248804164535,271826907.15704554,32759185.59714235
2019-08-26 00:00:00 UTC,0.0044776392059647,248169543.30389386,32050013.89451055
2019-08-27 00:00:00 UTC,0.004559410212106703,253025127.88295197,28437007.259514205
2019-08-28 00:00:00 UTC,0.004529477820597033,251155173.96456692,30125803.67724997
2019-08-29 00:00:00 UTC,0.004250440007336372,235661656.67279783,27898942.155937213
2019-08-30 00:00:00 UTC,0.004066463791745994,225775483.66187936,26979361.22497736
2019-08-31 00:00:00 UTC,0.004101169482061568,227429265.9975776,25107865.08725137
2019-09-01 00:00:00 UTC,0.004112292833655326,228174857.6361295,24744381.18833553
2019-09-02 00:00:00 UTC,0.004103104024758707,227604654.13327286,23828552.376681298
2019-09-03 00:00:00 UTC,0.004349064915431373,241176241.51323122,29673980.135936685
2019-09-04 00:00:00 UTC,0.004274850344627961,237347358.92635572,37788446.26739736
2019-09-05 00:00:00 UTC,0.004124945328256281,228660382.17051715,29864359.388434947
2019-09-06 00:00:00 UTC,0.003926512255910045,217964381.64532727,32156498.23805062
2019-09-07 00:00:00 UTC,0.0037743036661719294,209317272.1200639,31443309.093912654
2019-09-08 00:00:00 UTC,0.003845871608887389,213271790.14569947,32936339.543821927
2019-09-09 00:00:00 UTC,0.003991038297944476,221180836.81074354,28904880.884699807
2019-09-10 00:00:00 UTC,0.0039725806719892185,220438493.001838,30444687.309554964
2019-09-11 00:00:00 UTC,0.003905180255331815,216505795.19138682,34325240.40523433
2019-09-12 00:00:00 UTC,0.003723108535576876,206462843.8150373,29209727.109836303
2019-09-13 00:00:00 UTC,0.003749113239857138,207906080.45144638,32578032.209678378
2019-09-14 00:00:00 UTC,0.003737564898917394,207606406.21086347,30957308.49189441
2019-09-15 00:00:00 UTC,0.00366905108630819,203596741.29619357,31447970.932038605
2019-09-16 00:00:00 UTC,0.003734343096218261,207069701.1690716,26757718.39141953
2019-09-17 00:00:00 UTC,0.004010864687333126,222758776.70584372,45453833.019193746
2019-09-18 00:00:00 UTC,0.004210846379691088,233718890.51300985,36092071.52221411
2019-09-19 00:00:00 UTC,0.00427880994428194,237442654.04150638,33894028.324313164
2019-09-20 00:00:00 UTC,0.004218445482884013,233783688.3046805,31269728.083491586
2019-09-21 00:00:00 UTC,0.004182609193762818,231830779.0479773,28487104.69860748
2019-09-22 00:00:00 UTC,0.004139835666547531,229561084.77098155,37366122.26040965
2019-09-23 00:00:00 UTC,0.004049684623477577,224741995.9251524,31708464.76704657
2019-09-24 00:00:00 UTC,0.00392724028343965,217794303.68016857,36005617.57294357
2019-09-25 00:00:00 UTC,0.0034695362956193177,192402215.1525437,28273548.290705487
2019-09-26 00:00:00 UTC,0.0033766444362196626,187262309.2747502,29319005.853324875
2019-09-27 00:00:00 UTC,0.003299218975088305,183303938.51881728,41261655.11474764
2019-09-28 00:00:00 UTC,0.003388724906781607,187920327.82876736,30715407.914358918
2019-09-29 00:00:00 UTC,0.003434848032543766,190011809.7041092,24949139.36061908
2019-09-30 00:00:00 UTC,0.0033270657580471035,184531643.61785093,20662233.604580503
2019-10-01 00:00:00 UTC,0.0034679104507803742,218382491.33778656,23169366.29945057
2019-10-02 00:00:00 UTC,0.003489394591355293,219832607.0379945,21543657.54176377
2019-10-03 00:00:00 UTC,0.003486232418770558,219806351.80049428,21553907.66431546
2019-10-04 00:00:00 UTC,0.003430814912032636,217073693.58390835,27040140.629212435
2019-10-05 00:00:00 UTC,0.0034333244721434005,216458584.8523824,27362836.32366549
2019-10-06 00:00:00 UTC,0.00341393820535941,214859616.76267922,33264332.8206123
2019-10-07 00:00:00 UTC,0.0033514631075488807,211244160.4359842,32406250.78076366
2019-10-08 00:00:00 UTC,0.0034639858580672016,218520031.69198802,48570314.422797784
2019-10-09 00:00:00 UTC,0.0035823697196452767,225754822.36738718,45876281.12987159
2019-10-10 00:00:00 UTC,0.0037971714556972996,239329365.53940043,46250154.52350872
2019-10-11 00:00:00 UTC,0.0037425527714661138,235894710.07900518,37602679.51480887
2019-10-12 00:00:00 UTC,0.0036336528455584226,228937584.84071636,52619423.767786436
2019-10-13 00:00:00 UTC,0.003680259079225378,231980567.5302483,27802602.539146014
2019-10-14 00:00:00 UTC,0.0035839693945555217,225713853.93073118,26208038.64385152
2019-10-15 00:00:00 UTC,0.0036405663186752507,229389914.14091802,65087910.00035952
2019-10-16 00:00:00 UTC,0.0034494454062724608,217175916.84357014,29613115.629965715
2019-10-17 00:00:00 UTC,0.003346335529411032,211037602.06899542,88783941.90843661
2019-10-18 00:00:00 UTC,0.003443729949470914,216930162.0570146,43430359.61763687
2019-10-19 00:00:00 UTC,0.003372988219766846,212732221.57232013,28141354.05693035
2019-10-20 00:00:00 UTC,0.003329185365803855,209772985.7643224,27315123.129983526
2019-10-21 00:00:00 UTC,0.00336904156936864,212123739.57103226,93646069.33702941
2019-10-22 00:00:00 UTC,0.003338281109722432,210244363.651881,73216554.36183791
2019-10-23 00:00:00 UTC,0.0032847612654226194,207072173.79688203,92931867.68918626
2019-10-24 00:00:00 UTC,0.003000513003078016,189123624.48054326,35747123.296274416
2019-10-25 00:00:00 UTC,0.0029952460612819327,188779729.75097197,31750245.687139805
2019-10-26 00:00:00 UTC,0.0033694278051820768,212200263.03298646,47668007.45185406
2019-10-27 00:00:00 UTC,0.003357875464659772,211688491.67205206,39438642.66942005
2019-10-28 00:00:00 UTC,0.004085146067148775,257839405.17628312,60691951.04780181
2019-10-29 00:00:00 UTC,0.0038407078192452824,242504065.8401843,77169091.56114168
2019-10-30 00:00:00 UTC,0.004170826170945465,262888966.55949694,66308731.62343489
2019-10-31 00:00:00 UTC,0.0041154013912803565,259426730.0726298,55072300.494843654
2019-11-01 00:00:00 UTC,0.0040988800870581064,258965740.89032713,42694444.890097044
2019-11-02 00:00:00 UTC,0.003979461890644464,250839035.7149416,38193631.029158354
2019-11-03 00:00:00 UTC,0.004205272709839827,265357930.99217725,41494600.85332497
2019-11-04 00:00:00 UTC,0.004262128387637233,268729265.6508852,107055967.08828953
2019-11-05 00:00:00 UTC,0.004381981506373165,276337070.02799505,50194320.23251619
2019-11-06 00:00:00 UTC,0.004853017319184862,305887767.90154326,65772792.35011275
2019-11-07 00:00:00 UTC,0.0052083396130157816,327789697.2686535,76101437.75746717
2019-11-08 00:00:00 UTC,0.005543594984450712,348869434.1417016,93128901.37791252
2019-11-09 00:00:00 UTC,0.00534662334455746,336943565.0104565,73225336.79451306
2019-11-10 00:00:00 UTC,0.005142129166939146,324137401.24453336,55751133.844597906
2019-11-11 00:00:00 UTC,0.005685817610060956,358376843.9834913,68560971.10433388
2019-11-12 00:00:00 UTC,0.005980441710715317,375896626.97765684,92914932.71995223
2019-11-13 00:00:00 UTC,0.006503665034505902,409731699.7534176,106310832.0747859
2019-11-14 00:00:00 UTC,0.0062879598865623505,395451202.9422227,79659159.7782348
2019-11-15 00:00:00 UTC,0.007201020418386992,456040197.0318767,143190967.88564986
2019-11-16 00:00:00 UTC,0.007644220212806199,480391854.7095477,204124001.32710773
2019-11-17 00:00:00 UTC,0.0073215273613650034,461923641.5479866,139818987.4623095
2019-11-18 00:00:00 UTC,0.007612879602336283,476720298.632305,105566166.86643384
2019-11-19 00:00:00 UTC,0.007444470886663102,470548296.809391,130918546.82820585
2019-11-20 00:00:00 UTC,0.0069456700927054285,437788571.8312307,116485395.55063237
2019-11-21 00:00:00 UTC,0.006227302887899957,392977347.6539025,123662944.18911256
2019-11-22 00:00:00 UTC,0.00578719180080826,364263728.44514054,98479922.32325462
2019-11-23 00:00:00 UTC,0.0052782197365682185,332181077.1142869,125814998.13662258
2019-11-24 00:00:00 UTC,0.005684250001793887,358046212.9434109,109846494.39804003
2019-11-25 00:00:00 UTC,0.005266572991834527,336438065.78319144,118532177.08953506
2019-11-26 00:00:00 UTC,0.005847940433400438,367103765.83201855,110055136.92645337
2019-11-27 00:00:00 UTC,0.006283129639870906,394960219.4774642,109481481.50119762
2019-11-28 00:00:00 UTC,0.0064903483208724995,409812691.340057,121950907.35473995
2019-11-29 00:00:00 UTC,0.0063682236601981515,402821623.3402559,78506390.86669795
2019-11-30 00:00:00 UTC,0.006450010322191251,406863106.484364,73840435.18984339
2019-12-01 00:00:00 UTC,0.006102693812170054,383488218.8534932,67913612.85594036
2019-12-02 00:00:00 UTC,0.006968200750572795,438837712.7605978,148208283.00094485
2019-12-03 00:00:00 UTC,0.007363751840643491,463469955.4847184,211682932.6081309
2019-12-04 00:00:00 UTC,0.00702940332154231,442902842.27236944,147553460.20696026
2019-12-05 00:00:00 UTC,0.006929633812969744,436373630.1145163,139735975.15261775
2019-12-06 00:00:00 UTC,0.006875893924160958,433546260.8838103,107504941.11015752
2019-12-07 00:00:00 UTC,0.006940509173054556,436421793.8079671,95270696.65438452
2019-12-08 00:00:00 UTC,0.006840999536944995,434763980.7051549,79227405.31408954
2019-12-09 00:00:00 UTC,0.007098773296531069,447591637.27237576,90994672.54963374
2019-12-10 00:00:00 UTC,0.006852253633331082,431900492.237877,101412192.28178695
2019-12-11 00:00:00 UTC,0.006274794938676775,395989933.41762465,114963174.79196058
2019-12-12 00:00:00 UTC,0.006057590834069097,381812554.381214,79650078.337961
2019-12-13 00:00:00 UTC,0.006192863678183049,390616654.15597004,84824320.49736728
2019-12-14 00:00:00 UTC,0.0058943265904329075,371573741.13611245,117318549.57969604
2019-12-15 00:00:00 UTC,0.00546845832166768,344226096.7131056,77698839.19870004
2019-12-16 00:00:00 UTC,0.00554250616383274,349720409.881829,75687268.81990156
2019-12-17 00:00:00 UTC,0.005088147188843747,321193427.396712,63256917.20481848
2019-12-18 00:00:00 UTC,0.004671235367688681,294911361.3368964,71972245.14947836
2019-12-19 00:00:00 UTC,0.005305602011708918,334414375.6338731,93145525.85243264
2019-12-20 00:00:00 UTC,0.005062616824966959,318371938.9996445,68955489.56189072
2019-12-21 00:00:00 UTC,0.005383520281259887,339210249.1804757,84560514.56970862
2019-12-22 00:00:00 UTC,0.005320596224063983,334936824.94907826,65246221.20429468
2019-12-23 00:00:00 UTC,0.005535338995857627,348660276.88154227,68887947.33306824
2019-12-24 00:00:00 UTC,0.005837863473149418,367832529.93258125,103103206.66667439
2019-12-25 00:00:00 UTC,0.005975396497045025,375848719.99690044,109700433.54364014
2019-12-26 00:00:00 UTC,0.005857361894291248,368611196.0224487,96338077.12649582
2019-12-27 00:00:00 UTC,0.005506115224158322,347492474.8453258,105760955.74304217
2019-12-28 00:00:00 UTC,0.005668198039121287,357190585.7556513,104050869.47592992
2019-12-29 00:00:00 UTC,0.0056776954901938265,358495792.4272446,99402444.7916623
2019-12-30 00:00:00 UTC,0.005584723822300907,351474736.10365117,99864958.03327753
2019-12-31 00:00:00 UTC,0.005417338420625442,343853347.43744487,91142835.22421966
2020-01-01 00:00:00 UTC,0.005244196050935622,332400664.357811,85781446.44835854
2020-01-02 00:00:00 UTC,0.005358163378092741,339911554.674505,80029775.98408672
2020-01-03 00:00:00 UTC,0.005098378939431699,323017719.0348181,73591414.0453199
2020-01-04 00:00:00 UTC,0.005308888700613441,337757432.8645394,82201584.82659328
2020-01-05 00:00:00 UTC,0.005605171925175717,355235518.00622064,74633524.63081509
2020-01-06 00:00:00 UTC,0.005472563117512122,346986856.0440927,76562477.27835427
2020-01-07 00:00:00 UTC,0.005707264236774704,362100763.5030821,89513192.42837542
2020-01-08 00:00:00 UTC,0.005589521281900138,356111650.25959826,85235394.46968368
2020-01-09 00:00:00 UTC,0.00546733042437646,348186219.6527784,94343984.15847106
2020-01-10 00:00:00 UTC,0.005318190918670065,337283624.8106089,110482344.51837106
2020-01-11 00:00:00 UTC,0.00547492189291126,342423100.4085771,159353365.42484528
2020-01-12 00:00:00 UTC,0.005472335480382033,344257024.0796391,202915641.19907078
2020-01-13 00:00:00 UTC,0.005522116153946763,345475835.79531837,118380657.94449043
2020-01-14 00:00:00 UTC,0.005418322820764575,339835158.23609746,94526747.17246008
2020-01-15 00:00:00 UTC,0.00593485542547927,370374951.5827981,162944831.3025859
2020-01-16 00:00:00 UTC,0.006007729619902715,374405290.4521091,165622498.12271467
2020-01-17 00:00:00 UTC,0.005896401350695048,369088390.09956944,133260886.98497267
2020-01-18 00:00:00 UTC,0.0062091134830590455,387794221.6997608,165554009.44152877
2020-01-19 00:00:00 UTC,0.0062646205043226846,392824149.3588704,169918544.8669661
2020-01-20 00:00:00 UTC,0.005933954116414289,372452191.7589166,155430578.85480607
2020-01-21 00:00:00 UTC,0.005848614362714918,367118061.70949554,138168485.14357978
2020-01-22 00:00:00 UTC,0.005943079615822356,372354870.1917911,131047733.14874506
2020-01-23 00:00:00 UTC,0.005863090830860214,366573147.34667045,115748147.58364609
2020-01-24 00:00:00 UTC,0.005612104979321776,351835328.7160297,129647071.79195897
2020-01-25 00:00:00 UTC,0.005574375827267056,351158371.2072476,122254821.89039172
2020-01-26 00:00:00 UTC,0.0055803830581288155,350166803.55882394,106728558.21899912
2020-01-27 00:00:00 UTC,0.005721845281615472,358592487.0076657,113221782.03048044
2020-01-28 00:00:00 UTC,0.00577636234110768,363401973.63051105,128558756.03670128
2020-01-29 00:00:00 UTC,0.005895579764465652,370774432.1520199,140747583.7705715
2020-01-30 00:00:00 UTC,0.0057285735036967265,362004176.18745345,140336786.31137916
2020-01-31 00:00:00 UTC,0.005725660583759309,358392277.15042204,150913637.04131344
2020-02-01 00:00:00 UTC,0.005643087286390534,355195993.9604113,146949743.04518387
2020-02-02 00:00:00 UTC,0.005905954737755137,368506412.60558563,170761847.06738725
2020-02-03 00:00:00 UTC,0.006140491486926204,385382431.5865648,172656923.64638472
2020-02-04 00:00:00 UTC,0.006245122935299912,391721177.22288406,160026941.7280431
2020-02-05 00:00:00 UTC,0.006441591978802341,404498056.53347766,75497737.30009575
2020-02-06 00:00:00 UTC,0.00642849157604888,403803482.33682865,76274250.31690985
2020-02-07 00:00:00 UTC,0.006740042973068229,422342925.8253893,75668777.08564875
2020-02-08 00:00:00 UTC,0.006798275620808602,425568476.11130255,70141517.46917608
2020-02-09 00:00:00 UTC,0.006752445288981913,423609581.74527365,51023667.98057717
2020-02-10 00:00:00 UTC,0.006791145701968854,425665352.52172834,61559051.01895102
2020-02-11 00:00:00 UTC,0.0065315254911959015,409385067.466486,69027551.80284005
2020-02-12 00:00:00 UTC,0.007214334212111142,451673938.9969518,183605095.3059512
2020-02-13 00:00:00 UTC,0.007536174104110609,470833687.99760044,208705268.81259122
2020-02-14 00:00:00 UTC,0.007833056611473689,490383954.5598373,203323293.2856407
2020-02-15 00:00:00 UTC,0.008255199566729618,517305259.7718134,211886489.13393676
2020-02-16 00:00:00 UTC,0.007662375832715793,481146557.50543356,194254701.8180671
2020-02-17 00:00:00 UTC,0.007243728405246275,455451231.6253999,177294009.29153216
2020-02-18 00:00:00 UTC,0.006841368906169819,426471960.03289574,165984833.8340613
2020-02-19 00:00:00 UTC,0.007063196805395794,443820717.62903,164609589.60535792
2020-02-20 00:00:00 UTC,0.006622857510028987,416690414.76921755,153405651.1442714
2020-02-21 00:00:00 UTC,0.006504915439917351,407186090.0727372,190096861.25718376
2020-02-22 00:00:00 UTC,0.006572452487208802,414114230.266089,195588738.40489966
2020-02-23 00:00:00 UTC,0.0065947220697753235,413487362.1692055,201947716.634728
2020-02-24 00:00:00 UTC,0.006861559531300888,429145316.9412198,202255587.02531624
2020-02-25 00:00:00 UTC,0.006706964145932072,420127370.40531117,228400272.20174453
2020-02-26 00:00:00 UTC,0.006389573454690936,400640038.8666654,207666131.53597242
2020-02-27 00:00:00 UTC,0.005735225751359326,359918463.69640356,216028616.35099807
2020-02-28 00:00:00 UTC,0.005675852726340831,355814458.143076,206043022.33663774
2020-02-29 00:00:00 UTC,0.005754437430557357,361905472.3831617,194008024.1216292
2020-03-01 00:00:00 UTC,0.005627415146396544,354385628.90766513,174200331.87563097
2020-03-02 00:00:00 UTC,0.005542051964253634,348636782.0514109,175783224.77914253
2020-03-03 00:00:00 UTC,0.0057267736564320685,358881299.7041043,180605050.87835306
2020-03-04 00:00:00 UTC,0.0057590941393959065,361182575.02234447,176391675.40992227
2020-03-05 00:00:00 UTC,0.00592377592589357,371788050.84019107,171548025.46469074
2020-03-06 00:00:00 UTC,0.006191561966219339,388167226.9633575,137128630.32573745
2020-03-07 00:00:00 UTC,0.006143541417859481,385360380.85785156,127868430.22942595
2020-03-08 00:00:00 UTC,0.0058645369005539206,366502850.07380265,139760328.95164606
2020-03-09 00:00:00 UTC,0.004916088188005392,313915940.1593411,144012473.97993594
2020-03-10 00:00:00 UTC,0.0046655704258300856,293401256.5152743,171700763.0712238
2020-03-11 00:00:00 UTC,0.004680354679761048,295236095.2843496,131437863.03459257
2020-03-12 00:00:00 UTC,0.004546039259638122,284928827.14879954,118679524.2058229
2020-03-13 00:00:00 UTC,0.002472700827704787,153704812.4365112,105815767.64011993
2020-03-14 00:00:00 UTC,0.0027201589967590996,169527123.00336573,114308200.96395926
2020-03-15 00:00:00 UTC,0.0025624591199622966,160747064.6858722,73729347.19876863
2020-03-16 00:00:00 UTC,0.002569091074347758,163915367.71492893,68796085.71392009
2020-03-17 00:00:00 UTC,0.002319609582031264,146427838.37033984,93825939.04378003
2020-03-18 00:00:00 UTC,0.002469780385331578,157080738.72818843,88359481.04825766
2020-03-19 00:00:00 UTC,0.002511527019727093,157837329.39354473,73635201.8403534
2020-03-20 00:00:00 UTC,0.002901745895262951,181804473.22946608,106103538.62813623
2020-03-21 00:00:00 UTC,0.002894169012299096,180422009.9351949,101492771.76882152
2020-03-22 00:00:00 UTC,0.002839522455666556,177430089.70774305,69848175.32509594
2020-03-23 00:00:00 UTC,0.0026648806250475407,165975094.69734716,73079373.38653083
2020-03-24 00:00:00 UTC,0.002859770314316779,178725117.46171424,93738412.33539994
2020-03-25 00:00:00 UTC,0.003023759225894123,191122523.16705588,100074528.84544791
2020-03-26 00:00:00 UTC,0.003060277435841498,191635668.00156218,97470833.68967526
2020-03-27 00:00:00 UTC,0.0030672024968505392,193617269.24505112,89562739.71991962
2020-03-28 00:00:00 UTC,0.0029870149163420913,192209622.00259313,114853358.22110964
2020-03-29 00:00:00 UTC,0.0029824293983800893,195049673.24309433,85072367.86450598
2020-03-30 00:00:00 UTC,0.0027767000410184473,178775410.83067265,69895359.10079722
2020-03-31 00:00:00 UTC,0.0029630367822193185,190892141.2434782,99706124.2082976
2020-04-01 00:00:00 UTC,0.0030605792120370415,197174439.08413795,117213766.31371106
2020-04-02 00:00:00 UTC,0.0031829020938196288,204944976.07697284,95087337.46479706
2020-04-03 00:00:00 UTC,0.003237692925245892,207247998.55544847,93671684.16552077
2020-04-04 00:00:00 UTC,0.003227486542737699,207788387.25342658,84439521.47764286
2020-04-05 00:00:00 UTC,0.0032748197269747213,210377435.9393759,91155874.92970178
2020-04-06 00:00:00 UTC,0.003232613330432369,208394361.91840497,86659157.94587009
2020-04-07 00:00:00 UTC,0.003576482920724001,230255246.70603698,128548220.81794247
2020-04-08 00:00:00 UTC,0.003799050115529895,245555668.8426837,228206914.2938206
2020-04-09 00:00:00 UTC,0.0039552175680772845,256342625.89486328,141248706.29177457
2020-04-10 00:00:00 UTC,0.0038916355919075833,250748551.7523131,116570851.67489396
2020-04-11 00:00:00 UTC,0.003607484238216966,232427503.1296753,118365369.26472087
2020-04-12 00:00:00 UTC,0.003640400923052549,234608496.6138783,115568068.06219344
2020-04-13 00:00:00 UTC,0.003690022137501034,240774553.6207879,105663304.22566785
2020-04-14 00:00:00 UTC,0.0036385286182941527,234090271.19143876,110845908.72629322
2020-04-15 00:00:00 UTC,0.0036413058164057378,235028511.41587022,107333719.57323068
2020-04-16 00:00:00 UTC,0.003623989888328664,234525396.38719442,138329822.5768989
2020-04-17 00:00:00 UTC,0.0038015453114554135,244923640.78561643,169462712.75007826
2020-04-18 00:00:00 UTC,0.0037937229453066158,245810177.6454425,123339235.3785396
2020-04-19 00:00:00 UTC,0.00392990756904585,253098152.6952359,126624043.4747644
2020-04-20 00:00:00 UTC,0.003911518243785062,252646671.84908938,130427808.69612262
2020-04-21 00:00:00 UTC,0.0037219926967597666,240934826.95567217,154315407.9159307
2020-04-22 00:00:00 UTC,0.003666574659121152,236783434.68364194,124084635.90077257
2020-04-23 00:00:00 UTC,0.003822382611512265,247808014.1163979,107610766.19514011
2020-04-24 00:00:00 UTC,0.0039310294872893885,253793441.87511396,135014242.15219644
2020-04-25 00:00:00 UTC,0.004024775022911722,259143182.3351163,160266371.88469368
2020-04-26 00:00:00 UTC,0.004153353508871897,267354341.06277138,167373910.13154557
2020-04-27 00:00:00 UTC,0.00437774931285655,282362227.6429523,175461213.370277
2020-04-28 00:00:00 UTC,0.004445538474086317,286205353.48727363,180969901.81928387
2020-04-29 00:00:00 UTC,0.0043283052157154,279208497.9470135,166148181.89695272
2020-04-30 00:00:00 UTC,0.004801068066026669,308720634.44152814,217909189.13184917
2020-05-01 00:00:00 UTC,0.004524951577470129,291781121.7774511,219179975.7570756
2020-05-02 00:00:00 UTC,0.004448021014713095,287294374.7786891,181734565.48834696
2020-05-03 00:00:00 UTC,0.004505951881498211,290420299.61839736,177854824.04758552
2020-05-04 00:00:00 UTC,0.004415756035875515,284482688.6491425,192588304.91434947
2020-05-05 00:00:00 UTC,0.004383805207804811,282673950.1693018,215339654.619056
2020-05-06 00:00:00 UTC,0.004468955933240831,286705695.88780916,202761283.69159535
2020-05-07 00:00:00 UTC,0.004383073780922618,285447015.86639243,215055792.6548982
2020-05-08 00:00:00 UTC,0.0045870824710183425,296522986.9766205,215338973.7732967
2020-05-09 00:00:00 UTC,0.004586922212104576,295973646.00292844,216773930.69854528
2020-05-10 00:00:00 UTC,0.004607523518206684,296874911.3102349,204514837.43112758
2020-05-11 00:00:00 UTC,0.004173136648961945,268739510.76079917,213376278.0520621
2020-05-12 00:00:00 UTC,0.004115316475592536,265793065.10113057,195551071.36509693
2020-05-13 00:00:00 UTC,0.004223349917743247,271891309.96342725,188867670.19297108
2020-05-14 00:00:00 UTC,0.00447457536444634,288402251.87760246,184028228.32076952
2020-05-15 00:00:00 UTC,0.004613185191782828,298137456.21460724,194296824.56982166
2020-05-16 00:00:00 UTC,0.004311185165263966,278293132.6873685,167390300.23876894
2020-05-17 00:00:00 UTC,0.004422849196430682,285639622.77217054,167867918.55472004
2020-05-18 00:00:00 UTC,0.004528943052543809,291616978.6781146,174997427.2188411
2020-05-19 00:00:00 UTC,0.004450289413315528,286390288.9257303,179707641.81990325
2020-05-20 00:00:00 UTC,0.004507574875582543,289902970.69752485,170395756.134613
2020-05-21 00:00:00 UTC,0.004450000286232777,286686358.87983084,163893885.56851155
2020-05-22 00:00:00 UTC,0.004268463826455979,275440162.32478756,165750716.12265697
2020-05-23 00:00:00 UTC,0.004469229872987832,288534399.6387237,160661190.39218515
2020-05-24 00:00:00 UTC,0.004628394753409478,298251234.6359145,151919857.35555053
2020-05-25 00:00:00 UTC,0.004426288149799163,285158730.6510315,146939316.62431535
2020-05-26 00:00:00 UTC,0.0047821693214915115,307784485.4875171,195830362.0046733
2020-05-27 00:00:00 UTC,0.004974681835380109,320509959.3846597,166286868.3279993
2020-05-28 00:00:00 UTC,0.004989206337873431,321618986.5438235,155313565.50248832
2020-05-29 00:00:00 UTC,0.005251730515080334,338327151.1900154,197081907.10551366
2020-05-30 00:00:00 UTC,0.005482424053025697,352220726.83978474,182393452.78225887
2020-05-31 00:00:00 UTC,0.005912176737902278,379289227.8748281,203868125.57624188
2020-06-01 00:00:00 UTC,0.006178292115413853,395762208.7347263,238984360.91476822
2020-06-02 00:00:00 UTC,0.006678370875225301,430982338.4837879,233535666.5305791
2020-06-03 00:00:00 UTC,0.006755257522800287,433159965.1125982,258726579.55708694
2020-06-04 00:00:00 UTC,0.007234459911212068,466072098.20278233,231741034.72513443
2020-06-05 00:00:00 UTC,0.006989066138947311,450216158.7007377,203718224.037153
2020-06-06 00:00:00 UTC,0.006708201128858711,432168456.7562466,190121355.489457
2020-06-07 00:00:00 UTC,0.007303881693074564,470544519.9081655,213749049.15455085
2020-06-08 00:00:00 UTC,0.007218306307493728,465088822.18252224,213213610.1308538
2020-06-09 00:00:00 UTC,0.007790247026527687,501329457.8020784,227800256.59472707
2020-06-10 00:00:00 UTC,0.00819090887425465,527940536.64605606,235085942.23047382
2020-06-11 00:00:00 UTC,0.009004680032074129,579833595.4693352,294712125.69623536
2020-06-12 00:00:00 UTC,0.00891064500563053,569988802.7187452,474441485.806968
2020-06-13 00:00:00 UTC,0.009726085351903772,624725095.4103676,346819692.8275387
2020-06-14 00:00:00 UTC,0.009564012628620385,613553563.556144,252331343.5754291
2020-06-15 00:00:00 UTC,0.008647911253226682,559004502.1465065,261576990.18761665
2020-06-16 00:00:00 UTC,0.009078914266774043,585733791.9325913,320827379.61571676
2020-06-17 00:00:00 UTC,0.009047247290589344,582208951.3311429,258560426.3379299
2020-06-18 00:00:00 UTC,0.009000114299452777,580908978.4884146,238927123.15548384
2020-06-19 00:00:00 UTC,0.008664754069463817,559195684.9130267,213553406.99091002
2020-06-20 00:00:00 UTC,0.008342635764384054,536354422.2544974,204755449.18253732
2020-06-21 00:00:00 UTC,0.008307149939065176,535123276.0900544,197490052.44513884
2020-06-22 00:00:00 UTC,0.008590359430867408,553335085.1947703,216788054.5504304
2020-06-23 00:00:00 UTC,0.009265921928902052,596357984.1175505,237697141.43184203
2020-06-24 00:00:00 UTC,0.008905105418352306,573701591.8238822,215495911.36865658
2020-06-25 00:00:00 UTC,0.008977519988899394,579541418.347974,206134418.81153375
2020-06-26 00:00:00 UTC,0.008923865484820106,575644902.6444418,211690660.99762386
2020-06-27 00:00:00 UTC,0.008933338638913296,575155764.4252366,196835584.12152258
2020-06-28 00:00:00 UTC,0.008602691246131049,554218892.4236163,202212108.30266947
2020-06-29 00:00:00 UTC,0.00867459898041588,558839339.7424166,200304019.81832963
2020-06-30 00:00:00 UTC,0.008687594892935387,560421507.7288615,200371202.97299063
2020-07-01 00:00:00 UTC,0.008843729273172968,569825286.9444628,180715131.23081392
2020-07-02 00:00:00 UTC,0.009396604870412049,604741971.3948374,246388390.77215147
2020-07-03 00:00:00 UTC,0.009569216380334493,614796772.2218493,181154304.52425057
2020-07-04 00:00:00 UTC,0.010225868217193438,658067372.154968,175024093.70042804
2020-07-05 00:00:00 UTC,0.012483449852295792,799251150.3453386,312147532.37915736
2020-07-06 00:00:00 UTC,0.014362787884186531,924931870.8049847,789885947.0702269
2020-07-07 00:00:00 UTC,0.014464904951299845,930318708.0338928,457956266.8496365
2020-07-08 00:00:00 UTC,0.017366824839074202,1116323529.977003,403102011.40758365
2020-07-09 00:00:00 UTC,0.01995689719073186,1263400596.4720936,828882661.0159031
2020-07-10 00:00:00 UTC,0.018249084942954994,1173700427.6274223,499922236.3207518
2020-07-11 00:00:00 UTC,0.01713686621895858,1104633621.6679146,508605299.98772895
2020-07-12 00:00:00 UTC,0.018527421272703543,1200760388.9443357,297896849.3695042
2020-07-13 00:00:00 UTC,0.018141176637207858,1161191536.415444,207555549.73374856
2020-07-14 00:00:00 UTC,0.018435438554942896,1185685867.706409,350605549.3994149
2020-07-15 00:00:00 UTC,0.018463245701057673,1191012636.4311895,217649787.20209074
2020-07-16 00:00:00 UTC,0.01900515264989376,1222327358.4419396,238782924.8417299
2020-07-17 00:00:00 UTC,0.01803649122570853,1157959739.3276348,233433963.23387387
2020-07-18 00:00:00 UTC,0.018267233847707905,1169988297.8593476,175005325.62030247
2020-07-19 00:00:00 UTC,0.01816197438853054,1168097862.0577822,150440929.6162864
2020-07-20 00:00:00 UTC,0.018043898735375735,1161166963.9245884,153921115.57791576
2020-07-21 00:00:00 UTC,0.0161663435259949,1039747711.6767467,197523801.99847806
2020-07-22 00:00:00 UTC,0.017530696237491376,1128129751.7392774,232163503.70547166
2020-07-23 00:00:00 UTC,0.017508667608814952,1119883993.4715707,148653982.1397601
2020-07-24 00:00:00 UTC,0.017327039114889545,1115736422.128869,138141248.96191147
2020-07-25 00:00:00 UTC,0.01699171955445426,1095602077.8125472,119189494.3847522
2020-07-26 00:00:00 UTC,0.01819127963884702,1166739251.0732713,168145972.61684674
2020-07-27 00:00:00 UTC,0.017543182718220703,1128654383.5631816,159483695.89201972
2020-07-28 00:00:00 UTC,0.015572462720583744,1001551925.0140359,253576478.99295282
2020-07-29 00:00:00 UTC,0.015904425271024158,1022893251.9306421,183100326.9680642
2020-07-30 00:00:00 UTC,0.01559517869862323,1003012916.2485151,148993956.2120371
2020-07-31 00:00:00 UTC,0.0173237082184629,1115510632.2295926,201825288.98229855
2020-08-01 00:00:00 UTC,0.01725954401557045,1112643723.480192,238161781.9020832
2020-08-02 00:00:00 UTC,0.017321449591634216,1115138018.525256,161405372.61410534
2020-08-03 00:00:00 UTC,0.01616754552064838,1038893822.4189806,169304921.90579113
2020-08-04 00:00:00 UTC,0.016682403239184723,1069883186.5033638,122718647.86825675
2020-08-05 00:00:00 UTC,0.018671478104013182,1198348720.9293835,202451267.4881997
2020-08-06 00:00:00 UTC,0.01880617369599743,1209529912.2134295,218611462.45460856
2020-08-07 00:00:00 UTC,0.01973379800435026,1265197720.7281132,231204291.65812644
2020-08-08 00:00:00 UTC,0.018683101109628567,1201209759.5854814,212474921.80062994
2020-08-09 00:00:00 UTC,0.020668589702574618,1322167449.8158576,211551869.4983813
2020-08-10 00:00:00 UTC,0.021836398717141617,1403011086.640685,292094838.9605563
2020-08-11 00:00:00 UTC,0.021423742652853565,1384692747.0143402,280381425.13861954
2020-08-12 00:00:00 UTC,0.01999908464500055,1291697021.8050332,221373660.31073254
2020-08-13 00:00:00 UTC,0.02046503575545984,1313278900.0283203,206628873.19349432
2020-08-14 00:00:00 UTC,0.01958882490731337,1256647768.4692528,199221653.09737307
2020-08-15 00:00:00 UTC,0.02049632841203166,1316074957.0146034,215648181.54733804
2020-08-16 00:00:00 UTC,0.01955803860519997,1255730807.3172934,166425888.37314975
2020-08-17 00:00:00 UTC,0.019786051667455756,1272440849.953676,161875520.07970533
2020-08-18 00:00:00 UTC,0.02001841022837522,1286608240.161661,219837836.9898446
2020-08-19 00:00:00 UTC,0.01910420503585794,1230101962.4517126,196443692.86175105
2020-08-20 00:00:00 UTC,0.017845214395777513,1147725260.3568397,202723502.69926536
2020-08-21 00:00:00 UTC,0.01936664033205538,1242663799.9592237,175478891.0309668
2020-08-22 00:00:00 UTC,0.01791739592440243,1153007013.025474,179086397.7341269
2020-08-23 00:00:00 UTC,0.01829459809542295,1176627632.2889874,150214237.29454714
2020-08-24 00:00:00 UTC,0.017887369905294114,1149890098.0740142,119082678.91893916
2020-08-25 00:00:00 UTC,0.01816163003094833,1167759873.921748,124489064.82592566
2020-08-26 00:00:00 UTC,0.01691605056481161,1088183376.263048,142174838.94476715
2020-08-27 00:00:00 UTC,0.017114397749196725,1099634274.5464034,132605792.42363885
2020-08-28 00:00:00 UTC,0.01590790043041734,1023125794.8658527,131427116.84018971
2020-08-29 00:00:00 UTC,0.016316225023340396,1049721215.6120101,105268952.32723315
2020-08-30 00:00:00 UTC,0.016897931513529224,1087499303.966812,109644301.5044809
2020-08-31 00:00:00 UTC,0.017126195599256575,1096697441.618827,110119512.75418264
2020-09-01 00:00:00 UTC,0.017433687031298165,1123943165.4466352,205194610.02382255
2020-09-02 00:00:00 UTC,0.016991644251234245,1106477436.5239792,155694101.43897888
2020-09-03 00:00:00 UTC,0.01595295878864442,1032042959.7205358,153277437.0073819
2020-09-04 00:00:00 UTC,0.012338086047001071,793107055.3339683,187998454.561512
2020-09-05 00:00:00 UTC,0.01441065511515505,926829598.5206813,261591931.70728987
2020-09-06 00:00:00 UTC,0.012146553291561705,777213645.5671372,206629446.87799782
2020-09-07 00:00:00 UTC,0.012378918662598559,798149392.4195895,161397298.80350196
2020-09-08 00:00:00 UTC,0.01218463063827863,783476607.5894303,156511145.39747736
2020-09-09 00:00:00 UTC,0.012154723099540247,780778737.5583439,155269696.57072654
2020-09-10 00:00:00 UTC,0.012840796393446898,825952759.240885,132241676.70891424
2020-09-11 00:00:00 UTC,0.012961230628780941,833560256.4039707,127709143.49082585
2020-09-12 00:00:00 UTC,0.013263077690108878,853895376.3674886,123452781.1275803
2020-09-13 00:00:00 UTC,0.013405155167010971,853959716.0214145,103039707.26074652
2020-09-14 00:00:00 UTC,0.012770549535404203,819740269.04583,124355573.1416782
2020-09-15 00:00:00 UTC,0.012846210962201727,824329736.9373698,122383886.36333977
2020-09-16 00:00:00 UTC,0.012602926210949742,809835125.4449376,111415884.81682214
2020-09-17 00:00:00 UTC,0.012457257821192783,801855480.4331347,113742675.80407779
2020-09-18 00:00:00 UTC,0.013486869119737588,868119232.4300363,124291712.54356058
2020-09-19 00:00:00 UTC,0.014281996742130525,914750410.0539604,169117858.9251322
2020-09-20 00:00:00 UTC,0.015270535814737935,986966509.0263577,146655090.91475353
2020-09-21 00:00:00 UTC,0.014446701182731591,925209989.6685561,133025299.94139424
2020-09-22 00:00:00 UTC,0.012634983158293181,817133260.6384829,162765301.98703188
2020-09-23 00:00:00 UTC,0.012337828708404164,788725337.2245301,118943060.67892009
2020-09-24 00:00:00 UTC,0.011361386743813373,732930462.500033,135636780.97036415
2020-09-25 00:00:00 UTC,0.012386069125671764,796383911.6718901,133816467.00632612
2020-09-26 00:00:00 UTC,0.012876701330132927,827664203.1439133,139527777.48438612
2020-09-27 00:00:00 UTC,0.012875855506454327,827707026.9299926,108571456.40865307
2020-09-28 00:00:00 UTC,0.012740766221003709,818191423.0755355,102673953.50032881
2020-09-29 00:00:00 UTC,0.012821071658288016,821143456.4053471,134142088.65910494
2020-09-30 00:00:00 UTC,0.013118786718349342,843516393.7925901,149339734.01133576
2020-10-01 00:00:00 UTC,0.013472594568554772,867257145.1629355,129491269.06735924
2020-10-02 00:00:00 UTC,0.012735796646083054,817116068.9912016,119756940.76288871
2020-10-03 00:00:00 UTC,0.011862536078403816,762677901.9397901,132210089.95121762
2020-10-04 00:00:00 UTC,0.011757941453711155,756904573.7814758,97463432.93698615
2020-10-05 00:00:00 UTC,0.01167856183219337,754680740.8326052,102036339.29356676
2020-10-06 00:00:00 UTC,0.011379532478659166,732314281.7339606,105119027.82098858
2020-10-07 00:00:00 UTC,0.010116907579474388,650053931.8002275,124968247.1886982
2020-10-08 00:00:00 UTC,0.011224058858372452,720367688.2347506,140868168.0144723
2020-10-09 00:00:00 UTC,0.01098623219588839,704855465.5789262,132727063.84848262
2020-10-10 00:00:00 UTC,0.011470896986057013,744077056.2545197,124347618.30578183
2020-10-11 00:00:00 UTC,0.011389858558868853,738082978.6984812,109109386.6817028
2020-10-12 00:00:00 UTC,0.011440387446401148,742118296.0311061,99386655.48802333
2020-10-13 00:00:00 UTC,0.011404605404468155,739831778.1441317,124423203.54386048
2020-10-14 00:00:00 UTC,0.011481898660401207,744392497.1235656,91476774.87007995
2020-10-15 00:00:00 UTC,0.011146373943905065,722808200.1531789,101855547.14458098
2020-10-16 00:00:00 UTC,0.010962179982329987,710577446.1438152,87239862.58302414
2020-10-17 00:00:00 UTC,0.010589249407436843,688449138.3505547,89274814.20575793
2020-10-18 00:00:00 UTC,0.01098692299121483,712010131.951843,80635324.93577276
2020-10-19 00:00:00 UTC,0.01163640254767428,754373527.2113051,95672267.58126846
2020-10-20 00:00:00 UTC,0.011403587812697699,739586926.472173,93381470.34393622
2020-10-21 00:00:00 UTC,0.01078605738943346,698660019.7252996,88972214.53525084
2020-10-22 00:00:00 UTC,0.011342678402050138,733942372.3500262,104977883.54338731
2020-10-23 00:00:00 UTC,0.012116777147245593,786695632.3294448,117158447.72102429
2020-10-24 00:00:00 UTC,0.012219385932752402,792795657.4357848,124523288.18902671
2020-10-25 00:00:00 UTC,0.0122762028100786,795945814.304168,95150575.47107422
2020-10-26 00:00:00 UTC,0.0117838936488333,764328050.3056067,88829068.97775967
2020-10-27 00:00:00 UTC,0.011397404740228281,740409306.0662009,99288924.6920399
2020-10-28 00:00:00 UTC,0.011343858122948415,729288593.9762554,94364768.7579188
2020-10-29 00:00:00 UTC,0.010669009968185244,690511816.2517927,83775371.8775865
2020-10-30 00:00:00 UTC,0.010170739149878878,660243497.2296456,83349443.45564339
2020-10-31 00:00:00 UTC,0.010105830324097016,655064175.4153281,86756462.62714255
2020-11-01 00:00:00 UTC,0.009875445935408383,640220869.3281752,72879231.64780839
2020-11-02 00:00:00 UTC,0.010458804855771565,678407680.0087973,85061401.07950675
2020-11-03 00:00:00 UTC,0.010058889363155528,652664593.4629208,81502320.5512035
2020-11-04 00:00:00 UTC,0.009238051801760268,600017820.4495001,94382646.71399474
2020-11-05 00:00:00 UTC,0.009386780004529811,607057651.18521,146311059.58370957
2020-11-06 00:00:00 UTC,0.009725628667336427,631315758.827031,107945236.10561898
2020-11-07 00:00:00 UTC,0.011143676738933104,723393219.976264,121596317.33520879
2020-11-08 00:00:00 UTC,0.010392810640671431,677000143.2519059,142011490.97337404
2020-11-09 00:00:00 UTC,0.011149687062144415,723711649.6115682,93987274.76050597
2020-11-10 00:00:00 UTC,0.011059830050065177,716550665.9202396,101469131.58611892
2020-11-11 00:00:00 UTC,0.011559360945775206,755160879.9406005,108308781.22793467
2020-11-12 00:00:00 UTC,0.011353728638743775,738285377.4062182,85200405.55774671
2020-11-13 00:00:00 UTC,0.01063127788854143,689516102.2551935,111256439.97975926
2020-11-14 00:00:00 UTC,0.01180292898369364,764322877.8062764,126350011.29106404
2020-11-15 00:00:00 UTC,0.011238419454982227,727627924.2648947,106350739.15969579
2020-11-16 00:00:00 UTC,0.011039649567395823,715917642.1971309,79268461.91179976
2020-11-17 00:00:00 UTC,0.011327701161445337,734296408.2624706,88554122.64857143
2020-11-18 00:00:00 UTC,0.012308379677417772,798107093.6734599,137272202.81496638
2020-11-19 00:00:00 UTC,0.011800751792610363,765395716.7502356,115011841.81838192
2020-11-20 00:00:00 UTC,0.011506812577005645,744795670.3668567,92243852.600112
2020-11-21 00:00:00 UTC,0.011971621758311908,776626231.56986,97069012.33924153
2020-11-22 00:00:00 UTC,0.014408879946355375,936402984.3115242,197411785.50672457
2020-11-23 00:00:00 UTC,0.014019169634460909,910149705.4858512,169559268.0333484
2020-11-24 00:00:00 UTC,0.016036043298563327,1038586836.6267824,225272007.55116844
2020-11-25 00:00:00 UTC,0.016069317970531512,1039295971.4269222,298025784.5018343
2020-11-26 00:00:00 UTC,0.016693727685564447,1071846397.4114935,327502189.1713645
2020-11-27 00:00:00 UTC,0.01439916618032922,935715396.5737675,306806793.72236645
2020-11-28 00:00:00 UTC,0.014479800452596314,938190750.3423136,181648049.07555997
2020-11-29 00:00:00 UTC,0.015336851773872135,994906571.1683953,166861552.3709797
2020-11-30 00:00:00 UTC,0.015154079431097802,985624919.8817884,146590816.88758707
2020-12-01 00:00:00 UTC,0.015901138009552583,1032106866.3552887,169258925.43787858
2020-12-02 00:00:00 UTC,0.01476555494116531,958416786.9784927,168873470.4730279
2020-12-03 00:00:00 UTC,0.016582270330566466,1080676303.2876816,193274850.6126757
2020-12-04 00:00:00 UTC,0.01735827112798445,1124983210.0524516,228520932.9756583
2020-12-05 00:00:00 UTC,0.01581694412058603,1024522408.8790615,170736554.67372215
2020-12-06 00:00:00 UTC,0.01748467628067696,1130485045.5220175,177299460.19726446
2020-12-07 00:00:00 UTC,0.017131581819945653,1112134631.6271386,157962283.06037349
2020-12-08 00:00:00 UTC,0.018103905165103903,1169200233.023005,239177195.37279162
2020-12-09 00:00:00 UTC,0.016363747398306254,1064732052.6701107,207442175.91705978
2020-12-10 00:00:00 UTC,0.016812258180492156,1092077004.4686515,197566148.0072973
2020-12-11 00:00:00 UTC,0.01592692482653165,1036229585.3754989,133286198.81885308
2020-12-12 00:00:00 UTC,0.015621925906558635,1016968568.8423196,146271428.40961477
2020-12-13 00:00:00 UTC,0.01650845275156175,1074370137.417083,137913435.8415957
2020-12-14 00:00:00 UTC,0.016425949269796954,1063154595.681909,138087687.56465694
2020-12-15 00:00:00 UTC,0.016338076354637538,1060646565.2544473,126534493.1790305
2020-12-16 00:00:00 UTC,0.016505895804524287,1070402864.4941217,140319289.40483096
2020-12-17 00:00:00 UTC,0.017159547784903605,1110425201.3184054,186587061.65560627
2020-12-18 00:00:00 UTC,0.017078859407595137,1107764273.9786773,211183471.59138554
2020-12-19 00:00:00 UTC,0.017430999426461098,1129255705.821802,151135112.3466405
2020-12-20 00:00:00 UTC,0.01737227290950874,1126386691.3606923,165597452.18380946
2020-12-21 00:00:00 UTC,0.016311103907377625,1056137567.7414542,166823548.97107542
2020-12-22 00:00:00 UTC,0.01558274285556787,1010547857.1690531,159924799.76811507
2020-12-23 00:00:00 UTC,0.01591634062180241,1030640494.3895496,157488748.56109142
2020-12-24 00:00:00 UTC,0.013309811173480452,875647859.0632533,222217495.52981392
2020-12-25 00:00:00 UTC,0.01489337373763116,964403387.6225893,200358442.0855158
2020-12-26 00:00:00 UTC,0.014601781438098328,946593012.0600538,145095059.99166703
2020-12-27 00:00:00 UTC,0.016511298907496152,1078822497.67724,258194752.4234221
2020-12-28 00:00:00 UTC,0.01657731597384529,1086677300.3339508,370632757.57133454
2020-12-29 00:00:00 UTC,0.020192364353416377,1294377933.6266565,408988955.39626443
2020-12-30 00:00:00 UTC,0.02107141307622542,1369336655.989491,585461395.3441807
2020-12-31 00:00:00 UTC,0.02028074230274069,1306915352.0822687,287294857.51997066
2021-01-01 00:00:00 UTC,0.018767322663788652,1214013715.2541873,216768749.22708592
2021-01-02 00:00:00 UTC,0.01906064203812468,1238288367.6136074,232061391.89927092
2021-01-03 00:00:00 UTC,0.0199601859987891,1290080704.009697,307947925.42543626
2021-01-04 00:00:00 UTC,0.026025652481535173,1738746786.2010612,829850738.3268979
2021-01-05 00:00:00 UTC,0.02407963331148975,1545875186.736323,614380146.354366
2021-01-06 00:00:00 UTC,0.027975090190708124,1808113014.568004,643836077.2781259
2021-01-07 00:00:00 UTC,0.03085771480088434,1990893897.9341729,760137928.6794174
2021-01-08 00:00:00 UTC,0.02863677230656606,1848741878.8941903,515565180.8706186
2021-01-09 00:00:00 UTC,0.027434483704993066,1785012252.56956,494346050.7073867
2021-01-10 00:00:00 UTC,0.02908476529501204,1903362137.1724617,395836024.5248119
2021-01-11 00:00:00 UTC,0.027256779223965962,1771051566.3699648,478097105.3732326
2021-01-12 00:00:00 UTC,0.024282543978872684,1566999203.8668633,597932920.5892137
2021-01-13 00:00:00 UTC,0.022772602740159843,1471454495.385305,390645492.2330411
2021-01-14 00:00:00 UTC,0.026123337369878315,1692828132.163427,351888805.2966733
2021-01-15 00:00:00 UTC,0.025610727700899845,1653268583.5752952,321670338.8340209
2021-01-16 00:00:00 UTC,0.025291081504515818,1646390683.5243378,386472867.42752725
2021-01-17 00:00:00 UTC,0.02699408570017398,1753016130.6557825,442231573.0408222
2021-01-18 00:00:00 UTC,0.027174653252055,1780368319.9650764,364385206.7594546
2021-01-19 00:00:00 UTC,0.030523561496534794,1978292731.2349386,499002383.85898465
2021-01-20 00:00:00 UTC,0.029218975783599856,1905931524.3839283,390663366.6350922
2021-01-21 00:00:00 UTC,0.03477698635401316,2250932823.395007,910015376.2154236
2021-01-22 00:00:00 UTC,0.028080497778650834,1848412358.5114048,708287673.2674749
2021-01-23 00:00:00 UTC,0.031435663710980034,2025252499.7388487,545265742.1589893
2021-01-24 00:00:00 UTC,0.030017188340734153,1948716067.6562202,299096276.39184356
2021-01-25 00:00:00 UTC,0.030664906132618797,1991002717.1549795,290619457.87010133
2021-01-26 00:00:00 UTC,0.029913786788428643,1943005702.8092368,322289909.8596895
2021-01-27 00:00:00 UTC,0.029422212344670746,1913499615.3613038,263631940.72280738
2021-01-28 00:00:00 UTC,0.026503694952259883,1709411606.3504171,321635247.51026267
2021-01-29 00:00:00 UTC,0.027516682305342943,1810504210.2945838,286887359.4403693
2021-01-30 00:00:00 UTC,0.027857231820058795,1805935371.022492,469305295.5141907
2021-01-31 00:00:00 UTC,0.026795025225800996,1740431323.240429,294593592.69603074
2021-02-01 00:00:00 UTC,0.025426359906975587,1646343505.1608756,288380642.68285614
2021-02-02 00:00:00 UTC,0.029305848842684223,1911314549.7902915,489432780.6168194
2021-02-03 00:00:00 UTC,0.02809541880604656,1832208666.0497646,340763021.8236189
2021-02-04 00:00:00 UTC,0.029158592881781093,1882471072.7061868,321705940.8129502
2021-02-05 00:00:00 UTC,0.02767576266536502,1806606386.4816287,326525438.2061789
2021-02-06 00:00:00 UTC,0.032021935559362044,2044961725.3336842,427116800.28744143
2021-02-07 00:00:00 UTC,0.029954451015724592,1932650267.1857247,446277763.52435607
2021-02-08 00:00:00 UTC,0.028418614496660898,1848441920.9796371,345701662.61125827
2021-02-09 00:00:00 UTC,0.0315823405036839,2036647954.1966114,472418144.10632277
2021-02-10 00:00:00 UTC,0.03536832715104552,2289775254.0520825,705151026.6136332
2021-02-11 00:00:00 UTC,0.03563828893142482,2316937906.7360716,661780470.8989942
2021-02-12 00:00:00 UTC,0.042583218418618195,2734422934.120934,815059319.7025677
2021-02-13 00:00:00 UTC,0.05480532236546512,3567600228.6937137,1885369356.747609
2021-02-14 00:00:00 UTC,0.054415951035744155,3539270632.2737083,1399290782.2280746
2021-02-15 00:00:00 UTC,0.052546388594821074,3429157174.0141554,846590134.3011261
2021-02-16 00:00:00 UTC,0.05071755223921937,3285834464.8564434,921450037.169778
2021-02-17 00:00:00 UTC,0.04942700848524459,3202149050.1265697,571464056.59497
2021-02-18 00:00:00 UTC,0.05132579594847965,3334990166.951503,654087763.6204515
2021-02-19 00:00:00 UTC,0.05461361783396078,3543884583.1666074,738630463.1315877
2021-02-20 00:00:00 UTC,0.053868438995295385,3485420291.0764527,779912643.4939063
2021-02-21 00:00:00 UTC,0.05392228982590133,3481039815.8609934,1071157885.2546314
2021-02-22 00:00:00 UTC,0.055017982231108306,3566625384.8751373,660375202.3298758
2021-02-23 00:00:00 UTC,0.050419509735274995,3253217240.5610375,964888598.6599501
2021-02-24 00:00:00 UTC,0.04193223662829991,2706993816.7421722,1000599099.1451012
2021-02-25 00:00:00 UTC,0.042938573566261524,2777312497.804676,631376527.6075541
2021-02-26 00:00:00 UTC,0.03945739567977939,2599444671.2390623,469843901.82952344
2021-02-27 00:00:00 UTC,0.03967734632133845,2574440044.4762583,555360573.7074124
2021-02-28 00:00:00 UTC,0.041043960016315294,2654302417.290064,469274618.7151749
2021-03-01 00:00:00 UTC,0.03963941211872402,2594732294.5968275,409883482.67889804
2021-03-02 00:00:00 UTC,0.0457142255098675,2965368762.5743356,483145958.4021728
2021-03-03 00:00:00 UTC,0.043964725886877276,2848965530.510444,432660051.1818442
2021-03-04 00:00:00 UTC,0.0535215345352258,3482830362.995254,678399242.4494321
2021-03-05 00:00:00 UTC,0.05019827431378537,3254115701.9798813,709634125.090049
2021-03-06 00:00:00 UTC,0.05227012097767069,3377571034.5926595,360791796.252569
2021-03-07 00:00:00 UTC,0.053179536071764254,3448716745.2271547,515995566.04848206
2021-03-08 00:00:00 UTC,0.057289119529863756,3713443523.997641,856962457.1245192
2021-03-09 00:00:00 UTC,0.06554255537586674,4249012681.108676,1008651110.564646
2021-03-10 00:00:00 UTC,0.06464382064124702,4191121360.6903353,826063849.6037198
2021-03-11 00:00:00 UTC,0.06150123815130977,4020717597.105122,619741222.4967146
2021-03-12 00:00:00 UTC,0.06751995984153732,4386790439.5155945,827960562.2226744
2021-03-13 00:00:00 UTC,0.06584617770200439,4273271113.9321957,876460841.7113563
2021-03-14 00:00:00 UTC,0.067611388185376,4399468849.354381,661102400.8220464
2021-03-15 00:00:00 UTC,0.0669660165541373,4386510384.053126,591333077.3309383
2021-03-16 00:00:00 UTC,0.07873575504690264,5173533049.633781,1699899854.7953079
2021-03-17 00:00:00 UTC,0.07427810914112766,4779722505.251995,1199440760.072204
2021-03-18 00:00:00 UTC,0.07698679282907603,4995474714.1881695,828744342.8301965
2021-03-19 00:00:00 UTC,0.07752716907444136,5048907792.548063,802604489.1974286
2021-03-20 00:00:00 UTC,0.08123226453934197,5287597177.305168,811642675.4260781
2021-03-21 00:00:00 UTC,0.09019683869178842,5869177405.726551,1210475863.0512097
2021-03-22 00:00:00 UTC,0.09416984529548933,6112684530.173165,1250776945.2882388
2021-03-23 00:00:00 UTC,0.08932271288450222,5847018786.4039755,1398581434.709782
2021-03-24 00:00:00 UTC,0.08345821095234109,5412882664.323703,1168964304.3359802
2021-03-25 00:00:00 UTC,0.08521338841563256,5553317431.172294,1361185772.4425683
2021-03-26 00:00:00 UTC,0.08108392548764114,5276354219.96999,1140570881.4916084
2021-03-27 00:00:00 UTC,0.08988851540673408,5839354654.436098,901910307.2081848
2021-03-28 00:00:00 UTC,0.0891349358565954,5835331137.9432955,975782777.410091
2021-03-29 00:00:00 UTC,0.09108152265124832,5927948875.658352,744569826.0612812
2021-03-30 00:00:00 UTC,0.09194574491722422,5956566711.462372,697610373.5791795
2021-03-31 00:00:00 UTC,0.08951192315115876,5807689883.642305,740441550.7382971
2021-04-01 00:00:00 UTC,0.08792823315713097,5721910618.233825,813594382.1244336
2021-04-02 00:00:00 UTC,0.0887392931495455,5785080929.1878195,852797553.6075258
2021-04-03 00:00:00 UTC,0.09455200767755756,6139801986.347123,926416233.9467334
2021-04-04 00:00:00 UTC,0.08889763043439602,5810145398.275902,846553694.7536238
2021-04-05 00:00:00 UTC,0.09345293226331339,6068323594.317005,683607663.3776287
2021-04-06 00:00:00 UTC,0.10412474371226758,6715374621.159849,1434774613.1483226
2021-04-07 00:00:00 UTC,0.11508271565200887,7471160886.3562975,1519357526.0808434
2021-04-08 00:00:00 UTC,0.1088599706809373,7133019547.43784,1505725842.2582223
2021-04-09 00:00:00 UTC,0.11911869904675236,7749045619.96905,1096699557.5627363
2021-04-10 00:00:00 UTC,0.12831518128912708,8336843420.31693,1678984583.1897078
2021-04-11 00:00:00 UTC,0.14628393300019182,9480309813.47793,2561792319.7510514
2021-04-12 00:00:00 UTC,0.14146936508270366,9179607063.288399,1672750207.568698
2021-04-13 00:00:00 UTC,0.13023889025154695,8442972023.741348,1390639644.5979064
2021-04-14 00:00:00 UTC,0.15566160136569562,10007523993.478428,2074058473.4788897
2021-04-15 00:00:00 UTC,0.17204981636609434,11197337723.164526,3200156349.9196496
2021-04-16 00:00:00 UTC,0.18036899090032565,11707392776.967585,2572999697.5071235
2021-04-17 00:00:00 UTC,0.23455419452432627,14891074462.50355,4191503757.4590287
2021-04-18 00:00:00 UTC,0.23411778793186158,15342926231.565117,6277473141.825828
2021-04-19 00:00:00 UTC,0.2487314131488506,16158438378.788221,4141321675.6685796
2021-04-20 00:00:00 UTC,0.23643550271489785,15344444710.33086,4275871952.424166
2021-04-21 00:00:00 UTC,0.2607873694036083,16916710835.384933,4549015589.695478
2021-04-22 00:00:00 UTC,0.23387945809321778,15345230222.22657,2751070155.136135
2021-04-23 00:00:00 UTC,0.19347472192970436,12790356826.292706,4233090750.8131013
2021-04-24 00:00:00 UTC,0.20523411522606771,13187846606.088593,7564208758.524534
2021-04-25 00:00:00 UTC,0.18228895098012998,11940445469.205212,3159222681.138118
2021-04-26 00:00:00 UTC,0.17189480753467182,11225985126.37272,2491716146.7290936
2021-04-27 00:00:00 UTC,0.1911138480473036,12369565817.81641,3002716125.95734
2021-04-28 00:00:00 UTC,0.2109120472394454,13710605896.168726,3559226385.246736
2021-04-29 00:00:00 UTC,0.2001079691583117,12940138792.206903,2838729119.5696135
2021-04-30 00:00:00 UTC,0.19280733791443305,12528191725.306576,2379181364.7754083
2021-05-01 00:00:00 UTC,0.20275928679944705,13210928537.411716,2091602240.6871345
2021-05-02 00:00:00 UTC,0.20636410402867478,13479721361.222767,1764292124.1052191
2021-05-03 00:00:00 UTC,0.21880218088103295,14205214719.194468,3061196002.6937003
2021-05-04 00:00:00 UTC,0.21299722072261407,13851333168.093218,2162001001.099961
2021-05-05 00:00:00 UTC,0.19178429556311508,12495952991.051449,2656119983.1721945
2021-05-06 00:00:00 UTC,0.209209398745081,13611413586.708227,2540023591.2716427
2021-05-07 00:00:00 UTC,0.21890626636253757,14313993591.46923,2914857955.1751223
2021-05-08 00:00:00 UTC,0.2336508822969001,15207067774.35781,4856459487.419483
2021-05-09 00:00:00 UTC,0.22636224091909518,14724317210.5112,2093137458.5040178
2021-05-10 00:00:00 UTC,0.23551051992118213,15284961180.393932,2508160297.825538
2021-05-11 00:00:00 UTC,0.20703032819141448,13511033566.614565,2302050567.351614
2021-05-12 00:00:00 UTC,0.2148897815514486,13872876380.078074,2223756235.762558
2021-05-13 00:00:00 UTC,0.1718138392858188,11858612752.8971,1861900212.9938579
2021-05-14 00:00:00 UTC,0.18405063288651424,11847042688.054644,3263213366.0636053
2021-05-15 00:00:00 UTC,0.18750675983964943,12194197566.993532,1579130849.2849145
2021-05-16 00:00:00 UTC,0.1737598568543499,11297245061.209038,1667625374.8561184
2021-05-17 00:00:00 UTC,0.17851829094746274,11500697302.4389,2125632206.4627252
2021-05-18 00:00:00 UTC,0.15978364663731462,10518210250.43685,2056520652.3053572
2021-05-19 00:00:00 UTC,0.1638131532812496,10626284151.008879,1539202180.1394436
2021-05-20 00:00:00 UTC,0.10904392479228012,7592912873.051794,3163404902.60304
2021-05-21 00:00:00 UTC,0.13235467472226578,8644311863.348698,2760008493.0494537
2021-05-22 00:00:00 UTC,0.11028485403157438,7137443178.677308,2212476258.528258
2021-05-23 00:00:00 UTC,0.10092169527335237,6594328398.661285,1506355150.1881075
2021-05-24 00:00:00 UTC,0.0881791559910875,5726194952.663517,2065754515.3565483
2021-05-25 00:00:00 UTC,0.11338949741670394,7402710637.987227,2245482495.3530326
2021-05-26 00:00:00 UTC,0.11329450194867387,7416597683.323427,1880855470.4720998
2021-05-27 00:00:00 UTC,0.13456673655654827,8742142722.182993,2600285822.9995217
2021-05-28 00:00:00 UTC,0.12495225790653998,8165052197.132301,1622573009.3449228
2021-05-29 00:00:00 UTC,0.1100811729813207,7181888683.176965,1728177863.2297254
2021-05-30 00:00:00 UTC,0.10015185127121107,6572598079.228504,1290521470.946154
2021-05-31 00:00:00 UTC,0.10895938746396994,7105749779.705109,1348806231.6943164
2021-06-01 00:00:00 UTC,0.12647795290739686,8253554489.65562,1489637496.1575036
2021-06-02 00:00:00 UTC,0.12213932597289784,7977450396.3514,1329007671.6761909
2021-06-03 00:00:00 UTC,0.1272200198013717,8296917292.355093,1184997906.4114683
2021-06-04 00:00:00 UTC,0.14391393535827124,9471177644.384926,1626557918.4745402
2021-06-05 00:00:00 UTC,0.13207893910839766,8628174432.866858,2637320917.067736
2021-06-06 00:00:00 UTC,0.12630011874044558,8196007220.741861,1663834347.2039356
2021-06-07 00:00:00 UTC,0.1291937932817923,8409110938.638331,1130937895.8543031
2021-06-08 00:00:00 UTC,0.1148244426381289,7591060382.623036,1283732070.7476544
2021-06-09 00:00:00 UTC,0.11374536333367453,7457171266.685943,1850272670.0417757
2021-06-10 00:00:00 UTC,0.12051373276132477,7874669477.312003,1569233128.8209848
2021-06-11 00:00:00 UTC,0.1125070951455799,7390743886.941057,1219127521.822614
2021-06-12 00:00:00 UTC,0.10550947010302276,6889306756.199623,1051901243.2390728
2021-06-13 00:00:00 UTC,0.10686650344286798,7022970382.744644,1056027594.9227672
2021-06-14 00:00:00 UTC,0.11324585232235981,7365942180.616203,823096725.0868917
2021-06-15 00:00:00 UTC,0.11400962210215479,7437202347.950297,802680698.3607057
2021-06-16 00:00:00 UTC,0.11220454962810315,7339677905.908793,826412659.7873342
2021-06-17 00:00:00 UTC,0.10756261848690404,7015391572.596719,738879065.9885452
2021-06-18 00:00:00 UTC,0.10779809927678789,6993937542.237448,622413812.7389047
2021-06-19 00:00:00 UTC,0.0999617073084078,6554486523.303407,747117193.8546972
2021-06-20 00:00:00 UTC,0.09742913299735632,6382497317.694669,588500111.5626441
2021-06-21 00:00:00 UTC,0.09948564497615595,6483689021.485022,766508692.2615973
2021-06-22 00:00:00 UTC,0.07492098975988301,4934355732.167144,976247789.1817269
2021-06-23 00:00:00 UTC,0.07151738771405353,4639886854.9516535,1496137413.2187512
2021-06-24 00:00:00 UTC,0.07647605767806859,4963224777.798488,1128298891.3425653
2021-06-25 00:00:00 UTC,0.08067954645756054,5265134044.665512,873755234.484958
2021-06-26 00:00:00 UTC,0.0739052033326988,4832978571.912828,856355580.1471924
2021-06-27 00:00:00 UTC,0.07331863978910315,4779886490.646296,747851000.4137498
2021-06-28 00:00:00 UTC,0.07784079566344429,5056826564.283537,620379391.8974868
2021-06-29 00:00:00 UTC,0.07953176365209716,5179140595.927795,689167267.3253092
2021-06-30 00:00:00 UTC,0.08999217440842504,5889131927.117656,1021429286.0125717
2021-07-01 00:00:00 UTC,0.0909281489485133,5940331082.073504,933280127.9254073
2021-07-02 00:00:00 UTC,0.08551731688253669,5576415176.039806,749285885.8923701
2021-07-03 00:00:00 UTC,0.08716758491574789,5653722313.146806,685184796.1141201
2021-07-04 00:00:00 UTC,0.08724001717405472,5688321270.494524,604937895.1340747
2021-07-05 00:00:00 UTC,0.08822010027215335,5764776349.564202,643075104.2756424
2021-07-06 00:00:00 UTC,0.0839490688877749,5480002201.479279,672247295.0700285
2021-07-07 00:00:00 UTC,0.08446602724179422,5510817132.148575,607495163.5551181
2021-07-08 00:00:00 UTC,0.08368651262020475,5459819951.892128,554939833.8323759
2021-07-09 00:00:00 UTC,0.07685006027094832,5014611485.42146,667927299.9032222
2021-07-10 00:00:00 UTC,0.0774887343273808,5055762995.044741,559359332.1050042
2021-07-11 00:00:00 UTC,0.07642780969166753,4988622631.5281,462949285.98049957
2021-07-12 00:00:00 UTC,0.07811730023088302,5098097939.0151825,415545201.89773923
2021-07-13 00:00:00 UTC,0.0754840453154287,4923961853.437695,432465445.2981177
2021-07-14 00:00:00 UTC,0.07291035613788201,4771764323.617806,430092124.32262456
2021-07-15 00:00:00 UTC,0.07282995182271762,4758423472.294159,497569142.06403404
2021-07-16 00:00:00 UTC,0.06891403590864542,4511743847.34087,461656004.0099586
2021-07-17 00:00:00 UTC,0.06521471527904549,4253297829.1977634,446633442.3034631
2021-07-18 00:00:00 UTC,0.0657264206641806,4292713186.741592,418042910.45192397
2021-07-19 00:00:00 UTC,0.06762656655779,4402538175.799582,432115215.59963834
2021-07-20 00:00:00 UTC,0.06251317886002661,4083813498.5734906,439115994.1636161
2021-07-21 00:00:00 UTC,0.05821890826326409,3804858574.961306,506937531.2223842
2021-07-22 00:00:00 UTC,0.06618826919869496,4301453941.216683,648791102.3416188
2021-07-23 00:00:00 UTC,0.06767169673677725,4409558028.187658,538083674.4696567
2021-07-24 00:00:00 UTC,0.06967204191302172,4537732303.7433195,497101891.6001887
2021-07-25 00:00:00 UTC,0.0722687991927934,4701186252.287804,517954844.5668006
2021-07-26 00:00:00 UTC,0.07419996627255294,4837679281.430989,490238151.5062864
2021-07-27 00:00:00 UTC,0.07828606998595533,5120230667.674373,1250838757.1087523
2021-07-28 00:00:00 UTC,0.08348480956060039,5434109901.895752,914843058.0441034
2021-07-29 00:00:00 UTC,0.08283707873165937,5404620173.706475,756434528.9071971
2021-07-30 00:00:00 UTC,0.08300497336457466,5420983820.828437,513316168.87956315
2021-07-31 00:00:00 UTC,0.08554391352533379,5589187587.593052,714902243.0726991
2021-08-01 00:00:00 UTC,0.08970417803860843,5848026398.883804,727751824.8538359
2021-08-02 00:00:00 UTC,0.08588373527979391,5600755670.374329,691907446.4355565
2021-08-03 00:00:00 UTC,0.08658531273324097,5663869787.343055,585261915.6160514
2021-08-04 00:00:00 UTC,0.08569094639099212,5594736317.974394,547050040.9353229
2021-08-05 00:00:00 UTC,0.08827694570524738,5766991895.636629,585620851.2388817
2021-08-06 00:00:00 UTC,0.09119866779629046,5942597151.847757,655296944.9529805
2021-08-07 00:00:00 UTC,0.09561701991787755,6238341258.119116,719610665.4862295
2021-08-08 00:00:00 UTC,0.10372777915178827,6777842824.532373,1132481658.6808434
2021-08-09 00:00:00 UTC,0.10159181183176885,6635250833.093989,927619512.5718753
2021-08-10 00:00:00 UTC,0.10571274078352033,6844032490.8053255,856767622.0201491
2021-08-11 00:00:00 UTC,0.10615711224062978,6919773304.661105,776504514.8517755
2021-08-12 00:00:00 UTC,0.11150653337969038,7425420299.627009,1048135337.0128633
2021-08-13 00:00:00 UTC,0.1073305397897127,7165670298.080321,1000641586.9875308
2021-08-14 00:00:00 UTC,0.12001927663149388,7988594495.065294,849671137.3433763
2021-08-15 00:00:00 UTC,0.13053690110380065,8760152855.198565,1371195172.8651502
2021-08-16 00:00:00 UTC,0.1385544468391784,9219852060.570627,1354131846.6288784
2021-08-17 00:00:00 UTC,0.1296092629127867,8749362173.62516,1247665650.114891
2021-08-18 00:00:00 UTC,0.11814232461825726,7960581487.760801,1289224651.7990303
2021-08-19 00:00:00 UTC,0.12104955607181216,8138192477.099722,1206682478.2397716
2021-08-20 00:00:00 UTC,0.12670360426381197,8218782706.931407,1143592830.987935
2021-08-21 00:00:00 UTC,0.13360403834674425,8914335505.210993,1160043237.7488968
2021-08-22 00:00:00 UTC,0.12898447216031383,8619028554.002768,863111507.5614506
2021-08-23 00:00:00 UTC,0.12853691968278586,8601215433.63932,821127123.9644079
2021-08-24 00:00:00 UTC,0.13168340847928384,8800836028.101719,946640184.8659172
2021-08-25 00:00:00 UTC,0.12401838807957238,8287848124.748522,1129443366.016451
2021-08-26 00:00:00 UTC,0.12754077820023738,8522263711.506047,1015558076.9104663
2021-08-27 00:00:00 UTC,0.11803848946769686,7934364414.847698,955495319.5480692
2021-08-28 00:00:00 UTC,0.127213944959001,8462511456.45339,902406871.277528
2021-08-29 00:00:00 UTC,0.12331646244299012,8218070565.52144,684118962.700195
2021-08-30 00:00:00 UTC,0.12378124440541473,8257648440.325836,680862261.0676277
2021-08-31 00:00:00 UTC,0.11759635820463188,7855417339.946792,736555596.9062755
2021-09-01 00:00:00 UTC,0.1233158759349579,8226344139.901063,799589398.0986961
2021-09-02 00:00:00 UTC,0.13669258946321083,9127359140.518393,1205044324.119987
2021-09-03 00:00:00 UTC,0.1434871148966568,9583195333.277323,1182783602.2058735
2021-09-04 00:00:00 UTC,0.1436111323295365,9576259710.934202,847910398.4966848
2021-09-05 00:00:00 UTC,0.1452403418106187,9725808726.621563,759928147.3571965
2021-09-06 00:00:00 UTC,0.15255802443713212,10136429626.519583,676211416.869764
2021-09-07 00:00:00 UTC,0.15036952222423994,10040965602.466732,769371311.4243544
2021-09-08 00:00:00 UTC,0.12314635616312092,8195942970.598814,1513199067.9261334
2021-09-09 00:00:00 UTC,0.12035123722827328,8048463929.610612,924724213.2524923
2021-09-10 00:00:00 UTC,0.12182038216933298,8138677772.269392,768106730.8302783
2021-09-11 00:00:00 UTC,0.11351810626563968,7573472740.756138,656306863.3400383
2021-09-12 00:00:00 UTC,0.11551122959793739,7698396800.778978,467509967.3503473
2021-09-13 00:00:00 UTC,0.12019262795673037,8044060728.470856,523733840.4297765
2021-09-14 00:00:00 UTC,0.11351920845544003,7570784091.8417225,521703263.63855135
2021-09-15 00:00:00 UTC,0.11751880446656908,7851840396.964099,383945018.4651888
2021-09-16 00:00:00 UTC,0.12136663157701412,8106121521.80534,417106882.83254576
2021-09-17 00:00:00 UTC,0.11743491648253804,7830686767.620623,400545730.2393562
2021-09-18 00:00:00 UTC,0.11236719833940277,7504992526.689287,343408175.70365417
2021-09-19 00:00:00 UTC,0.11294430918667166,7545627260.130153,289146140.25792605
2021-09-20 00:00:00 UTC,0.1090627162139814,7285260664.32948,275397066.2706853
2021-09-21 00:00:00 UTC,0.0925016649572976,6149599172.573435,693956212.399793
2021-09-22 00:00:00 UTC,0.0869990557634216,5807305689.663247,556797078.8321083
2021-09-23 00:00:00 UTC,0.09874924403134179,6583155134.372318,515225146.0251339
2021-09-24 00:00:00 UTC,0.1020373143797014,6812366753.512486,446481748.0945425
2021-09-25 00:00:00 UTC,0.0931013571305609,6273441988.756848,519479823.90308356
2021-09-26 00:00:00 UTC,0.0909357300038294,6050110471.976372,327801310.46717453
2021-09-27 00:00:00 UTC,0.09158147559405497,6102799892.355478,351989984.38475466
2021-09-28 00:00:00 UTC,0.08714850592999678,5817390819.837406,289354444.09201723
2021-09-29 00:00:00 UTC,0.0822758848199646,5504965448.9327135,313897082.09672815
2021-09-30 00:00:00 UTC,0.08459413061902733,5628594055.397367,317550064.6303505
2021-10-01 00:00:00 UTC,0.09513307370936895,6342980357.972847,485414067.70764625
2021-10-02 00:00:00 UTC,0.1086386643219429,7248101430.9241295,846294072.2743531
2021-10-03 00:00:00 UTC,0.11176244727878255,7468217110.48596,524143055.886418
2021-10-04 00:00:00 UTC,0.11116050746676721,7430316922.767365,450384827.6584451
2021-10-05 00:00:00 UTC,0.11024962853369895,7358142907.417605,530933230.56843996
2021-10-06 00:00:00 UTC,0.11360490804424193,7602644653.391977,489245756.2154318
2021-10-07 00:00:00 UTC,0.11270415947248912,7515543379.285015,534171651.6824742
2021-10-08 00:00:00 UTC,0.11171915152732859,7431005614.148829,500250245.5409739
2021-10-09 00:00:00 UTC,0.11171748760276422,7453927169.457667,379144725.65132344
2021-10-10 00:00:00 UTC,0.11842505300055786,7902618364.706864,559968610.9060864
2021-10-11 00:00:00 UTC,0.11107521994116054,7420928347.305916,347728300.7306216
2021-10-12 00:00:00 UTC,0.10914802549882108,7275013711.354813,381145272.1209795
2021-10-13 00:00:00 UTC,0.10690731069355809,7147240485.2230835,482518123.63144416
2021-10-14 00:00:00 UTC,0.1153445439515062,7706798649.423583,629427101.6319387
2021-10-15 00:00:00 UTC,0.11944137517817371,7973426383.612271,631701384.9450048
2021-10-16 00:00:00 UTC,0.12057092007990555,8044317734.148171,698640219.7412635
2021-10-17 00:00:00 UTC,0.1207471317059422,8033996752.265733,409582259.2066444
2021-10-18 00:00:00 UTC,0.12287974938860831,8168647131.981567,659049228.1491479
2021-10-19 00:00:00 UTC,0.11884540490852517,7954843355.056097,430071027.0709991
2021-10-20 00:00:00 UTC,0.11679987137996742,7803244190.3049755,347760307.2039079
2021-10-21 00:00:00 UTC,0.12267124789781321,8191148341.441478,430378913.8626048
2021-10-22 00:00:00 UTC,0.13043914202454077,8730127239.070208,1064729737.6356263
2021-10-23 00:00:00 UTC,0.1309820095938587,8745533924.951647,709331962.2641762
2021-10-24 00:00:00 UTC,0.13678587627077055,9147600764.806244,545454665.8032416
2021-10-25 00:00:00 UTC,0.1335477322313344,8912567177.047462,511284492.74432725
2021-10-26 00:00:00 UTC,0.14235157775957186,9496714433.22104,576023767.047867
2021-10-27 00:00:00 UTC,0.1410106757558237,9435668826.764223,666127652.964239
2021-10-28 00:00:00 UTC,0.12499363875435085,8380158500.259058,870957382.6553857
2021-10-29 00:00:00 UTC,0.13040841869411304,8710247516.65125,673608242.3445758
2021-10-30 00:00:00 UTC,0.13707332560215274,9162658809.487028,515322828.73810637
2021-10-31 00:00:00 UTC,0.13025909419614562,8697038957.499853,448556898.3122033
2021-11-01 00:00:00 UTC,0.13302067547206964,8894340698.85981,502751717.62756795
2021-11-02 00:00:00 UTC,0.13712747179792137,9115270266.859549,538307392.7892264
2021-11-03 00:00:00 UTC,0.1404612124981193,9336259468.20568,571808849.272222
2021-11-04 00:00:00 UTC,0.1375495370819882,9176484611.733253,584893049.0536731
2021-11-05 00:00:00 UTC,0.150749146681225,9830395893.525274,1130831167.8033788
2021-11-06 00:00:00 UTC,0.15995034291452345,10586476981.753239,1508484346.6824925
2021-11-07 00:00:00 UTC,0.16050631614294192,10674742827.852415,984002660.535799
2021-11-08 00:00:00 UTC,0.155574575979559,10378904440.080797,545359501.6935813
2021-11-09 00:00:00 UTC,0.1751526226145389,11657172399.718529,1280652769.393492
2021-11-10 00:00:00 UTC,0.17188084170145776,11487646581.787418,1557131771.089332
2021-11-11 00:00:00 UTC,0.1631789319309166,10804807608.455036,1328393314.6709669
2021-11-12 00:00:00 UTC,0.16614189424066506,11108646246.122868,775767309.1562498
2021-11-13 00:00:00 UTC,0.16034209641185096,10706266914.946993,692871725.400057
2021-11-14 00:00:00 UTC,0.16160847890655033,10778333500.485106,527296738.0338897
2021-11-15 00:00:00 UTC,0.16291858769764817,10805724700.676245,464616125.4128757
2021-11-16 00:00:00 UTC,0.16429354944774008,11002019368.27986,985581609.9003507
2021-11-17 00:00:00 UTC,0.14668928802424466,9828712986.731873,1211672882.950484
2021-11-18 00:00:00 UTC,0.14587696469038228,9694577663.08671,901964970.4171392
2021-11-19 00:00:00 UTC,0.12887734031002201,8591883937.36433,912583573.3857934
2021-11-20 00:00:00 UTC,0.14029572653078518,9305921084.780233,737159506.4585705
2021-11-21 00:00:00 UTC,0.14055781833977052,9361840076.461597,578347535.9858
2021-11-22 00:00:00 UTC,0.1342167620962192,9030185247.76416,500097387.7047223
2021-11-23 00:00:00 UTC,0.12718484023953103,8498272319.826246,599859629.0613973
2021-11-24 00:00:00 UTC,0.13103050677404635,8712408360.735132,538421670.4489725
2021-11-25 00:00:00 UTC,0.12293738981070128,8221522576.544431,539493390.7489272
2021-11-26 00:00:00 UTC,0.12810605983039813,8573476690.446124,603378728.1178417
2021-11-27 00:00:00 UTC,0.11423084741482563,7610665175.067015,743768263.7530994
2021-11-28 00:00:00 UTC,0.11401466736545181,7593360960.301398,343137120.60589445
2021-11-29 00:00:00 UTC,0.11604902630189953,7734874938.482834,511070465.68263745
2021-11-30 00:00:00 UTC,0.12194124221582843,8105990640.20832,454185418.82663625
2021-12-01 00:00:00 UTC,0.11964487813249038,8029940260.636253,538130768.406693
2021-12-02 00:00:00 UTC,0.11905316148845789,7964765816.101598,442079537.68170065
2021-12-03 00:00:00 UTC,0.11634317798442266,7779513409.166342,367953117.3158358
2021-12-04 00:00:00 UTC,0.11027611005668563,7358153825.770802,515334710.1027249
2021-12-05 00:00:00 UTC,0.09644998536632833,6420796313.563631,963486948.3157237
2021-12-06 00:00:00 UTC,0.090038766143677,6029798429.530825,459777262.6820516
2021-12-07 00:00:00 UTC,0.09404165481828633,6266200919.662481,609924910.4169205
2021-12-08 00:00:00 UTC,0.09213600371250301,6150958772.867839,446216685.0491105
2021-12-09 00:00:00 UTC,0.09476496865784707,6321005636.572759,430393024.17411494
2021-12-10 00:00:00 UTC,0.08666687657706841,5829635451.265342,359494784.78176636
2021-12-11 00:00:00 UTC,0.08174069773659409,5504187405.104241,336199560.9419851
2021-12-12 00:00:00 UTC,0.08629123713403393,5755930793.514786,272567594.3026491
2021-12-13 00:00:00 UTC,0.08714072677389227,5802495236.384973,223807576.34481028
2021-12-14 00:00:00 UTC,0.07773434357248286,5189602401.290112,353980126.64887404
2021-12-15 00:00:00 UTC,0.08024547822376214,5352020841.674077,332419416.1806578
2021-12-16 00:00:00 UTC,0.0836987952286979,5560199856.19104,357247269.4199963
2021-12-17 00:00:00 UTC,0.08195187307672906,5467958482.718947,293238502.02034783
2021-12-18 00:00:00 UTC,0.08098085694162516,5396777243.576992,287674538.1433796
2021-12-19 00:00:00 UTC,0.08397435350266949,5599306657.658974,242618048.81229693
2021-12-20 00:00:00 UTC,0.08081363460812001,5438430271.126046,223688525.94720578
2021-12-21 00:00:00 UTC,0.08013098287334985,5366856786.261921,287091396.8115168
2021-12-22 00:00:00 UTC,0.08370337743585089,5581221590.555108,250361982.95655575
2021-12-23 00:00:00 UTC,0.0870886379937954,5820737287.706954,344492723.1779628
2021-12-24 00:00:00 UTC,0.09302910538672958,6192278351.720851,387991406.9803091
2021-12-25 00:00:00 UTC,0.09222556095347643,6164449487.114323,339829757.1698932
2021-12-26 00:00:00 UTC,0.09548805456797216,6363984191.7105665,214809490.25562957
2021-12-27 00:00:00 UTC,0.09469386128025822,6318339818.531087,246423460.59805506
2021-12-28 00:00:00 UTC,0.09817965023544428,6554546230.1948,408474396.57754874
2021-12-29 00:00:00 UTC,0.08895715160638885,5989841011.96776,435547610.1640859
2021-12-30 00:00:00 UTC,0.08315435348331289,5530270927.445656,327989223.98385257
2021-12-31 00:00:00 UTC,0.08489207999452159,5663046753.024039,278944788.0221545
2022-01-01 00:00:00 UTC,0.08328202210051633,5586198845.716156,256695075.00090417
2022-01-02 00:00:00 UTC,0.08693738465259974,5769309650.234462,185705630.5315018
2022-01-03 00:00:00 UTC,0.08747322165187481,5865082116.563228,203457724.16984555
2022-01-04 00:00:00 UTC,0.08635560698091006,5773438891.768459,271100954.6457592
2022-01-05 00:00:00 UTC,0.08667388025484243,5889141212.568311,332618442.27729475
2022-01-06 00:00:00 UTC,0.08525493848633016,5684834170.406305,730545253.3473793
2022-01-07 00:00:00 UTC,0.0831098718320261,5558773976.499622,421558782.41493976
2022-01-08 00:00:00 UTC,0.07898070321735819,5281496038.975449,395656422.1160452
2022-01-09 00:00:00 UTC,0.07610764041739002,5104577111.291659,301621783.71362257
2022-01-10 00:00:00 UTC,0.07683534695123387,5108922868.381467,244185913.03407538
2022-01-11 00:00:00 UTC,0.07342341390486887,4912714906.533267,308975058.7024431
2022-01-12 00:00:00 UTC,0.0767707092956688,5129587612.208685,247950486.201238
2022-01-13 00:00:00 UTC,0.0825332644332862,5513393973.118204,280279989.0312468
2022-01-14 00:00:00 UTC,0.07823521663789385,5245214195.217285,302185246.2950066
2022-01-15 00:00:00 UTC,0.07919528732347764,5273912679.515158,245806973.97774822
2022-01-16 00:00:00 UTC,0.07872820663287966,5259069565.173471,170939583.0117207
2022-01-17 00:00:00 UTC,0.07855573337919068,5246927129.62706,162113069.91888455
2022-01-18 00:00:00 UTC,0.07557174632073642,5045376696.633137,204642540.22704765
2022-01-19 00:00:00 UTC,0.07440912706916476,4980099959.611591,212037300.4873316
2022-01-20 00:00:00 UTC,0.07105707861773171,4760371809.498364,184311012.07387984
2022-01-21 00:00:00 UTC,0.06789635191606488,4561125646.569042,202888626.8535761
2022-01-22 00:00:00 UTC,0.05756502068090729,3852345700.649395,424833039.52543527
2022-01-23 00:00:00 UTC,0.05163443909910385,3435072982.954654,504479668.9908496
2022-01-24 00:00:00 UTC,0.0527810189000587,3523760180.373751,284915573.9672706
2022-01-25 00:00:00 UTC,0.05164892350203484,3450034252.471331,420123062.80900735
2022-01-26 00:00:00 UTC,0.05342209545240861,3555930299.395079,267436381.15563604
2022-01-27 00:00:00 UTC,0.053657920057152655,3602296907.8754745,346983231.4587563
2022-01-28 00:00:00 UTC,0.05257965999248806,3510257078.3478756,246563215.32709965
2022-01-29 00:00:00 UTC,0.054021245769660726,3604183507.661845,214981073.004518
2022-01-30 00:00:00 UTC,0.054676484118199954,3640306754.5521894,172227760.20699024
2022-01-31 00:00:00 UTC,0.05280346880800398,3527091155.032692,169640476.86213505
2022-02-01 00:00:00 UTC,0.05384380444496888,3579983792.8634863,187580811.93913302
2022-02-02 00:00:00 UTC,0.05474010019382019,3656171241.8304415,177562211.92709625
2022-02-03 00:00:00 UTC,0.05247073972482703,3503708944.4728346,208761107.6026832
2022-02-04 00:00:00 UTC,0.05239307463529589,3492489734.3368454,182044650.41984814
2022-02-05 00:00:00 UTC,0.058682332598658134,3882180970.088814,304252263.53968567
2022-02-06 00:00:00 UTC,0.05946691579953004,3978835071.2934675,266019958.49030933
2022-02-07 00:00:00 UTC,0.06118346104147033,4084652744.188072,212237703.78761286
2022-02-08 00:00:00 UTC,0.06729056156790018,4457450476.241921,378772283.21011174
2022-02-09 00:00:00 UTC,0.06461814655231049,4344413955.78884,362678137.29224634
2022-02-10 00:00:00 UTC,0.06697846115649707,4467486399.115318,247697344.73386797
2022-02-11 00:00:00 UTC,0.06358096956854667,4262308443.4629707,296625226.3141984
2022-02-12 00:00:00 UTC,0.05815132737139975,3879745105.307009,270480047.3462508
2022-02-13 00:00:00 UTC,0.05755489792852831,3829371751.7891736,232686244.67896357
2022-02-14 00:00:00 UTC,0.05670336293692623,3781260651.305452,172510140.8843245
2022-02-15 00:00:00 UTC,0.056436846288426774,3774650102.391594,216456799.2731942
2022-02-16 00:00:00 UTC,0.06095013929460991,4070979246.9900455,211619343.03575563
2022-02-17 00:00:00 UTC,0.06053655431009203,4064411276.3769693,212261112.778005
2022-02-18 00:00:00 UTC,0.05469947726937096,3657760527.8151293,275423891.5528055
2022-02-19 00:00:00 UTC,0.05352267855805797,3586687107.458454,246302128.30511817
2022-02-20 00:00:00 UTC,0.0528108054152343,3522598015.8138227,178401947.32878977
2022-02-21 00:00:00 UTC,0.04942715170339364,3323412698.721612,251205349.75799558
2022-02-22 00:00:00 UTC,0.045268497448503524,3031293681.1966257,350274421.59970564
2022-02-23 00:00:00 UTC,0.047274368957409635,3156071916.0391006,298513624.39510083
2022-02-24 00:00:00 UTC,0.04590000821051572,3062461416.5215945,270286455.3755964
2022-02-25 00:00:00 UTC,0.044657059749237074,2977086273.071525,567967751.9031627
2022-02-26 00:00:00 UTC,0.047723018413561996,3183630464.098543,294624946.89455324
2022-02-27 00:00:00 UTC,0.048269174734132995,3202957682.570269,232069596.25768837
2022-02-28 00:00:00 UTC,0.04566867093848009,3048731540.098389,248840470.65850443
2022-03-01 00:00:00 UTC,0.05186731024432115,3435261826.8392086,357488505.2653543
2022-03-02 00:00:00 UTC,0.05296890440086989,3534701351.786454,376743924.0545017
2022-03-03 00:00:00 UTC,0.05308163415258581,3543769245.388944,308960086.6746726
2022-03-04 00:00:00 UTC,0.054650402703120514,3660079185.8280215,540250963.1923958
2022-03-05 00:00:00 UTC,0.04910851107484742,3286271356.2227592,378340859.56597745
2022-03-06 00:00:00 UTC,0.050438930215878086,3362197469.3436413,235022276.2103758
2022-03-07 00:00:00 UTC,0.0477072740855295,3181294748.4714622,230042121.34580365
2022-03-08 00:00:00 UTC,0.04618927662485416,3079475079.835392,321460589.19326794
2022-03-09 00:00:00 UTC,0.04653866587787584,3108766489.5365877,255448166.3821092
2022-03-10 00:00:00 UTC,0.048596914082188206,3244374476.2614117,321424392.7530407
2022-03-11 00:00:00 UTC,0.04704761825576912,3141267905.334825,284358551.1197338
2022-03-12 00:00:00 UTC,0.04628124991947046,3107068095.9482746,232489628.36091635
2022-03-13 00:00:00 UTC,0.04643904172103644,3106603138.0061474,158739693.89166662
2022-03-14 00:00:00 UTC,0.04459674823840797,2976962625.671114,193926142.8991943
2022-03-15 00:00:00 UTC,0.04579574771185191,3057657838.576512,226347216.95833632
2022-03-16 00:00:00 UTC,0.045921650992052546,3073422525.2625427,206985861.15920067
2022-03-17 00:00:00 UTC,0.04837307980420185,3231047705.4864225,298363368.1503691
2022-03-18 00:00:00 UTC,0.04844652873225688,3226943258.9267073,207389947.33769608
2022-03-19 00:00:00 UTC,0.049647343641699426,3318342078.800021,174244184.2813319
2022-03-20 00:00:00 UTC,0.05126248339228127,3413550425.8239517,215021201.94566688
2022-03-21 00:00:00 UTC,0.04994083614408328,3338152880.2103553,234334005.52583665
2022-03-22 00:00:00 UTC,0.05072868227762903,3384679749.5322165,226721669.1817501
2022-03-23 00:00:00 UTC,0.05324283788886666,3554446386.5175405,283248454.362007
2022-03-24 00:00:00 UTC,0.055899026414275056,3722522554.2999196,310776367.4124349
2022-03-25 00:00:00 UTC,0.057371412373399704,3838221999.8291206,324184481.5561774
2022-03-26 00:00:00 UTC,0.05564057029575395,3724578993.9179816,296471311.6830764
2022-03-27 00:00:00 UTC,0.06426016858738841,4302709631.376105,474498467.09350747
2022-03-28 00:00:00 UTC,0.07414204245876407,4921435984.022378,2140858187.0868561
2022-03-29 00:00:00 UTC,0.07093395800374586,4785238888.611447,1342983301.6914341
2022-03-30 00:00:00 UTC,0.07232328430289901,4810676896.981852,596654451.5544692
2022-03-31 00:00:00 UTC,0.0843863811339188,5607819678.015482,1882653294.7083766
2022-04-01 00:00:00 UTC,0.07752127344407372,5187374980.581515,1124978815.6380293
2022-04-02 00:00:00 UTC,0.08081561606416635,5366035698.267504,771676354.5433539
2022-04-03 00:00:00 UTC,0.07764808054409023,5196921949.832501,497677221.8379425
2022-04-04 00:00:00 UTC,0.08256452508722019,5430033377.584672,416314378.32166284
2022-04-05 00:00:00 UTC,0.07899106324784444,5275388888.913515,456526469.2359899
2022-04-06 00:00:00 UTC,0.07609897763674782,5120348168.359626,346556262.6063304
2022-04-07 00:00:00 UTC,0.06563953908618567,4414485604.707323,542590068.49733
2022-04-08 00:00:00 UTC,0.07060060409130631,4702935571.341342,377070919.7726787
2022-04-09 00:00:00 UTC,0.06484360131325288,4313877452.718092,344066139.35977983
2022-04-10 00:00:00 UTC,0.06738349538777504,4498572103.405609,233891965.0918448
2022-04-11 00:00:00 UTC,0.06545720527060848,4403852053.627712,223139268.83671796
2022-04-12 00:00:00 UTC,0.05787677943242545,3877584270.377168,387165080.8728317
2022-04-13 00:00:00 UTC,0.060539494658663144,4036223674.968156,354602489.24305487
2022-04-14 00:00:00 UTC,0.06175985963105306,4116936078.723677,301955051.8484633
2022-04-15 00:00:00 UTC,0.06162472178103945,4120638888.199771,375205259.7671457
2022-04-16 00:00:00 UTC,0.06170690267027482,4113600649.0770087,213537384.52532774
2022-04-17 00:00:00 UTC,0.06152635759599924,4121758907.305027,184497513.50931218
2022-04-18 00:00:00 UTC,0.05812160614261507,3880241511.569494,195238202.95684606
2022-04-19 00:00:00 UTC,0.05952761529602872,3967669141.4610367,284241290.9231179
2022-04-20 00:00:00 UTC,0.06183433341890845,4123444706.76762,257173554.30078995
2022-04-21 00:00:00 UTC,0.06083282862828793,4053375848.883653,319834176.0608826
2022-04-22 00:00:00 UTC,0.05875287438232063,3913859930.6179457,336422623.0825454
2022-04-23 00:00:00 UTC,0.05799881123890089,3876397926.5928745,240720370.70380336
2022-04-24 00:00:00 UTC,0.0576340341964676,3850995257.7264304,192087299.6272028
2022-04-25 00:00:00 UTC,0.055904798473637066,3745495717.1677327,161000383.77559653
2022-04-26 00:00:00 UTC,0.05673054545196583,3789782791.481321,302010957.58422756
2022-04-27 00:00:00 UTC,0.051390119380275816,3423575116.8003654,266729198.55322587
2022-04-28 00:00:00 UTC,0.05203445085661656,3468673277.257845,205560907.7115636
2022-04-29 00:00:00 UTC,0.051589630454911835,3433480054.2925963,438572574.3255373
2022-04-30 00:00:00 UTC,0.04853517314586691,3248576006.355181,266070888.67124295
2022-05-01 00:00:00 UTC,0.0455366387928185,3034873238.291686,275241110.86080796
2022-05-02 00:00:00 UTC,0.04857002482974525,3240026390.2651763,338186874.4982338
2022-05-03 00:00:00 UTC,0.04762064212202889,3182547845.4981523,274284447.6597204
2022-05-04 00:00:00 UTC,0.04688604432868872,3123915185.2231717,227717745.21987227
2022-05-05 00:00:00 UTC,0.05379841237665354,3590020268.922091,478442247.1850268
2022-05-06 00:00:00 UTC,0.04778144194985264,3179784129.483459,442971474.84590364
2022-05-07 00:00:00 UTC,0.04719232001592264,3155454954.489953,308880689.39534163
2022-05-08 00:00:00 UTC,0.04573063929522181,3062619911.1870456,217091518.74466994
2022-05-09 00:00:00 UTC,0.04436655279575514,2964799788.071637,249719567.121095
2022-05-10 00:00:00 UTC,0.03869035954121406,2599876410.909578,435863597.7121134
2022-05-11 00:00:00 UTC,0.039167676391764376,2618136046.9205394,516531955.6663425
2022-05-12 00:00:00 UTC,0.03053628082528357,2066258225.0570478,633115306.1046236
2022-05-13 00:00:00 UTC,0.027764066856273268,1853911298.754334,524005638.63742954
2022-05-14 00:00:00 UTC,0.03067192497404802,2046671448.1550364,356092874.24581087
2022-05-15 00:00:00 UTC,0.03192747540110054,2134630814.4685953,274122806.24200994
2022-05-16 00:00:00 UTC,0.033440124830752066,2226718721.1870084,206490138.8903306
2022-05-17 00:00:00 UTC,0.03100711405533667,2066444572.216548,217070922.60573825
2022-05-18 00:00:00 UTC,0.03294258073361738,2197495381.816538,180999641.33014953
2022-05-19 00:00:00 UTC,0.029244513727001563,1955289399.3928409,167655838.64059332
2022-05-20 00:00:00 UTC,0.03145807115535418,2101021078.4900997,194270614.40448403
2022-05-21 00:00:00 UTC,0.030219355102329266,2018462395.1222444,176459175.65509015
2022-05-22 00:00:00 UTC,0.03088718009326819,2062051039.6623003,137158071.15069798
2022-05-23 00:00:00 UTC,0.03213378902040251,2145275575.7477386,177897517.3614477
2022-05-24 00:00:00 UTC,0.03136492962747661,2093945952.7213063,251100600.8619457
2022-05-25 00:00:00 UTC,0.03168690877898493,2114418221.8013077,187039505.9659048
2022-05-26 00:00:00 UTC,0.03146100280754242,2100739683.527766,193132957.66515312
2022-05-27 00:00:00 UTC,0.029735083945525875,1985333948.8290615,251793922.26084068
2022-05-28 00:00:00 UTC,0.028920269638434845,1930762210.7068214,236890100.05481943
2022-05-29 00:00:00 UTC,0.029789173964873794,1998337046.5935967,145607810.27917227
2022-05-30 00:00:00 UTC,0.030162775599797347,2014350368.774728,129661643.08259803
2022-05-31 00:00:00 UTC,0.03287996556711902,2187154684.2396383,197494157.38983807
2022-06-01 00:00:00 UTC,0.032869472432710656,2194390345.7148085,253834956.23751724
2022-06-02 00:00:00 UTC,0.030713076560206297,2049908138.8698401,216069681.03440702
2022-06-03 00:00:00 UTC,0.03155975789193004,2111957461.3744106,154857491.0901579
2022-06-04 00:00:00 UTC,0.03028182039052751,2021636777.1547902,131717900.91547348
2022-06-05 00:00:00 UTC,0.030560618519433227,2033580222.9742904,107947974.95398727
2022-06-06 00:00:00 UTC,0.030418270380573185,2035803971.0496411,105033014.81659566
2022-06-07 00:00:00 UTC,0.0317997279246617,2126318130.4842985,158502886.47239253
2022-06-08 00:00:00 UTC,0.030805321963948046,2066330795.197442,164629403.44623002
2022-06-09 00:00:00 UTC,0.03033221336194611,2199423564.2700906,119751250.62454204
2022-06-10 00:00:00 UTC,0.031922066567909704,2317334577.4265685,226690463.48548633
2022-06-11 00:00:00 UTC,0.029499850840035195,2139004173.4396677,164924886.66101402
2022-06-12 00:00:00 UTC,0.02763577903787763,2002368048.0816882,148563451.46614856
2022-06-13 00:00:00 UTC,0.025897318153958793,1893613635.6487894,172525221.13372645
2022-06-14 00:00:00 UTC,0.023805194549335006,1701502156.8900309,302890164.9319918
2022-06-15 00:00:00 UTC,0.02406406496204513,1744766621.9754362,217747922.92063877
2022-06-16 00:00:00 UTC,0.02533842841602845,1835307016.2759273,245938873.52426687
2022-06-17 00:00:00 UTC,0.022721253439195215,1648248591.823545,166491065.64793977
2022-06-18 00:00:00 UTC,0.02342127634278046,1701135360.3655076,106862108.30020212
2022-06-19 00:00:00 UTC,0.02176619292984327,1574890746.4043458,194538409.0367504
2022-06-20 00:00:00 UTC,0.022958782568225224,1661672254.1548038,158083422.66849518
2022-06-21 00:00:00 UTC,0.02364697315496497,1710520656.4629328,147441918.6630201
2022-06-22 00:00:00 UTC,0.023634728965580366,1712367684.613374,164769643.5388124
2022-06-23 00:00:00 UTC,0.022844241942363053,1659584551.927516,122189823.32386355
2022-06-24 00:00:00 UTC,0.024123010097752088,1752022040.3944364,130440576.95813073
2022-06-25 00:00:00 UTC,0.02562141614294966,1868558742.5368507,155397924.83142203
2022-06-26 00:00:00 UTC,0.02622648155072337,1900718645.1893058,129693585.77797702
2022-06-27 00:00:00 UTC,0.024409145333693708,1770614754.4140186,127682012.2403974
2022-06-28 00:00:00 UTC,0.02465081111476479,1788194599.3214254,120269738.71862003
2022-06-29 00:00:00 UTC,0.023451937256216193,1697746310.9135447,128995026.32987154
2022-06-30 00:00:00 UTC,0.022708972276769417,1646986042.92681,135199844.9533385
2022-07-01 00:00:00 UTC,0.02243233036479752,1615075340.9993014,125204578.68070026
2022-07-02 00:00:00 UTC,0.02236317414225513,1634812052.1488514,126127186.23669684
2022-07-03 00:00:00 UTC,0.022392257991397255,1623303330.097728,81924338.24282567
2022-07-04 00:00:00 UTC,0.022600200219292793,1637016560.3874338,74729495.16927156
2022-07-05 00:00:00 UTC,0.023339158289776847,1692216951.230264,99205991.83607872
2022-07-06 00:00:00 UTC,0.02274005492177042,1649026191.204064,107342290.90847501
2022-07-07 00:00:00 UTC,0.02367899770234598,1717297407.2198071,124453541.84528291
2022-07-08 00:00:00 UTC,0.024126394495599935,1756034030.006007,100797905.5214957
2022-07-09 00:00:00 UTC,0.024021926563193005,1745684458.679211,117513785.00702518
2022-07-10 00:00:00 UTC,0.02415714860461257,1753651761.9874418,76362823.94097237
2022-07-11 00:00:00 UTC,0.023450967219479948,1700321705.1929262,71429734.01901117
2022-07-12 00:00:00 UTC,0.022095452302275945,1603011492.8217828,80525123.12596647
2022-07-13 00:00:00 UTC,0.021556786086761457,1571897586.756061,74620435.65844741
2022-07-14 00:00:00 UTC,0.022270576982586898,1614267484.3032568,111565596.45125246
2022-07-15 00:00:00 UTC,0.022809660580025627,1655762309.5071094,97308259.99295017
2022-07-16 00:00:00 UTC,0.023000234732272893,1662873700.632893,89764925.71657449
2022-07-17 00:00:00 UTC,0.023677829960247507,1717191482.9891603,84020920.33169177
2022-07-18 00:00:00 UTC,0.023289850903985537,1693065865.2608535,88859070.7796708
2022-07-19 00:00:00 UTC,0.024724800700249402,1789317118.7830496,140247389.7570493
2022-07-20 00:00:00 UTC,0.02606026403937355,1887754336.5889404,170231153.3284521
2022-07-21 00:00:00 UTC,0.0253942553027284,1858595901.4609618,168297132.58823875
2022-07-22 00:00:00 UTC,0.0253514249516245,1839037756.4249432,115802539.05123015
2022-07-23 00:00:00 UTC,0.025349942748688254,1836475444.2298813,116184141.93092228
2022-07-24 00:00:00 UTC,0.025163394024808487,1825233908.6766207,88943008.14711894
2022-07-25 00:00:00 UTC,0.025129293285721506,1833497046.3507044,83249433.96115306
2022-07-26 00:00:00 UTC,0.023553001370608343,1722343277.6458573,91941528.86552352
2022-07-27 00:00:00 UTC,0.02332868430888891,1691656741.4485102,80164416.63000157
2022-07-28 00:00:00 UTC,0.0250973312354805,1818426421.5621216,108355160.59124823
2022-07-29 00:00:00 UTC,0.026302184128324003,1909087539.1755195,150525942.3448691
2022-07-30 00:00:00 UTC,0.026912678083444688,1969590967.6020205,131631289.51312278
2022-07-31 00:00:00 UTC,0.02735780250234822,1977869693.4089055,139201156.95912948
2022-08-01 00:00:00 UTC,0.027224174604436338,1979466437.6929946,128814736.2484099
2022-08-02 00:00:00 UTC,0.027736733191681167,2001603896.539394,107774228.2539178
2022-08-03 00:00:00 UTC,0.027990757235294997,2036433565.584087,194484717.87836108
2022-08-04 00:00:00 UTC,0.0295033134893695,2136586643.6275601,230432634.29338077
2022-08-05 00:00:00 UTC,0.02973548182496339,2149080608.919886,140542103.84649557
2022-08-06 00:00:00 UTC,0.031384589816793755,2271393859.825787,153132297.5431765
2022-08-07 00:00:00 UTC,0.030988704564245472,2244904164.1547546,98949311.03321558
2022-08-08 00:00:00 UTC,0.03131797679974559,2269812140.659203,84466489.25815703
2022-08-09 00:00:00 UTC,0.03159551952325676,2293297624.669549,113989205.21667789
2022-08-10 00:00:00 UTC,0.030381401176255467,2200011609.6817913,107333946.42792235
2022-08-11 00:00:00 UTC,0.032798592886209677,2374419986.430947,170638742.92045313
2022-08-12 00:00:00 UTC,0.03276826575672997,2369909197.47801,155208248.07542166
2022-08-13 00:00:00 UTC,0.033469931155849536,2419416156.229144,115544675.2183459
2022-08-14 00:00:00 UTC,0.03303206511132448,2392196435.519678,87455365.00443138
2022-08-15 00:00:00 UTC,0.03237272078967412,2347439979.787648,98869063.90597507
2022-08-16 00:00:00 UTC,0.0314922602705496,2283477646.2578335,101464100.84945771
2022-08-17 00:00:00 UTC,0.03080162795017391,2228894450.3493285,79915567.7959453
2022-08-18 00:00:00 UTC,0.029289035788322433,2126003841.6208928,108822390.6841379
2022-08-19 00:00:00 UTC,0.02831316588561857,2054452787.1690552,77642052.09948438
2022-08-20 00:00:00 UTC,0.025837590626704172,1872667861.2415895,134624425.60831636
2022-08-21 00:00:00 UTC,0.02582876045822327,1869852896.7574697,88676855.80733354
2022-08-22 00:00:00 UTC,0.026704001802980444,1936112924.900921,78216805.33854188
2022-08-23 00:00:00 UTC,0.026196651773644376,1896520772.364792,86832690.04767835
2022-08-24 00:00:00 UTC,0.026524429962314133,1924816987.89276,89346271.15570791
2022-08-25 00:00:00 UTC,0.026266025978741073,1904389279.285189,79002681.08319448
2022-08-26 00:00:00 UTC,0.026795205445720956,1946225693.180436,66045351.86309405
2022-08-27 00:00:00 UTC,0.024428372940205455,1762169210.4257483,90405438.75904414
2022-08-28 00:00:00 UTC,0.02454421376065078,1779530361.7876382,68201770.53541242
2022-08-29 00:00:00 UTC,0.023807375421780207,1727754551.3425372,56058666.42838857
2022-08-30 00:00:00 UTC,0.024914680128042068,1806170985.4804738,74085850.7429995
2022-08-31 00:00:00 UTC,0.02431766921474447,1772354835.9947574,72395905.68546198
2022-09-01 00:00:00 UTC,0.024175625751373088,1753757315.044417,70428800.22313887
2022-09-02 00:00:00 UTC,0.02434394430259,1762164878.6831021,65868203.0884692
2022-09-03 00:00:00 UTC,0.02409308211261121,1747252498.1486318,66643813.58637626
2022-09-04 00:00:00 UTC,0.024196704635043916,1756437016.675591,52637660.4539514
2022-09-05 00:00:00 UTC,0.024991638394405217,1811661412.368174,60864153.42620246
2022-09-06 00:00:00 UTC,0.024457659457929916,1770657618.970239,62135389.515935734
2022-09-07 00:00:00 UTC,0.023034736822163622,1672401515.0875835,86595915.08818536
2022-09-08 00:00:00 UTC,0.023847218099105942,1731527277.103703,77052961.71326897
2022-09-09 00:00:00 UTC,0.02428063607792005,1759153374.7904518,71642944.11605099
2022-09-10 00:00:00 UTC,0.02561859887765646,1857892558.0509355,93711233.6455505
2022-09-11 00:00:00 UTC,0.025771320366846845,1868425216.8448029,70440410.17919536
2022-09-12 00:00:00 UTC,0.025659985872276726,1861824919.4070163,66313473.956489116
2022-09-13 00:00:00 UTC,0.025621567798292007,1858906775.962138,95814238.60218078
2022-09-14 00:00:00 UTC,0.02354883458278807,1708872596.5680614,109156726.85112645
2022-09-15 00:00:00 UTC,0.024062631972844976,1741334434.7071974,81522398.2774881
2022-09-16 00:00:00 UTC,0.02322760419689521,1684451682.0179565,91361148.84926057
2022-09-17 00:00:00 UTC,0.023355462648522736,1690963228.0618966,70641537.61419249
2022-09-18 00:00:00 UTC,0.024370278588271038,1765639941.442105,59429714.6198376
2022-09-19 00:00:00 UTC,0.022470154430992224,1632683245.6238317,79516215.21872401
2022-09-20 00:00:00 UTC,0.02290861282284726,1663212153.8651745,89128988.26495093
2022-09-21 00:00:00 UTC,0.022682350455325878,1647887876.030506,69529629.14426206
2022-09-22 00:00:00 UTC,0.022041054023394457,1596912923.639397,104214508.40460795
2022-09-23 00:00:00 UTC,0.022956062225784838,1660059282.6179063,81564749.02411044
2022-09-24 00:00:00 UTC,0.023305660302242,1691489095.9592118,77533158.69993638
2022-09-25 00:00:00 UTC,0.022892710348719963,1660412964.8964386,61117054.278508455
2022-09-26 00:00:00 UTC,0.02243978566402154,1623809798.3214579,57239036.86687898
2022-09-27 00:00:00 UTC,0.02266180263139474,1643288905.4856236,70273915.5544263
2022-09-28 00:00:00 UTC,0.022705428813966096,1648567431.5649161,82304820.5910138
2022-09-29 00:00:00 UTC,0.022950148977973518,1665174102.0058799,69356604.62541646
2022-09-30 00:00:00 UTC,0.02346580973618978,1700404667.7936044,63664665.51688941
2022-10-01 00:00:00 UTC,0.023085805969718414,1674902572.3606966,61585549.427987255
2022-10-02 00:00:00 UTC,0.023356908657802277,1695007811.7986987,45578545.40594817
2022-10-03 00:00:00 UTC,0.022622819783689747,1648282166.0239546,50520341.11098732
2022-10-04 00:00:00 UTC,0.02354910871994594,1709627043.6873899,51300049.127199784
2022-10-05 00:00:00 UTC,0.02397802348538214,1741068462.995805,61132452.76351933
2022-10-06 00:00:00 UTC,0.023874314984402286,1730881766.8613849,48466786.0612895
2022-10-07 00:00:00 UTC,0.02340807629723398,1696875300.2714612,46014353.607021146
2022-10-08 00:00:00 UTC,0.02310490115028172,1675729868.8785446,51066423.08990052
2022-10-09 00:00:00 UTC,0.022938158050299782,1662824011.5038333,39245506.989124365
2022-10-10 00:00:00 UTC,0.023120921002430152,1673049236.9455044,38168572.627383985
2022-10-11 00:00:00 UTC,0.02280785873953585,1654939394.3244617,54687176.57679658
2022-10-12 00:00:00 UTC,0.0227343015790036,1646281497.305382,56033791.26690592
2022-10-13 00:00:00 UTC,0.0228106095421593,1654199586.583775,38422721.874282025
2022-10-14 00:00:00 UTC,0.02303840032465111,1670024103.5916126,77724479.08382715
2022-10-15 00:00:00 UTC,0.022836241776007724,1653843216.0529675,57806368.42170149
2022-10-16 00:00:00 UTC,0.022800054382884686,1652560160.8502614,46761800.8386284
2022-10-17 00:00:00 UTC,0.022928903817621794,1664066955.7233753,36795653.74972382
2022-10-18 00:00:00 UTC,0.02335190903294375,1693120059.5114913,46537668.8572402
2022-10-19 00:00:00 UTC,0.023052939683267513,1672987660.1332963,58092570.59222494
2022-10-20 00:00:00 UTC,0.022342325795483124,1621154016.7104824,51217878.37639238
2022-10-21 00:00:00 UTC,0.021858483688124694,1587678989.753641,54559898.18910711
2022-10-22 00:00:00 UTC,0.02247769361877979,1629998805.4185164,50667811.1732632
2022-10-23 00:00:00 UTC,0.02260181034666045,1638970469.3045623,35895810.14549419
2022-10-24 00:00:00 UTC,0.02281758674597962,1653693478.055069,44470132.05847556
2022-10-25 00:00:00 UTC,0.02243115239876237,1626251822.5625317,44803985.40076866
2022-10-26 00:00:00 UTC,0.022904349429046872,1660133684.814527,62165246.422138914
2022-10-27 00:00:00 UTC,0.02337675731358849,1692623110.9225836,57728260.70215787
2022-10-28 00:00:00 UTC,0.022941136899278774,1665560474.7454839,58891329.38685484
2022-10-29 00:00:00 UTC,0.02352881288351367,1704867440.3727539,51380000.949367166
2022-10-30 00:00:00 UTC,0.02396304279656139,1734613193.231407,65202549.319080524
2022-10-31 00:00:00 UTC,0.02354918461742913,1704904069.881041,57064445.969773665
2022-11-01 00:00:00 UTC,0.023959499939862572,1736971859.6196365,54397325.17497414
2022-11-02 00:00:00 UTC,0.023501287688402876,1703565355.4305432,50160128.56712007
2022-11-03 00:00:00 UTC,0.02318174873071436,1682140316.588021,63340700.85074177
2022-11-04 00:00:00 UTC,0.023706313322239398,1716361654.3243465,53585089.23943733
2022-11-05 00:00:00 UTC,0.025368167313687795,1838346680.0974653,95589395.57596548
2022-11-06 00:00:00 UTC,0.025768375219630345,1866807418.12386,71238397.43691765
2022-11-07 00:00:00 UTC,0.0247262297093919,1793358550.6795552,89056664.57740165
2022-11-08 00:00:00 UTC,0.026796029431570955,1942578704.8226616,156906582.28577775
2022-11-09 00:00:00 UTC,0.023701351186217356,1723903181.626741,336626661.977173
2022-11-10 00:00:00 UTC,0.019579041719503757,1419429476.7671347,192043334.80086753
2022-11-11 00:00:00 UTC,0.022318305327210103,1610191125.4368238,162791802.71541107
2022-11-12 00:00:00 UTC,0.021515870154933864,1555467855.2832046,95594582.84616563
2022-11-13 00:00:00 UTC,0.02015940413716136,1458022575.249817,57357648.99693721
2022-11-14 00:00:00 UTC,0.01922226592413708,1387474248.7334533,66857892.87479289
2022-11-15 00:00:00 UTC,0.019167420582641245,1393054084.5013738,100175269.25703949
2022-11-16 00:00:00 UTC,0.019763379524104823,1434493885.8474715,64178707.463480435
2022-11-17 00:00:00 UTC,0.01996167277469105,1446425744.5477479,70396902.87459004
2022-11-18 00:00:00 UTC,0.01939251344729635,1405756717.2625372,57346540.86625855
2022-11-19 00:00:00 UTC,0.019279446496325972,1396995798.5297983,37698842.443013765
2022-11-20 00:00:00 UTC,0.01931632852344927,1400876026.740556,32713785.94809963
2022-11-21 00:00:00 UTC,0.01810544196688968,1313152009.5079372,41933045.110784866
2022-11-22 00:00:00 UTC,0.017826455506281015,1292566430.0760875,57433600.92832447
2022-11-23 00:00:00 UTC,0.01813623409380818,1319042035.3566551,38860492.07590057
2022-11-24 00:00:00 UTC,0.01901865220347784,1377667545.14964,45883041.04132054
2022-11-25 00:00:00 UTC,0.019170004845757503,1388660393.0036366,46739846.99201493
2022-11-26 00:00:00 UTC,0.019020863432188912,1379506147.124421,43948160.923613146
2022-11-27 00:00:00 UTC,0.018976228582630855,1375996139.2478054,37923135.439404994
2022-11-28 00:00:00 UTC,0.01880991405300042,1367521104.5878055,34892817.57644888
2022-11-29 00:00:00 UTC,0.01829406811143864,1325735693.0913687,50753222.552603275
2022-11-30 00:00:00 UTC,0.018552716799676128,1345796202.36864,35276265.10319393
2022-12-01 00:00:00 UTC,0.01932324237184975,1403358433.6228802,47582228.10937644
2022-12-02 00:00:00 UTC,0.019083362090015953,1383558338.0582862,36371158.54035848
2022-12-03 00:00:00 UTC,0.01944068275537918,1409482354.2613103,37418518.99972113
2022-12-04 00:00:00 UTC,0.019055568252173253,1386758173.6063132,44027593.14204007
2022-12-05 00:00:00 UTC,0.019364141937738187,1403747120.041183,30843441.67658679
2022-12-06 00:00:00 UTC,0.01921888977104502,1393376340.0198672,36203862.29705678
2022-12-07 00:00:00 UTC,0.019237972101143672,1393312795.7861001,28309564.768438842
2022-12-08 00:00:00 UTC,0.01871567216405733,1357537439.6224697,32423760.145289715
2022-12-09 00:00:00 UTC,0.01909113858364794,1384898858.5674546,30751879.44979102
2022-12-10 00:00:00 UTC,0.019018144499955647,1378809397.405765,29646559.433933016
2022-12-11 00:00:00 UTC,0.019260495092980372,1395278702.82834,38627781.26848682
2022-12-12 00:00:00 UTC,0.019078721675572567,1383536412.8846855,30875332.98207164
2022-12-13 00:00:00 UTC,0.01892367321801165,1372952557.8164737,32940064.254347965
2022-12-14 00:00:00 UTC,0.019077996743290703,1384614395.1024525,47332409.33911188
2022-12-15 00:00:00 UTC,0.018743987181878925,1359202393.3071284,38606991.0131438
2022-12-16 00:00:00 UTC,0.018138357585563526,1316931311.0583875,35808497.890350886
2022-12-17 00:00:00 UTC,0.016939276317132417,1224916777.7785952,60755848.71644466
2022-12-18 00:00:00 UTC,0.01689888969805667,1224820838.0242836,44110669.36992318
2022-12-19 00:00:00 UTC,0.016701386765007157,1211824881.9826686,30729013.030303698
2022-12-20 00:00:00 UTC,0.01584306293486569,1150834014.8169928,42280535.70456831
2022-12-21 00:00:00 UTC,0.016348902140442018,1185921353.7445571,31991894.179142877
2022-12-22 00:00:00 UTC,0.016385862565825193,1186785990.6180212,29894107.703491315
2022-12-23 00:00:00 UTC,0.01639112000614311,1187815862.19904,35394787.296609916
2022-12-24 00:00:00 UTC,0.016292009779673006,1180939486.3223205,24646088.26281719
2022-12-25 00:00:00 UTC,0.01627341633906212,1179965898.4166174,21600936.367480725
2022-12-26 00:00:00 UTC,0.01617037592449184,1171635605.0973377,23496267.346704707
2022-12-27 00:00:00 UTC,0.016169087268214814,1172606966.6737843,26322744.113334615
2022-12-28 00:00:00 UTC,0.015989940401539594,1159009837.4228692,29249169.83333782
2022-12-29 00:00:00 UTC,0.015599741055477196,1131636702.5373905,36286260.18450839
2022-12-30 00:00:00 UTC,0.01571662736257291,1139540237.086921,31993334.8295229
2022-12-31 00:00:00 UTC,0.015688507549605053,1137719775.8802395,31220305.632022657
2023-01-01 00:00:00 UTC,0.015786430377785113,1144042606.9822798,27762606.424927972
2023-01-02 00:00:00 UTC,0.0160417489262987,1163389299.3836076,27974463.026489317
2023-01-03 00:00:00 UTC,0.016155834178553163,1171843910.6557992,33506967.51518911
2023-01-04 00:00:00 UTC,0.01608666036387865,1166267857.2707436,33985252.73546002
2023-01-05 00:00:00 UTC,0.016588516967900462,1202028806.7046168,38840107.83910774
2023-01-06 00:00:00 UTC,0.016228380972814302,1175567035.385589,33699522.38599391
2023-01-07 00:00:00 UTC,0.016443098306427765,1192316651.4708834,36985460.278229214
2023-01-08 00:00:00 UTC,0.01638107165791084,1187783253.5153553,26014740.79405437
2023-01-09 00:00:00 UTC,0.017053180292642713,1236285829.6849537,37041518.62260703
2023-01-10 00:00:00 UTC,0.017518135242435822,1271191314.7002606,65803105.163700156
2023-01-11 00:00:00 UTC,0.018149519184766746,1313743007.5652516,56796530.803473264
2023-01-12 00:00:00 UTC,0.018386916805061628,1329028781.7786443,44792688.75765353
2023-01-13 00:00:00 UTC,0.01884123796806837,1368174417.3018186,66927762.534125246
2023-01-14 00:00:00 UTC,0.020123511428256326,1454087216.0618024,65703950.72648142
2023-01-15 00:00:00 UTC,0.02074661920729798,1502780169.452677,103060399.23595935
2023-01-16 00:00:00 UTC,0.021098326635877237,1528253413.8635235,73444153.03048624
2023-01-17 00:00:00 UTC,0.021321663806240013,1546268958.6294718,74369309.11418696
2023-01-18 00:00:00 UTC,0.02132412978231016,1545285504.3942904,59429068.82011025
2023-01-19 00:00:00 UTC,0.019775098018359926,1432870488.8932192,78910528.6972548
2023-01-20 00:00:00 UTC,0.020331608706655065,1474285507.3078291,44636157.67715923
2023-01-21 00:00:00 UTC,0.022409363102232762,1621581738.1393194,59712491.17116536
2023-01-22 00:00:00 UTC,0.021855480320866427,1579180613.1875343,74017630.50545275
2023-01-23 00:00:00 UTC,0.02228570200714283,1614044267.1814172,69767608.68403874
2023-01-24 00:00:00 UTC,0.022961939899174763,1661605641.1913447,68232702.41682532
2023-01-25 00:00:00 UTC,0.021822859687905902,1578891501.8380377,69603311.96717806
2023-01-26 00:00:00 UTC,0.023124461475188617,1673880703.34695,70208886.33039604
2023-01-27 00:00:00 UTC,0.02387866901750588,1734508027.0548341,82784017.69289146
2023-01-28 00:00:00 UTC,0.024919687309417564,1805970204.781536,88499264.04882586
2023-01-29 00:00:00 UTC,0.024183978412303506,1751875365.6984878,56300520.47242824
2023-01-30 00:00:00 UTC,0.02465550210164791,1786590080.9189205,57043342.53793834
2023-01-31 00:00:00 UTC,0.023065921410591113,1670495099.4689467,82854183.85133763
2023-02-01 00:00:00 UTC,0.023187203282296887,1680519199.3645658,61273345.03909809
2023-02-02 00:00:00 UTC,0.02483059168557905,1797116531.0374436,114370447.22615848
2023-02-03 00:00:00 UTC,0.02416718586219952,1751724776.0463383,85884530.53924008
2023-02-04 00:00:00 UTC,0.02484100385526067,1801653752.798876,71796122.69146684
2023-02-05 00:00:00 UTC,0.024953211819169468,1807851032.698983,59329711.17844757
2023-02-06 00:00:00 UTC,0.02432147051735629,1764219337.9880834,79750487.3231772
2023-02-07 00:00:00 UTC,0.023969734629725504,1737042271.6595926,59758425.84825793
2023-02-08 00:00:00 UTC,0.026025177202033255,1883832348.5359244,88354238.42063147
2023-02-09 00:00:00 UTC,0.025769181353994926,1869756323.6088738,99358932.4450078
2023-02-10 00:00:00 UTC,0.023270462592852276,1688132370.4058356,146967077.80048856
2023-02-11 00:00:00 UTC,0.023627983388592604,1713701538.669065,89407109.03681418
2023-02-12 00:00:00 UTC,0.023968393047895765,1739789171.4559956,58413221.70308071
2023-02-13 00:00:00 UTC,0.023558721760144966,1711318464.5706182,61208854.97527117
2023-02-14 00:00:00 UTC,0.023038610487551195,1669248713.153568,78230332.1455252
2023-02-15 00:00:00 UTC,0.02388793490856013,1732049321.9093378,88666529.41266902
2023-02-16 00:00:00 UTC,0.02563604887039415,1856370806.419594,90261911.05539504
2023-02-17 00:00:00 UTC,0.024539148252640405,1779975510.8881183,128438154.50325611
2023-02-18 00:00:00 UTC,0.02773648386292846,2013811885.6523333,228221172.8640905
2023-02-19 00:00:00 UTC,0.027183646068749442,1970102828.1795466,115099836.36532871
2023-02-20 00:00:00 UTC,0.02867716874943213,2085446977.507547,324112858.7304205
2023-02-21 00:00:00 UTC,0.03175356464900826,2302079501.51184,370160748.502223
2023-02-22 00:00:00 UTC,0.030092727951821305,2178987431.310616,233928654.72996718
2023-02-23 00:00:00 UTC,0.029491970720695638,2140296706.0138607,144678653.67502666
2023-02-24 00:00:00 UTC,0.029745903104704693,2150407677.013203,134348408.40533748
2023-02-25 00:00:00 UTC,0.027732398974039327,2010278912.1949742,101330345.54971291
2023-02-26 00:00:00 UTC,0.026962522760691977,1953374960.960886,83958182.35206631
2023-02-27 00:00:00 UTC,0.028206068378093595,2046634046.9687228,83263303.28175278
2023-02-28 00:00:00 UTC,0.028135120600545776,2039083820.6596146,106812992.18810023
2023-03-01 00:00:00 UTC,0.026964419589914586,1951792307.9453855,61820644.4615228
2023-03-02 00:00:00 UTC,0.02811624098872654,2040946834.4171104,66985510.46422117
2023-03-03 00:00:00 UTC,0.027235132953491763,1974559167.7120564,72273167.21413274
2023-03-04 00:00:00 UTC,0.02546936994005475,1846154502.7407181,89155619.99965408
2023-03-05 00:00:00 UTC,0.024518259731116602,1776080824.5959795,58939988.75345933
2023-03-06 00:00:00 UTC,0.024372185936940394,1767844806.3023894,53726689.94172367
2023-03-07 00:00:00 UTC,0.024648285054792676,1786501045.7715197,55904038.05413238
2023-03-08 00:00:00 UTC,0.023616796920030585,1705118536.4540215,66784803.88349722
2023-03-09 00:00:00 UTC,0.022120295934304892,1608189401.0244317,59806264.81895953
2023-03-10 00:00:00 UTC,0.02034694691431364,1471073094.185291,94510380.88879053
2023-03-11 00:00:00 UTC,0.020676096233498253,1503142882.2710462,87723586.08763573
2023-03-12 00:00:00 UTC,0.02038518011192412,1475375581.2814825,71411843.4215385
2023-03-13 00:00:00 UTC,0.02204821830488828,1592806750.456869,62421373.233473
2023-03-14 00:00:00 UTC,0.023553731086458377,1702281429.3626494,104781766.42775612
2023-03-15 00:00:00 UTC,0.02399047588989918,1737511197.2816486,143746185.39791986
2023-03-16 00:00:00 UTC,0.02197842856632086,1595048123.7181764,126827815.56387116
2023-03-17 00:00:00 UTC,0.022548247452439878,1637200312.9937882,96886179.72518583
2023-03-18 00:00:00 UTC,0.02432940141254431,1763862090.6599867,124332748.19159673
2023-03-19 00:00:00 UTC,0.023131114734889394,1678486208.9161575,114756273.8403773
2023-03-20 00:00:00 UTC,0.024702548033792543,1798210312.0471866,111683039.67942177
2023-03-21 00:00:00 UTC,0.023156014971615204,1675380957.6102915,123816179.5919479
2023-03-22 00:00:00 UTC,0.02392080020811481,1733065043.8181436,84805873.51462212
2023-03-23 00:00:00 UTC,0.02266104713128877,1641422062.808698,107653101.60461529
2023-03-24 00:00:00 UTC,0.02374661766432961,1721994949.2445784,57564866.686203435
2023-03-25 00:00:00 UTC,0.02293450725728306,1675836483.3767085,70885090.51182581
2023-03-26 00:00:00 UTC,0.02291889446139331,1661035159.5587666,57934566.91951592
2023-03-27 00:00:00 UTC,0.02294150141002155,1667577117.9680805,51203660.520415895
2023-03-28 00:00:00 UTC,0.022116607557119285,1602584219.2729418,63261931.04807223
2023-03-29 00:00:00 UTC,0.022495120460420445,1630242640.9852247,54612841.95950266
2023-03-30 00:00:00 UTC,0.023245121318614188,1684977529.0467038,65231923.114732206
2023-03-31 00:00:00 UTC,0.022919472590843235,1661185257.1558516,72700130.8830757
2023-04-01 00:00:00 UTC,0.023496054569762,1704607889.1467836,66942674.91450597
2023-04-02 00:00:00 UTC,0.023545931955713563,1708926932.9347866,53191943.592736565
2023-04-03 00:00:00 UTC,0.02332745605622047,1690581480.3307242,63096059.01543505
2023-04-04 00:00:00 UTC,0.023139524725912634,1678352500.7795181,80013014.24161652
2023-04-05 00:00:00 UTC,0.024127863601943505,1748136582.4654183,77776591.40696473
2023-04-06 00:00:00 UTC,0.024370785423925113,1769849542.8555176,68244195.46929088
2023-04-07 00:00:00 UTC,0.024580141246873886,1781191090.000393,99421499.70309255
2023-04-08 00:00:00 UTC,0.024172522118685896,1752296964.78022,65556073.41796098
2023-04-09 00:00:00 UTC,0.024012606227491188,1742253323.4937518,56135821.733434685
2023-04-10 00:00:00 UTC,0.024356919666987508,1766986793.5249026,52549366.987627886
2023-04-11 00:00:00 UTC,0.02496943563019909,1811007550.5505986,57720110.84547506
2023-04-12 00:00:00 UTC,0.02491139180408536,1805901688.3345933,64932051.14795454
2023-04-13 00:00:00 UTC,0.0244766081670382,1775625119.2114317,66312214.39711646
2023-04-14 00:00:00 UTC,0.025353217240495426,1838969299.767194,59791668.92296604
2023-04-15 00:00:00 UTC,0.025857245189486008,1874464482.472802,82463533.13251428
2023-04-16 00:00:00 UTC,0.02573092784338259,1869283587.5997071,54671680.62014967
2023-04-17 00:00:00 UTC,0.026192757861778264,1898140059.6930726,70873901.87054244
2023-04-18 00:00:00 UTC,0.025479532796594307,1846475547.6587837,66962760.22165881
2023-04-19 00:00:00 UTC,0.026447562212298676,1918325661.2616148,74405523.09249692
2023-04-20 00:00:00 UTC,0.02387228216212692,1731935612.9943697,101845942.32863955
2023-04-21 00:00:00 UTC,0.0231448628615432,1677214086.806805,73662928.43462846
2023-04-22 00:00:00 UTC,0.022162459002435426,1606925966.4273906,69327532.5191491
2023-04-23 00:00:00 UTC,0.022720875044622706,1646909265.3725924,45464151.26694806
2023-04-24 00:00:00 UTC,0.02215139959725362,1603542002.7273417,49049764.79823416
2023-04-25 00:00:00 UTC,0.022106331907155607,1604410397.3959894,47769664.0532488
2023-04-26 00:00:00 UTC,0.022719455459883558,1647579921.3891108,60780784.83112739
2023-04-27 00:00:00 UTC,0.02201070674695081,1595780410.7817547,80912552.32571024
2023-04-28 00:00:00 UTC,0.022575166450951794,1636643983.4793935,64201681.250427686
2023-04-29 00:00:00 UTC,0.02243740944558209,1627079080.9037354,43953621.36267562
2023-04-30 00:00:00 UTC,0.022669731966320838,1643095603.05674,37179223.99858671
2023-05-01 00:00:00 UTC,0.0223197169651914,1618806214.7890725,41321687.643388286
2023-05-02 00:00:00 UTC,0.021522616750354804,1559789255.8967118,48894243.20633756
2023-05-03 00:00:00 UTC,0.021180717679443656,1535478377.430492,83497306.35613737
2023-05-04 00:00:00 UTC,0.020935137289852242,1517173227.1471233,112838935.48019157
2023-05-05 00:00:00 UTC,0.020785449374816543,1506761184.95462,45281589.761375464
2023-05-06 00:00:00 UTC,0.02118597933399769,1536119056.49955,46123801.06562576
2023-05-07 00:00:00 UTC,0.020336764305956965,1474211723.3851593,46886363.53451051
2023-05-08 00:00:00 UTC,0.020281114073669854,1468881384.8767278,35126932.25798226
2023-05-09 00:00:00 UTC,0.019359536173984948,1406918246.7542045,73557446.81870006
2023-05-10 00:00:00 UTC,0.01938713033102105,1408846974.3479948,48411961.53851202
2023-05-11 00:00:00 UTC,0.01965579815788427,1428333015.2449675,60929092.057744786
2023-05-12 00:00:00 UTC,0.019031061256349537,1383866658.494604,49646879.77651701
2023-05-13 00:00:00 UTC,0.019216415574693335,1397763430.3168433,43413574.70115245
2023-05-14 00:00:00 UTC,0.019166403652455977,1397921168.2172902,30571146.666679826
2023-05-15 00:00:00 UTC,0.019207587011940256,1396984146.8847616,29969149.761669677
2023-05-16 00:00:00 UTC,0.01949923487897035,1416501513.2769814,34764781.90647659
2023-05-17 00:00:00 UTC,0.019477284765136053,1417285750.8418474,34117489.8594736
2023-05-18 00:00:00 UTC,0.019961668231330977,1452278325.028284,38368496.975954026
2023-05-19 00:00:00 UTC,0.019523130298880483,1421366069.690677,36336138.75115764
2023-05-20 00:00:00 UTC,0.019578904290000216,1424289573.7084558,34733938.1996604
2023-05-21 00:00:00 UTC,0.01941452603095038,1411601837.2356148,26774900.864414
2023-05-22 00:00:00 UTC,0.019000904733563223,1382237742.5175588,28917802.087580025
2023-05-23 00:00:00 UTC,0.019333889931773953,1407488014.9467943,37208246.34086611
2023-05-24 00:00:00 UTC,0.019408429138844562,1411306570.6823993,33630019.70203181
2023-05-25 00:00:00 UTC,0.01948684409495704,1418497342.936382,42062647.02813107
2023-05-26 00:00:00 UTC,0.019284504096398897,1402223286.5650911,37498508.77294375
2023-05-27 00:00:00 UTC,0.01927909774115751,1401640956.840584,36857601.67801614
2023-05-28 00:00:00 UTC,0.020135880978351322,1463847550.7883198,43244396.170364186
2023-05-29 00:00:00 UTC,0.020461614827118994,1488162408.7870207,54335908.93616168
2023-05-30 00:00:00 UTC,0.020481872104119645,1489209227.4462917,45498859.68351689
2023-05-31 00:00:00 UTC,0.020908837494631873,1521765125.6442335,45072125.209665954
2023-06-01 00:00:00 UTC,0.02036238595470417,1480465656.7283564,42816048.229314
2023-06-02 00:00:00 UTC,0.019760236827976663,1436204929.0909815,44258784.83524468
2023-06-03 00:00:00 UTC,0.019790653118680498,1440023507.4164774,46018391.67045587
2023-06-04 00:00:00 UTC,0.019976518275929455,1452499237.3342223,40763905.48026826
2023-06-05 00:00:00 UTC,0.019793023764206788,1438516388.0999432,35967133.13474122
2023-06-06 00:00:00 UTC,0.018603560723982965,1352532412.4953005,64996870.79616751
2023-06-07 00:00:00 UTC,0.018907363931248138,1373926180.8086092,52026539.30451724
2023-06-08 00:00:00 UTC,0.01776745668306403,1291948151.526777,53207731.93455066
2023-06-09 00:00:00 UTC,0.017828205107022932,1296265670.8665264,40829642.486013286
2023-06-10 00:00:00 UTC,0.017060135047392875,1241178610.8309207,62593031.30199523
2023-06-11 00:00:00 UTC,0.015613239644859068,1136424987.9196513,115377974.67672256
2023-06-12 00:00:00 UTC,0.01580135993768622,1148274439.6396358,38104171.87015054
2023-06-13 00:00:00 UTC,0.015922781767114164,1156999944.2626476,37860248.36266039
2023-06-14 00:00:00 UTC,0.016027588876787423,1164634007.0500693,43282598.7549789
2023-06-15 00:00:00 UTC,0.015405488600940695,1120895532.192673,36702817.38170029
2023-06-16 00:00:00 UTC,0.014984186438971309,1089979843.0369587,52374522.10503225
2023-06-17 00:00:00 UTC,0.01472029052277697,1070334154.2589267,75868917.7731316
2023-06-18 00:00:00 UTC,0.015014423077739614,1092195465.1878903,41421693.25610604
2023-06-19 00:00:00 UTC,0.01484292898320834,1080749262.8907468,32524713.228365783
2023-06-20 00:00:00 UTC,0.015144967536360231,1101022785.7109466,31946970.290101256
2023-06-21 00:00:00 UTC,0.015576643868400984,1131321940.5221853,32958934.43561356
2023-06-22 00:00:00 UTC,0.01644086962777909,1195328825.6742342,40116973.13931481
2023-06-23 00:00:00 UTC,0.01693784289209408,1234614704.496133,60008441.34378906
2023-06-24 00:00:00 UTC,0.01869368437231056,1360947126.3774173,167390282.95335576
2023-06-25 00:00:00 UTC,0.018128613468853475,1318745179.834101,49167371.89920752
2023-06-26 00:00:00 UTC,0.018441933894051563,1340989126.8992445,43318347.42685708
2023-06-27 00:00:00 UTC,0.018309890414562487,1327946558.3378632,58331177.58933102
2023-06-28 00:00:00 UTC,0.018936965158702468,1376719400.4902084,41777298.36195054
2023-06-29 00:00:00 UTC,0.01800946377049318,1310572223.6318302,71584349.21319559
2023-06-30 00:00:00 UTC,0.018884015465698158,1373251124.3876495,62145908.02520087
2023-07-01 00:00:00 UTC,0.01967451536815264,1429426728.1346161,68771667.78605714
2023-07-02 00:00:00 UTC,0.020520676247637835,1495755928.1909204,65413206.99283159
2023-07-03 00:00:00 UTC,0.02040807797670233,1483299635.4726894,47493193.15397142
2023-07-04 00:00:00 UTC,0.020419484503692405,1485715701.524305,37835671.89044701
2023-07-05 00:00:00 UTC,0.019916291217469358,1449884858.5541613,43021222.87804632
2023-07-06 00:00:00 UTC,0.019202845744180443,1399354971.003441,47008938.28588028
2023-07-07 00:00:00 UTC,0.018423630482946762,1342263806.4983435,46344649.16626453
2023-07-08 00:00:00 UTC,0.018635556047700588,1353505733.16669,39855160.27740002
2023-07-09 00:00:00 UTC,0.01880931134732674,1366501576.158487,31881540.309667446
2023-07-10 00:00:00 UTC,0.018555105415633447,1348932739.8210263,30203696.242895253
2023-07-11 00:00:00 UTC,0.01860762694442843,1350814153.4321787,41197582.74579056
2023-07-12 00:00:00 UTC,0.018787967093377215,1366978071.838165,30967800.23099535
2023-07-13 00:00:00 UTC,0.018997473685437215,1382082601.0515778,36095146.889754355
2023-07-14 00:00:00 UTC,0.020212719605860116,1467235982.8676634,77452109.57088786
2023-07-15 00:00:00 UTC,0.019466376648523985,1414880913.5761964,63405109.335716225
2023-07-16 00:00:00 UTC,0.01963806418961738,1428223537.8630078,36566886.16676405
2023-07-17 00:00:00 UTC,0.01940492979386019,1408092822.787486,39221823.96700157
2023-07-18 00:00:00 UTC,0.019434390539609176,1411443516.9949472,40314583.779634774
2023-07-19 00:00:00 UTC,0.019062344405922905,1385378184.06161,36429419.76257252
2023-07-20 00:00:00 UTC,0.019109256813035835,1388197297.3833387,40237051.98987802
2023-07-21 00:00:00 UTC,0.01908567801936747,1387631460.9298036,38168730.527448
2023-07-22 00:00:00 UTC,0.019288545121763673,1403793117.4165025,31361318.759260464
2023-07-23 00:00:00 UTC,0.019174738255818627,1394380494.449819,40786083.40441965
2023-07-24 00:00:00 UTC,0.01961426349386986,1426860730.6557167,34673130.69491937
2023-07-25 00:00:00 UTC,0.018691017101308216,1358625702.2819319,43810152.10595303
2023-07-26 00:00:00 UTC,0.018544389466536384,1350152633.2531722,30530783.983897254
2023-07-27 00:00:00 UTC,0.01863635983552767,1354801982.2497172,31901728.832334
2023-07-28 00:00:00 UTC,0.018523023172417916,1347263086.4143708,29022337.784697652
2023-07-29 00:00:00 UTC,0.018661214040531157,1356254169.6782205,31592108.000032835
2023-07-30 00:00:00 UTC,0.01888022489646652,1373512245.9427993,26934285.36923685
2023-07-31 00:00:00 UTC,0.01871436696270263,1360797598.827368,32218415.49740429
2023-08-01 00:00:00 UTC,0.01863332947321205,1354595908.258492,31002579.295901258
2023-08-02 00:00:00 UTC,0.01886427559556977,1369236791.827625,39573095.5396184
2023-08-03 00:00:00 UTC,0.018230964046762343,1327669462.019345,30732998.7472198
2023-08-04 00:00:00 UTC,0.017921741173784467,1303926176.5159025,35537845.900660284
2023-08-05 00:00:00 UTC,0.017871972403563977,1299219387.3976243,28665518.232732423
2023-08-06 00:00:00 UTC,0.017847443008213396,1297507886.5433717,23385421.082460575
2023-08-07 00:00:00 UTC,0.017666946538617372,1283626559.4776154,26408508.809680298
2023-08-08 00:00:00 UTC,0.017663671129850917,1284041443.290866,29503937.60193522
2023-08-09 00:00:00 UTC,0.017937127055427035,1304156319.5005453,34020145.23328305
2023-08-10 00:00:00 UTC,0.01779099947062438,1293787094.074959,27852561.12814328
2023-08-11 00:00:00 UTC,0.01807751677130746,1312627495.2819312,29409074.88703513
2023-08-12 00:00:00 UTC,0.018089768691123387,1314978785.316677,26165541.396874275
2023-08-13 00:00:00 UTC,0.017892120916837305,1301203366.2057996,21752504.39085946
2023-08-14 00:00:00 UTC,0.018079697009558603,1315630556.283654,30077810.09363477
2023-08-15 00:00:00 UTC,0.018569686595962913,1350964015.590942,35546937.190207735
2023-08-16 00:00:00 UTC,0.01761599878789454,1280794511.7220876,35193551.75313469
2023-08-17 00:00:00 UTC,0.016879637806793996,1227669294.7458105,46774648.224497594
2023-08-18 00:00:00 UTC,0.01568720419005597,1144191894.362008,58570123.67088461
2023-08-19 00:00:00 UTC,0.016005647251508385,1163483045.8195984,39357227.25735639
2023-08-20 00:00:00 UTC,0.016031926727959,1166770852.4280086,25182730.992801867
2023-08-21 00:00:00 UTC,0.0163853552672725,1192097620.2572505,27705979.898621663
2023-08-22 00:00:00 UTC,0.01612781329967461,1172966714.456674,34266037.05757588
2023-08-23 00:00:00 UTC,0.01596342018868202,1160314510.024921,27438964.582682308
2023-08-24 00:00:00 UTC,0.01632377706689927,1186323701.1296031,26340175.812328167
2023-08-25 00:00:00 UTC,0.01586674024402591,1154253100.1625245,26428893.752871357
2023-08-26 00:00:00 UTC,0.016026914102691386,1164583176.6140926,25672925.563910376
2023-08-27 00:00:00 UTC,0.01584835299394051,1152094210.5219772,19853082.966427278
2023-08-28 00:00:00 UTC,0.015951209198440144,1159205209.2203074,20071818.99335224
2023-08-29 00:00:00 UTC,0.015953142186389935,1160198002.4754374,31530991.7032727
2023-08-30 00:00:00 UTC,0.016616614593912695,1206762438.8930492,35320126.03226254
2023-08-31 00:00:00 UTC,0.016251728923148703,1182286683.0988126,25102191.47516546
2023-09-01 00:00:00 UTC,0.015732986636720635,1145440993.6281962,31837669.038955793
2023-09-02 00:00:00 UTC,0.015523690211683355,1128633309.442182,26014919.63380489
2023-09-03 00:00:00 UTC,0.015479915011301667,1125849434.0279212,20383554.193145134
2023-09-04 00:00:00 UTC,0.01552954559802896,1130653606.0898566,30109814.240052108
2023-09-05 00:00:00 UTC,0.015476504749922295,1124928924.0095787,21856974.432436395
2023-09-06 00:00:00 UTC,0.015641387866498005,1137788123.7288346,21640715.76769196
2023-09-07 00:00:00 UTC,0.015627099652465223,1135739155.4105942,39386199.24483224
2023-09-08 00:00:00 UTC,0.01574997517906787,1144508492.4978583,23920700.433187466
2023-09-09 00:00:00 UTC,0.015675919243426477,1139436509.501937,23741219.18630727
2023-09-10 00:00:00 UTC,0.015561429451807354,1131452232.8780875,18361001.41102304
2023-09-11 00:00:00 UTC,0.01523062919495812,1107471989.7642612,26467593.735004082
2023-09-12 00:00:00 UTC,0.014736698537249626,1070746547.3143772,32522049.33604969
2023-09-13 00:00:00 UTC,0.01645540288985189,1197034527.049355,124151549.48547144
2023-09-14 00:00:00 UTC,0.016592537972906867,1209281325.4219303,91599012.55935054
2023-09-15 00:00:00 UTC,0.016987457156523028,1236213557.9000878,41075446.74539114
2023-09-16 00:00:00 UTC,0.017843395819968615,1292219973.5214293,48837305.11060612
2023-09-17 00:00:00 UTC,0.017698581981842813,1285896606.81842,51577340.008919075
2023-09-18 00:00:00 UTC,0.017095516703607358,1241692945.3026743,34971302.67494796
2023-09-19 00:00:00 UTC,0.01734611947173429,1261282816.163422,41961633.56594658
2023-09-20 00:00:00 UTC,0.017702070038735602,1287299164.98497,33724633.08692244
2023-09-21 00:00:00 UTC,0.01770927459452951,1289368035.6070838,29721322.21006967
2023-09-22 00:00:00 UTC,0.017128039861731864,1245933098.2733328,30239161.6785085
2023-09-23 00:00:00 UTC,0.01704493425528994,1239422620.623979,25236948.452636305
2023-09-24 00:00:00 UTC,0.016975074894202836,1233723314.1342037,22723035.56177265
2023-09-25 00:00:00 UTC,0.01650681593107666,1199726913.8724782,23016094.68511023
2023-09-26 00:00:00 UTC,0.016749196469732854,1217423886.321685,30682317.802289482
2023-09-27 00:00:00 UTC,0.016524780662358966,1202337336.9599106,26365248.334993325
2023-09-28 00:00:00 UTC,0.016370642841692717,1190255106.901283,29808736.364830617
2023-09-29 00:00:00 UTC,0.01691131487133195,1230448473.659021,25249329.832557514
2023-09-30 00:00:00 UTC,0.017048882228819843,1239957994.6080172,28845718.18623358
2023-10-01 00:00:00 UTC,0.017402367172850913,1266026663.5403492,36421137.73083981
2023-10-02 00:00:00 UTC,0.01747816403907476,1270324492.0622392,33234142.09573509
2023-10-03 00:00:00 UTC,0.01694524114320584,1232611723.7693663,42978215.67805732
2023-10-04 00:00:00 UTC,0.016863767991045407,1226936908.441017,29302648.109020963
2023-10-05 00:00:00 UTC,0.01676883151238713,1219369725.4223065,32925188.95108482
2023-10-06 00:00:00 UTC,0.016648415243514333,1210116906.9363444,22957602.231450446
2023-10-07 00:00:00 UTC,0.016861636798068527,1225726182.582647,22366706.787769508
2023-10-08 00:00:00 UTC,0.017020782001973937,1237038443.5464892,22287823.00566814
2023-10-09 00:00:00 UTC,0.017151005005679808,1247044809.8643377,23441377.49002215
2023-10-10 00:00:00 UTC,0.016524589238467908,1201004023.5545537,33063982.749732863
2023-10-11 00:00:00 UTC,0.01661383815659421,1209217024.2515101,29442679.28280812
2023-10-12 00:00:00 UTC,0.0162025171636286,1178249298.990123,28037141.182496697
2023-10-13 00:00:00 UTC,0.016354502980920817,1190279454.151822,31241402.644491147
2023-10-14 00:00:00 UTC,0.016373953758445955,1189580512.1810343,25216681.025134563
2023-10-15 00:00:00 UTC,0.016384556464088675,1192043196.1685414,24413419.50897871
2023-10-16 00:00:00 UTC,0.016467215929772277,1197612173.123567,28214924.23486429
2023-10-17 00:00:00 UTC,0.016722121171072805,1217160485.2806919,36548750.99643808
2023-10-18 00:00:00 UTC,0.01656678209513509,1203104632.4604745,26272932.16566309
2023-10-19 00:00:00 UTC,0.01619754836070778,1177662005.924224,34237665.68535562
2023-10-20 00:00:00 UTC,0.016293754078825166,1184078662.7353468,36405117.43919179
2023-10-21 00:00:00 UTC,0.016541061974450356,1203120071.8097596,37454565.58032549
2023-10-22 00:00:00 UTC,0.01705444325349763,1240240666.1887412,35662088.95545145
2023-10-23 00:00:00 UTC,0.017557512193904057,1261307051.6519961,75918691.55310252
2023-10-24 00:00:00 UTC,0.018585915669333354,1351407883.9602234,100808334.90696676
2023-10-25 00:00:00 UTC,0.018451958559188256,1342439513.7588196,133745571.50755599
2023-10-26 00:00:00 UTC,0.019076093884369087,1385957124.8298259,95848400.3051049
2023-10-27 00:00:00 UTC,0.01877444522082546,1365182333.5945191,85746859.65379894
2023-10-28 00:00:00 UTC,0.018568545426909812,1351379538.1641357,50039598.625267014
2023-10-29 00:00:00 UTC,0.01894411081444629,1377968574.6946678,32316112.893510364
2023-10-30 00:00:00 UTC,0.019058522601225845,1385875042.2773526,34642139.39557051
2023-10-31 00:00:00 UTC,0.019034098500419677,1383346067.9495347,37776292.13663133
2023-11-01 00:00:00 UTC,0.018864157443170645,1371389652.938092,62579752.01432452
2023-11-02 00:00:00 UTC,0.01944391936280984,1414142749.2061481,67227836.9344191
2023-11-03 00:00:00 UTC,0.01920094100276444,1397435449.0262985,42142710.35903544
2023-11-04 00:00:00 UTC,0.019284119732098072,1402514548.8153062,33636754.76558546
2023-11-05 00:00:00 UTC,0.020207878216507717,1474702707.4551897,40355299.99165038
2023-11-06 00:00:00 UTC,0.020540134416871334,1494083900.0486982,49316366.81595601
2023-11-07 00:00:00 UTC,0.021761066336075868,1582074734.5020978,62186091.176680885
2023-11-08 00:00:00 UTC,0.021625206581757664,1567955120.950037,48506097.0138254
2023-11-09 00:00:00 UTC,0.02267577123469871,1649926415.9244637,61336686.07315536
2023-11-10 00:00:00 UTC,0.02190458165024266,1590240685.468359,95078755.62240966
2023-11-11 00:00:00 UTC,0.022800095776361946,1659218398.664104,63982892.81634447
2023-11-12 00:00:00 UTC,0.022265675512299497,1617545216.866402,54539502.46344888
2023-11-13 00:00:00 UTC,0.022271989336120155,1619285936.1420877,48111381.094521515
2023-11-14 00:00:00 UTC,0.02135427284634014,1555380182.5693648,61098546.85503138
2023-11-15 00:00:00 UTC,0.020763541081467742,1511259702.6670403,50941603.67371676
2023-11-16 00:00:00 UTC,0.021928167023184692,1591784391.3355355,47578975.050229944
2023-11-17 00:00:00 UTC,0.02096314541313929,1524212019.2149422,60651879.22578829
2023-11-18 00:00:00 UTC,0.02099154993252961,1528276884.4434717,46778515.33695117
2023-11-19 00:00:00 UTC,0.02100185004838453,1527137592.2341578,33593233.476082265
2023-11-20 00:00:00 UTC,0.021461535929391606,1561802106.785233,32589507.71536184
2023-11-21 00:00:00 UTC,0.02133409402153947,1551359382.294931,51978484.375235945
2023-11-22 00:00:00 UTC,0.019411280424699605,1411691194.513698,65472457.15342603
2023-11-23 00:00:00 UTC,0.021026181477893813,1528968634.2961287,45140646.95226543
2023-11-24 00:00:00 UTC,0.02125292377105357,1544560327.7114954,34797449.355020605
2023-11-25 00:00:00 UTC,0.021322638424294382,1550425382.5362525,37078351.14625686
2023-11-26 00:00:00 UTC,0.02200337782461191,1596147796.196883,33377450.596495315
2023-11-27 00:00:00 UTC,0.022409793533854385,1628072058.4628181,106667276.75098318
2023-11-28 00:00:00 UTC,0.02151035604657318,1562306944.9371073,51782286.444603406
2023-11-29 00:00:00 UTC,0.021613718813103703,1571601173.1850977,50283190.28541925
2023-11-30 00:00:00 UTC,0.02172087855086879,1580513792.8563104,44008829.02131285
2023-12-01 00:00:00 UTC,0.021348131888738527,1553377113.9105434,32055393.70763618
2023-12-02 00:00:00 UTC,0.0225378145486793,1638745970.0858085,39611667.54495399
2023-12-03 00:00:00 UTC,0.02291320403919917,1665570222.3589268,39063051.73052035
2023-12-04 00:00:00 UTC,0.022638408432466145,1648313949.035403,44463045.70535393
2023-12-05 00:00:00 UTC,0.024023683282774405,1744719256.4228837,73949844.72477467
2023-12-06 00:00:00 UTC,0.02480123217900141,1804589479.5010636,72584319.27640188
2023-12-07 00:00:00 UTC,0.025319149280376645,1842098005.427821,74472469.46628354
2023-12-08 00:00:00 UTC,0.02522239571733702,1835280839.6747508,55547609.6302966
2023-12-09 00:00:00 UTC,0.026890770256016022,1955168706.4285548,73815612.4003615
2023-12-10 00:00:00 UTC,0.027156107312081224,1973602381.0521915,68708872.86132737
2023-12-11 00:00:00 UTC,0.027658233012012833,2010662024.1606357,51152799.53912308
2023-12-12 00:00:00 UTC,0.027124925134808305,1973652552.7416267,129736252.66956817
2023-12-13 00:00:00 UTC,0.02919762188385886,2125164386.8088474,140802558.06590238
2023-12-14 00:00:00 UTC,0.031117718077406275,2263795384.3067107,125428492.39327738
2023-12-15 00:00:00 UTC,0.030874008449725467,2245258371.0257936,77605648.10315628
2023-12-16 00:00:00 UTC,0.028902364710320937,2104208079.3638935,52725560.8652812
2023-12-17 00:00:00 UTC,0.029808999131700792,2164987125.309622,67289750.1875988
2023-12-18 00:00:00 UTC,0.029189814909081308,2121633740.0512738,45964836.99767758
2023-12-19 00:00:00 UTC,0.031910957545050946,2320130675.7790933,114964804.69221368
2023-12-20 00:00:00 UTC,0.03289344033532647,2390201026.832433,141102578.6550478
2023-12-21 00:00:00 UTC,0.0347351915499875,2525400078.876859,171475265.44016793
2023-12-22 00:00:00 UTC,0.034842287733564244,2533401358.490585,79684710.00449681
2023-12-23 00:00:00 UTC,0.0360543659368511,2623115626.107236,98681507.95694946
2023-12-24 00:00:00 UTC,0.035537122442917464,2586573582.3616505,52307177.58154401
2023-12-25 00:00:00 UTC,0.03458183591539017,2515975984.8829236,76635290.28423503
2023-12-26 00:00:00 UTC,0.03816048113339651,2775444775.809076,112560414.10710137
2023-12-27 00:00:00 UTC,0.03728859962301313,2710916404.598107,99159048.25695133
2023-12-28 00:00:00 UTC,0.03698961671258449,2690893664.947074,63865405.441014834
2023-12-29 00:00:00 UTC,0.035569315911199585,2590311675.187632,66724958.52502656
2023-12-30 00:00:00 UTC,0.035057707006115775,2549642334.7574077,61637490.03845817
2023-12-31 00:00:00 UTC,0.03576664212782458,2602848574.6237154,77541561.25210977
2024-01-01 00:00:00 UTC,0.0341936911726311,2486879078.7198257,53669663.768592395
2024-01-02 00:00:00 UTC,0.03657714410244175,2657179105.7497864,60609810.4381796
2024-01-03 00:00:00 UTC,0.034998921747891445,2539071960.351689,61763246.33669006
2024-01-04 00:00:00 UTC,0.032127783307410514,2335992532.200172,106395681.79053898
2024-01-05 00:00:00 UTC,0.032793221563170175,2385524712.6469307,59454597.152615584
2024-01-06 00:00:00 UTC,0.031003021293675465,2251925073.543996,58462857.94109091
2024-01-07 00:00:00 UTC,0.02964960617693092,2155855118.35772,50363821.716273785
2024-01-08 00:00:00 UTC,0.02853869816960427,2071880983.2172465,53246798.739538334
2024-01-09 00:00:00 UTC,0.03106726051885791,2263135516.9783025,117988766.82030717
2024-01-10 00:00:00 UTC,0.030003279793448384,2177769739.6630917,64409912.01306735
2024-01-11 00:00:00 UTC,0.032716798846003946,2381464196.996765,76211795.58010998
2024-01-12 00:00:00 UTC,0.0330954935036884,2408218598.0876756,80538865.69595058
2024-01-13 00:00:00 UTC,0.030847315318918083,2242115618.229208,67052421.57920069
2024-01-14 00:00:00 UTC,0.030997809490771515,2255095000.9639635,40241545.718206584
2024-01-15 00:00:00 UTC,0.029377276317204708,2146585516.0745745,41298060.81750217
2024-01-16 00:00:00 UTC,0.030263420645844585,2200792404.405795,41170133.10186335
2024-01-17 00:00:00 UTC,0.030489747904809687,2218076087.0346956,43902040.38168301
2024-01-18 00:00:00 UTC,0.030019226629216984,2183122317.3159513,40380494.27273843
2024-01-19 00:00:00 UTC,0.028470195564405883,2070765423.764277,45970208.00522989
2024-01-20 00:00:00 UTC,0.028443500038017683,2067767992.9135275,45158615.71713831
2024-01-21 00:00:00 UTC,0.02841920806944347,2070052276.2883484,30387371.331984233
2024-01-22 00:00:00 UTC,0.027969227275327357,2037942543.8713877,28430540.487417907
2024-01-23 00:00:00 UTC,0.026071205001529176,1896069154.753165,42636353.66427059
2024-01-24 00:00:00 UTC,0.02655109038867967,1929382619.9757867,57408775.901680455
2024-01-25 00:00:00 UTC,0.02725034620228675,1982061136.6593843,40918142.63921545
2024-01-26 00:00:00 UTC,0.027080231102443775,1970379717.0877845,34717407.98228103
2024-01-27 00:00:00 UTC,0.028008468643274137,2035622615.4912598,45833724.43575227
2024-01-28 00:00:00 UTC,0.028286618924309604,2057475108.582008,31934931.487755053
2024-01-29 00:00:00 UTC,0.02800979243219822,2037732128.8429813,40050689.56016825
2024-01-30 00:00:00 UTC,0.029044447782673316,2112280622.9722402,39513608.914203696
2024-01-31 00:00:00 UTC,0.028571351641117196,2075817023.6374002,41615363.423971884
2024-02-01 00:00:00 UTC,0.028200863194386538,2050805643.0688848,37523944.50109087
2024-02-02 00:00:00 UTC,0.028445872098911498,2068349438.340419,32361208.11299586
2024-02-03 00:00:00 UTC,0.029305229921444034,2131145661.2184005,33964337.903886415
2024-02-04 00:00:00 UTC,0.028535033567862952,2074230118.4394848,30614608.337768454
2024-02-05 00:00:00 UTC,0.02766867667204752,2011250970.0358145,30178528.355753284
2024-02-06 00:00:00 UTC,0.02776979713061952,2018687020.1912193,32567422.855045326
2024-02-07 00:00:00 UTC,0.027986631370871786,2034750080.702082,30065804.821865387
2024-02-08 00:00:00 UTC,0.02871027111438221,2087137484.8285437,33649571.72715667
2024-02-09 00:00:00 UTC,0.02886784929645167,2101279934.9911764,36520696.34380216
2024-02-10 00:00:00 UTC,0.02975764434843107,2164750419.0384755,40989998.45365849
2024-02-11 00:00:00 UTC,0.02969024180027288,2158518159.540198,36963936.490998186
2024-02-12 00:00:00 UTC,0.030176297089286746,2193023359.0654507,45583853.86612961
2024-02-13 00:00:00 UTC,0.031533348909789746,2291836225.992642,53412125.684662126
2024-02-14 00:00:00 UTC,0.032588859680657015,2368508647.786457,63230535.56297107
2024-02-15 00:00:00 UTC,0.03597708978839267,2618871209.861933,133133418.70465733
2024-02-16 00:00:00 UTC,0.04543519130729641,3300111285.740723,511895361.21850055
2024-02-17 00:00:00 UTC,0.04638953440825799,3374759242.606127,351285343.3278637
2024-02-18 00:00:00 UTC,0.04550496870979475,3310597609.692294,151081322.8096138
2024-02-19 00:00:00 UTC,0.04552454543054897,3306254158.0921974,121278833.37296496
2024-02-20 00:00:00 UTC,0.04478730069186412,3258238801.1906185,94110440.33196823
2024-02-21 00:00:00 UTC,0.04444503695966843,3234433898.3050046,110729110.37384582
2024-02-22 00:00:00 UTC,0.043360204759504785,3151713008.8869896,91273406.13363369
2024-02-23 00:00:00 UTC,0.04517406607073539,3282243410.9198995,145436408.89170617
2024-02-24 00:00:00 UTC,0.04362055985361844,3174940006.0425053,99639298.37470126
2024-02-25 00:00:00 UTC,0.04443104833069196,3230861951.2129693,68519881.9246327
2024-02-26 00:00:00 UTC,0.044988400433310635,3269555021.251807,75169456.57011294
2024-02-27 00:00:00 UTC,0.050583394463454695,3679964391.5301037,231054153.302224
2024-02-28 00:00:00 UTC,0.04898258920304866,3561110776.347087,163787159.35209167
2024-02-29 00:00:00 UTC,0.048881153074642025,3556670815.8632007,290273237.12414664
2024-03-01 00:00:00 UTC,0.04770553893389088,3477636024.162729,154776929.4333951
2024-03-02 00:00:00 UTC,0.04886311827690421,3551857337.126036,91048152.70474969
2024-03-03 00:00:00 UTC,0.051291597198166325,3727664804.004039,125865949.51041773
2024-03-04 00:00:00 UTC,0.0489373236015726,3550973281.2917237,119169267.4451511
2024-03-05 00:00:00 UTC,0.049509186637903636,3597318815.8559113,180896648.69171542
2024-03-06 00:00:00 UTC,0.04450632264679799,3230660052.9788337,240077294.61523715
2024-03-07 00:00:00 UTC,0.046943198587210896,3409939926.7502775,156550462.74025995
2024-03-08 00:00:00 UTC,0.0483397026662101,3514498137.294971,120320212.2274124
2024-03-09 00:00:00 UTC,0.04742072567768207,3447597936.369431,99991279.02681236
2024-03-10 00:00:00 UTC,0.049369573932905926,3589382600.7307606,131362547.08444214
2024-03-11 00:00:00 UTC,0.04795180823297937,3486524447.967287,98765028.9638617
2024-03-12 00:00:00 UTC,0.050361238550523796,3665521017.53903,134615969.46699947
2024-03-13 00:00:00 UTC,0.04868364832676745,3539611734.9659123,152370768.66965708
2024-03-14 00:00:00 UTC,0.049209651941284745,3580331731.2078166,130821740.85245536
2024-03-15 00:00:00 UTC,0.04719871424593929,3432056484.5890512,146753744.06036875
2024-03-16 00:00:00 UTC,0.044569087546977845,3245900981.6845083,154106991.82855445
2024-03-17 00:00:00 UTC,0.04032579057541284,2935693524.099866,98598592.16028354
2024-03-18 00:00:00 UTC,0.041938749854018506,3051610597.501881,113124331.51864642
2024-03-19 00:00:00 UTC,0.04089325210749614,2973733407.7194324,105373095.1202917
2024-03-20 00:00:00 UTC,0.037959176300382834,2761953823.719092,154549268.22459173
2024-03-21 00:00:00 UTC,0.04238107872315086,3082052115.487199,120323816.77372316
2024-03-22 00:00:00 UTC,0.04149043394403649,3019538134.7458267,85463635.63536063
2024-03-23 00:00:00 UTC,0.04022752435898981,2918862132.505618,79410428.63389389
2024-03-24 00:00:00 UTC,0.041143763016013794,2994950844.122354,55058738.822820574
2024-03-25 00:00:00 UTC,0.04251644937040056,3092507992.3538575,63983879.09683226
2024-03-26 00:00:00 UTC,0.04428372620392362,3203739835.0600734,90469061.33197705
2024-03-27 00:00:00 UTC,0.045001292069001865,3269320363.5675817,103335485.65952353
2024-03-28 00:00:00 UTC,0.04435079068266074,3222846001.7386913,116174224.10823178
2024-03-29 00:00:00 UTC,0.04682187210198238,3411000399.9722667,122093068.58973755
2024-03-30 00:00:00 UTC,0.0470727094299582,3422415942.043318,104030653.43792373
2024-03-31 00:00:00 UTC,0.04481805469874512,3259497311.5737805,73186245.65538341
2024-04-01 00:00:00 UTC,0.04602445572457248,3344363558.6139054,71912398.9095943
2024-04-02 00:00:00 UTC,0.04447735505911148,3237062570.2387295,95652736.63128702
2024-04-03 00:00:00 UTC,0.041050512136306935,2991024477.1017447,94043847.01141533
2024-04-04 00:00:00 UTC,0.04098386566396971,2983845465.445224,77084678.46091989
2024-04-05 00:00:00 UTC,0.041756885251356096,3029797742.3311543,72659090.7200927
2024-04-06 00:00:00 UTC,0.040451260520484277,2943577881.4991565,78824014.42954078
2024-04-07 00:00:00 UTC,0.04160311749185835,3027363112.758023,51887408.03404713
2024-04-08 00:00:00 UTC,0.04248667529162334,3092437232.555406,55859165.9888031
2024-04-09 00:00:00 UTC,0.046707740903981276,3382691513.5505157,141167024.0301533
2024-04-10 00:00:00 UTC,0.04358570552479433,3173952171.821325,87290721.4683455
2024-04-11 00:00:00 UTC,0.046358399144300684,3370807630.6402264,104863017.83462532
2024-04-12 00:00:00 UTC,0.04811330073336035,3495807006.300851,146245479.39476877
2024-04-13 00:00:00 UTC,0.042792021136466685,3112979296.9031153,253612726.070656
2024-04-14 00:00:00 UTC,0.040431444411997405,2940878187.9464827,218882820.350208
2024-04-15 00:00:00 UTC,0.042964086491758174,3124549418.56735,145094084.5063103
2024-04-16 00:00:00 UTC,0.04141959294340751,3010487053.8422437,179866663.74075872
2024-04-17 00:00:00 UTC,0.03998397584956176,2907110997.0321474,131292670.18181404
2024-04-18 00:00:00 UTC,0.03799440221675832,2766084020.739663,85952185.43647854
2024-04-19 00:00:00 UTC,0.03959789068576674,2879719362.1356635,80059000.32901122
2024-04-20 00:00:00 UTC,0.04063359969891851,2953778871.667162,110286039.79035845
2024-04-21 00:00:00 UTC,0.04231888537078146,3076947296.4026318,72259336.92392299
2024-04-22 00:00:00 UTC,0.04121606851966651,2997320752.9206886,61333858.905960485
2024-04-23 00:00:00 UTC,0.04271235561592878,3107759857.816599,68062778.56984748
2024-04-24 00:00:00 UTC,0.04164365719499666,3029559966.269218,65436187.268046975
2024-04-25 00:00:00 UTC,0.03976305065829518,2892014746.4647236,88877087.14354777
2024-04-26 00:00:00 UTC,0.039803692506896235,2895051393.872811,73386703.95116737
2024-04-27 00:00:00 UTC,0.03928356933767455,2854054329.1876426,57903651.044298455
2024-04-28 00:00:00 UTC,0.03940935778034947,2864253862.5029893,53909093.00312629
2024-04-29 00:00:00 UTC,0.03934308307018312,2860523643.8825164,51462652.96802775
2024-04-30 00:00:00 UTC,0.03950931497414446,2874260834.541568,70417858.24020949
2024-05-01 00:00:00 UTC,0.036061052195251506,2626890260.6012335,65824700.64983771
2024-05-02 00:00:00 UTC,0.03522511392312497,2567998802.1322627,86003370.6371457
2024-05-03 00:00:00 UTC,0.03518698086225234,2559961525.618423,51153600.276868254
2024-05-04 00:00:00 UTC,0.03720803344245382,2710920449.726994,60534004.42935438
2024-05-05 00:00:00 UTC,0.037091451483560633,2696094882.1922526,48298218.980654635
2024-05-06 00:00:00 UTC,0.03731558680444279,2709232329.5787134,47899712.65587071
2024-05-07 00:00:00 UTC,0.03592841131154469,2612147767.069446,67657173.83218291
2024-05-08 00:00:00 UTC,0.035599691039271686,2593561859.772451,54486478.91162242
2024-05-09 00:00:00 UTC,0.03515580927202196,2553124404.0527287,58450244.835961774
2024-05-10 00:00:00 UTC,0.03569992334981939,2596693385.6234565,51067564.15670244
2024-05-11 00:00:00 UTC,0.03465916338678399,2520459053.340476,54859802.2099009
2024-05-12 00:00:00 UTC,0.03431294231502937,2496259772.866185,42552925.30722875
2024-05-13 00:00:00 UTC,0.03433508724402831,2495398783.4911203,41554198.05536868
2024-05-14 00:00:00 UTC,0.033626672341646964,2448498230.3190336,55064017.70141764
2024-05-15 00:00:00 UTC,0.03330781164882003,2421940386.5161586,46049581.11681427
2024-05-16 00:00:00 UTC,0.03541915854968086,2583188012.982016,55476911.222220875
2024-05-17 00:00:00 UTC,0.03524129328279374,2565212007.322756,48484632.757981904
2024-05-18 00:00:00 UTC,0.03600008240047112,2613153606.3226476,46662053.576247774
2024-05-19 00:00:00 UTC,0.03522548777645664,2562965941.8775187,41032241.54431914
2024-05-20 00:00:00 UTC,0.03427476165097494,2490293508.506756,42983722.109111786
2024-05-21 00:00:00 UTC,0.036720611710746316,2668951464.8142776,60479098.7913491
2024-05-22 00:00:00 UTC,0.03654252633337113,2656744192.106615,71729852.4536918
2024-05-23 00:00:00 UTC,0.03584981725701408,2605276086.6032977,60214332.55331101
2024-05-24 00:00:00 UTC,0.03512895009198995,2554424910.827719,73313349.47297297
2024-05-25 00:00:00 UTC,0.03529753496605237,2566528327.609609,46838692.46000065
2024-05-26 00:00:00 UTC,0.035547703359288446,2580766507.1283584,35785305.0529828
2024-05-27 00:00:00 UTC,0.035606471011347424,2584918085.1062684,50385704.86279302
2024-05-28 00:00:00 UTC,0.036612573288899684,2657096565.739939,60281196.7514341
2024-05-29 00:00:00 UTC,0.0357485341830793,2603917793.594621,57606194.567633405
2024-05-30 00:00:00 UTC,0.035179991046182905,2560904454.5072284,48098281.709368
2024-05-31 00:00:00 UTC,0.03429391388323534,2494317533.6967163,43100760.38961243
2024-06-01 00:00:00 UTC,0.03396763888808882,2476426238.309006,46887573.322159156
2024-06-02 00:00:00 UTC,0.03364271889578999,2444388370.5822515,34056027.661228485
2024-06-03 00:00:00 UTC,0.03328253736326864,2420392905.6992545,36181041.38421851
2024-06-04 00:00:00 UTC,0.03364516252018335,2443096217.8281093,52685225.37714833
2024-06-05 00:00:00 UTC,0.03430515852083943,2493660740.591784,45556433.1796921
2024-06-06 00:00:00 UTC,0.03558669969087099,2582570348.632182,62501709.27422488
2024-06-07 00:00:00 UTC,0.03578835375092245,2602780105.8991003,58154802.21025446
2024-06-08 00:00:00 UTC,0.03288956993047893,2392176094.533158,76065542.14822918
2024-06-09 00:00:00 UTC,0.03163993357489392,2298979831.4581943,54522708.15972154
2024-06-10 00:00:00 UTC,0.03191972235999862,2321275595.145399,37919078.3917325
2024-06-11 00:00:00 UTC,0.031085763027257938,2260148194.354553,39423900.85671244
2024-06-12 00:00:00 UTC,0.029828774872645535,2167173991.3512874,57337076.706612855
2024-06-13 00:00:00 UTC,0.03125939497342134,2273515213.3959627,53197998.08486481
2024-06-14 00:00:00 UTC,0.02951841110295845,2149361851.0712647,45334398.9902512
2024-06-15 00:00:00 UTC,0.028488474526319845,2070493464.8218923,42875048.698517315
2024-06-16 00:00:00 UTC,0.028561801510635643,2074879038.1434453,36456519.93878948
2024-06-17 00:00:00 UTC,0.029474153558510383,2143520195.5046506,34450476.93585517
2024-06-18 00:00:00 UTC,0.02733513781772584,1986845192.0941596,46649213.99385756
2024-06-19 00:00:00 UTC,0.025598054309096216,1859565844.284586,81617061.75429846
2024-06-20 00:00:00 UTC,0.025927811654768373,2098020171.7466471,44976939.3485801
2024-06-21 00:00:00 UTC,0.026699101027843248,2163789496.2644305,40634590.60885745
2024-06-22 00:00:00 UTC,0.02613462475361739,2117297629.7174385,42776663.919319876
2024-06-23 00:00:00 UTC,0.025700562830165814,2078783315.5101967,28531703.701825608
2024-06-24 00:00:00 UTC,0.024971335385684204,2022007794.6592329,31462870.062139016
2024-06-25 00:00:00 UTC,0.025316821241275222,2047873351.9339232,50900434.6752294
2024-06-26 00:00:00 UTC,0.0263997922094558,2138418116.4953296,38487767.68685206
2024-06-27 00:00:00 UTC,0.02590195407866073,2098849840.1418073,35095048.24296933
2024-06-28 00:00:00 UTC,0.02663786568229288,2156630084.200178,37193975.97963224
2024-06-29 00:00:00 UTC,0.02659119237560988,2155324010.891835,51923548.07229902
2024-06-30 00:00:00 UTC,0.025876207016885523,2095423046.6911864,31773575.706669714
2024-07-01 00:00:00 UTC,0.026707013671290365,2159960155.4277663,34192218.674496345
2024-07-02 00:00:00 UTC,0.026767895150633797,2166753973.0879097,38754763.09108085
2024-07-03 00:00:00 UTC,0.02640388221084214,2135540533.6280658,33938464.91058565
2024-07-04 00:00:00 UTC,0.024874254871372712,2016072299.6643965,41957266.52346072
2024-07-05 00:00:00 UTC,0.022665908281313346,1842420997.2752826,64255377.314094506
2024-07-06 00:00:00 UTC,0.023464630110358244,1902662803.918076,97405754.97331348
2024-07-07 00:00:00 UTC,0.02436282007878852,1968572012.5907497,49084687.28759048
2024-07-08 00:00:00 UTC,0.022619438496812375,1824373417.2797186,37520521.07650437
2024-07-09 00:00:00 UTC,0.024645964192389905,1991944738.9717803,70853062.48634154
2024-07-10 00:00:00 UTC,0.025586881393396405,2076346514.347101,58425203.70691927
2024-07-11 00:00:00 UTC,0.02611309987712651,2110479206.970238,38636163.950147465
2024-07-12 00:00:00 UTC,0.026551437167145545,2148776720.704858,48340527.239314266
2024-07-13 00:00:00 UTC,0.02715849644476223,2189626708.6397095,39287465.20546638
2024-07-14 00:00:00 UTC,0.029353452920527948,2376444052.094191,40738754.266188174
2024-07-15 00:00:00 UTC,0.031221069355224704,2529025369.9605737,70182353.99012917
2024-07-16 00:00:00 UTC,0.03234742563613071,2620409392.8629494,73989289.41583903
2024-07-17 00:00:00 UTC,0.03164664512721333,2559958290.9739738,52037828.25494819
2024-07-18 00:00:00 UTC,0.031169922902804476,2527707483.1750345,45328092.134774014
2024-07-19 00:00:00 UTC,0.030467455254956123,2467408118.3810263,35480254.649538055
2024-07-20 00:00:00 UTC,0.03136117728380851,2540463420.6511045,37801458.23020858
2024-07-21 00:00:00 UTC,0.030594310691305294,2478168273.5479198,27107468.348852247
2024-07-22 00:00:00 UTC,0.030706761047484325,2482757050.573837,40555168.2928329
2024-07-23 00:00:00 UTC,0.02944502890078161,2384808351.088107,45826329.9138687
2024-07-24 00:00:00 UTC,0.0287899651519858,2331258928.0030146,42597183.59789846
2024-07-25 00:00:00 UTC,0.02769580405317585,2241621752.7624564,32529884.443080988
2024-07-26 00:00:00 UTC,0.02733876380961501,2214030912.849949,39255589.13469183
2024-07-27 00:00:00 UTC,0.0284685875781908,2305204154.948539,27103272.325090352
2024-07-28 00:00:00 UTC,0.028220989758050426,2284522903.6830573,30331212.93467747
2024-07-29 00:00:00 UTC,0.027355675151473996,2216084586.539595,21931251.55207916
2024-07-30 00:00:00 UTC,0.027186865044664357,2204779217.226194,31121706.288381208
2024-07-31 00:00:00 UTC,0.026610782082551274,2158417618.630078,26211464.70292071
2024-08-01 00:00:00 UTC,0.026257417044367428,2127844033.8221495,27002508.68369289
2024-08-02 00:00:00 UTC,0.026345133226808534,2135133886.6277392,37481779.66517511
2024-08-03 00:00:00 UTC,0.02441605450269631,1978892103.0286326,35686684.76980091
2024-08-04 00:00:00 UTC,0.023701290902138867,1917519711.8063533,30540303.442792993
2024-08-05 00:00:00 UTC,0.022331451426022615,1808817853.0252626,36046536.79127902
2024-08-06 00:00:00 UTC,0.021596848153159105,1748786287.5748782,87892778.68656926
2024-08-07 00:00:00 UTC,0.022663369427568667,1834692193.2760503,28873483.277055282
2024-08-08 00:00:00 UTC,0.021958056434709723,1778274104.5318565,25815085.155520823
2024-08-09 00:00:00 UTC,0.024054684570823902,1949562897.9305096,25873923.786277097
2024-08-10 00:00:00 UTC,0.02350128363002192,1899328183.3485625,19879867.537110418
2024-08-11 00:00:00 UTC,0.02374370208741703,1923347855.6749856,11944744.015278934
2024-08-12 00:00:00 UTC,0.022464960441592477,1819713867.0448377,18648171.062453046
2024-08-13 00:00:00 UTC,0.02324363722951372,1882011372.9374027,25066761.08820314
2024-08-14 00:00:00 UTC,0.02362423818635554,1913022569.1399226,16782762.031786084
2024-08-15 00:00:00 UTC,0.02284094113815761,1850132846.5631392,21669363.79802759
2024-08-16 00:00:00 UTC,0.021919410499395168,1775185121.8216267,20355032.597155325
2024-08-17 00:00:00 UTC,0.02199560569289991,1780644522.0103147,22784540.787964407
2024-08-18 00:00:00 UTC,0.02240234676754925,1813699989.457277,11338138.984862927
2024-08-19 00:00:00 UTC,0.022225316259813048,1801783500.5666971,13280709.976491312
2024-08-20 00:00:00 UTC,0.02290757374603798,1855958813.3322434,18332078.63687697
2024-08-21 00:00:00 UTC,0.023270486396919404,1885484226.0194364,22817681.390241392
2024-08-22 00:00:00 UTC,0.02410817430814603,1950649444.7131271,19429409.672470506
2024-08-23 00:00:00 UTC,0.024106274092588715,1951855352.3860195,15536489.076411698
2024-08-24 00:00:00 UTC,0.02583202540373439,2089402465.701788,32267545.698397227
2024-08-25 00:00:00 UTC,0.026000091067625342,2102873390.8201704,22961383.43455406
2024-08-26 00:00:00 UTC,0.02503156478237076,2028467629.352582,20901032.31590596
2024-08-27 00:00:00 UTC,0.02389334154738201,1935864987.865384,29176264.129827283
2024-08-28 00:00:00 UTC,0.022961311439364286,1861371282.1753185,29909201.129759755
2024-08-29 00:00:00 UTC,0.022707490863003162,1841545494.991689,25048658.403486226
2024-08-30 00:00:00 UTC,0.02231041455907539,1806695046.0133119,18059644.142682068
2024-08-31 00:00:00 UTC,0.022390964928043728,1814127694.876999,20701109.56017205
2024-09-01 00:00:00 UTC,0.021806372185648473,1764972152.5878084,12403581.797365524
2024-09-02 00:00:00 UTC,0.020908286561136476,1694912042.8466542,23867904.843524646
2024-09-03 00:00:00 UTC,0.021756467431952614,1760876555.096528,19284697.938112177
2024-09-04 00:00:00 UTC,0.020849819950200327,1696719536.5366008,21173385.837241583
2024-09-05 00:00:00 UTC,0.02139829458664133,1730604437.2831352,25656981.805156834
2024-09-06 00:00:00 UTC,0.020607256598006357,1668599174.8149178,18847335.233238634
2024-09-07 00:00:00 UTC,0.01995255952190229,1615824505.6077204,24775786.59603503
2024-09-08 00:00:00 UTC,0.020128700203628284,1630055333.6002114,16580716.790257122
2024-09-09 00:00:00 UTC,0.02066217497533899,1673235225.0055182,13407202.245568298
2024-09-10 00:00:00 UTC,0.02158445842840143,1748942970.3156688,19622983.02773069
2024-09-11 00:00:00 UTC,0.02189761205708784,1773209350.2790935,17887660.763338894
2024-09-12 00:00:00 UTC,0.021677942701393765,1756203665.800996,20573160.290287703
2024-09-13 00:00:00 UTC,0.022310743697032186,1808332537.3160684,19857076.13331923
2024-09-14 00:00:00 UTC,0.0227661327552624,1843409079.6804235,18052035.377195816
2024-09-15 00:00:00 UTC,0.022303507187067886,1807551393.5188546,13207551.790302338
2024-09-16 00:00:00 UTC,0.021446852190396926,1736426223.9107285,13639776.532601004
2024-09-17 00:00:00 UTC,0.020919470956123926,1696833829.954733,21133376.515543353
2024-09-18 00:00:00 UTC,0.02119090087303575,1717088571.7359464,19192802.89337996
2024-09-19 00:00:00 UTC,0.02186549360632757,1769216715.3709674,21512037.008879732
2024-09-20 00:00:00 UTC,0.022668788707597923,1834865567.5572069,32887685.22773103
2024-09-21 00:00:00 UTC,0.023838765273526793,1930583387.2854047,46098170.17735147
2024-09-22 00:00:00 UTC,0.02427388347664322,1967577130.9661386,24061654.673678897
2024-09-23 00:00:00 UTC,0.02376005465821893,1924286338.6012466,21689464.02501424
2024-09-24 00:00:00 UTC,0.023961370655358503,1939671498.994084,25172339.811407354
2024-09-25 00:00:00 UTC,0.02480564268990578,2008081271.5820189,38491334.34628288
2024-09-26 00:00:00 UTC,0.02460307120641493,1990288012.5551596,34401421.06159096
2024-09-27 00:00:00 UTC,0.02550099603678386,2065917282.5180745,33559170.50495926
2024-09-28 00:00:00 UTC,0.026661870656560324,2159262476.3935637,45037682.39803849
2024-09-29 00:00:00 UTC,0.02587974624222816,2097053004.4887588,26012574.77141671
2024-09-30 00:00:00 UTC,0.0257597414800589,2086116966.6972997,27340489.961538464
2024-10-01 00:00:00 UTC,0.02428413514062089,1966614576.5880275,31123367.781885058
2024-10-02 00:00:00 UTC,0.022695860229179684,1839565873.6690712,48800828.73817017
2024-10-03 00:00:00 UTC,0.022358311293048588,1807988560.7889,29704358.78909099
2024-10-04 00:00:00 UTC,0.022100302951409672,1790212075.9902964,30942950.30008487
2024-10-05 00:00:00 UTC,0.02281246309912018,1847369622.7363758,23467299.288860004
2024-10-06 00:00:00 UTC,0.02263908438345964,1833334348.4136136,14645258.084317163
2024-10-07 00:00:00 UTC,0.02325558012705122,1883889947.979892,17623646.400146063
2024-10-08 00:00:00 UTC,0.022939659150287076,1857914450.5017033,35743901.9597261
2024-10-09 00:00:00 UTC,0.022416596282409603,1816239823.7175553,27225818.429779273
2024-10-10 00:00:00 UTC,0.021999033347983078,1781926257.9515386,22460413.90299873
2024-10-11 00:00:00 UTC,0.021914929712861995,1774781485.187189,24228537.074796733
2024-10-12 00:00:00 UTC,0.022585461801209995,1829966456.5773365,25280029.25688631
2024-10-13 00:00:00 UTC,0.022680977858661282,1836280854.0090942,16876287.90823774
2024-10-14 00:00:00 UTC,0.022267884418464085,1802303738.5945327,23859921.65150655
2024-10-15 00:00:00 UTC,0.023251486627659093,1884352252.396354,35155191.94648951
2024-10-16 00:00:00 UTC,0.023438090647951635,1898464217.4752526,42440276.400887
2024-10-17 00:00:00 UTC,0.02312306049842034,1871462158.55676,34215453.46584654
2024-10-18 00:00:00 UTC,0.022486065748292094,1820060935.1744473,24857991.754985645
2024-10-19 00:00:00 UTC,0.023149312075721143,1874767997.7560456,24030983.758450598
2024-10-20 00:00:00 UTC,0.02324316879090628,1882394820.2622979,22793836.498331945
2024-10-21 00:00:00 UTC,0.024346848234166406,1969582670.9337242,30399822.837874718
2024-10-22 00:00:00 UTC,0.023491118465669925,1902670546.3901896,35732977.98066579
2024-10-23 00:00:00 UTC,0.023339980505838746,1890224513.9713347,26958487.87516143
2024-10-24 00:00:00 UTC,0.022493157486466547,1820121560.1634464,28071860.915408105
2024-10-25 00:00:00 UTC,0.02317581117810804,1876268625.13145,28153734.60428109
2024-10-26 00:00:00 UTC,0.021461064968761847,1731707365.6774337,30134557.969309624
2024-10-27 00:00:00 UTC,0.021826683937129648,1766811788.1267688,26087474.366816007
2024-10-28 00:00:00 UTC,0.02202383372465015,1782445374.308291,22891996.60206989
2024-10-29 00:00:00 UTC,0.021906656529723526,1774885102.276651,29975413.873652447
2024-10-30 00:00:00 UTC,0.02266194743030082,1833840797.2236965,31070770.58279083
2024-10-31 00:00:00 UTC,0.02224354164357352,1802042126.456307,25464765.46328107
2024-11-01 00:00:00 UTC,0.021133265333846487,1712437197.5995734,26163175.713411544
2024-11-02 00:00:00 UTC,0.02065768007892061,1671541159.3353329,26175781.819110494
2024-11-03 00:00:00 UTC,0.020336909145867842,1646472569.8489075,16714474.355296
2024-11-04 00:00:00 UTC,0.01978510357705247,1603230279.689646,26514631.909606036
2024-11-05 00:00:00 UTC,0.019385939554925617,1571158870.4141471,23730822.557724707
2024-11-06 00:00:00 UTC,0.020100669330964122,1630333932.316931,23734374.931926984
2024-11-07 00:00:00 UTC,0.021759899239783335,1762355827.7164009,41194577.39726441
2024-11-08 00:00:00 UTC,0.021744916986009003,1760679450.8720987,32174170.607855584
2024-11-09 00:00:00 UTC,0.02231133391299033,1806370812.0323122,37098826.577201724
2024-11-10 00:00:00 UTC,0.0230406336487383,1868902997.3408296,36674136.67467584
2024-11-11 00:00:00 UTC,0.025220402534990884,2041420699.5735507,147261622.9500668
2024-11-12 00:00:00 UTC,0.028178216083608456,2281967353.6427336,125453055.1548965
2024-11-13 00:00:00 UTC,0.02728653387223468,2213106219.848889,141110473.80093434
2024-11-14 00:00:00 UTC,0.025819735926039592,2093162244.906414,94881008.11900856
2024-11-15 00:00:00 UTC,0.02423890432677923,1960553501.0827837,77071894.00313883
2024-11-16 00:00:00 UTC,0.02623878109042368,2124604728.0113783,66842274.21024147
2024-11-17 00:00:00 UTC,0.03144515148017996,2529757184.8538938,181103453.30170128
2024-11-18 00:00:00 UTC,0.02865889797490477,2321361788.3437047,89546276.29238893
2024-11-19 00:00:00 UTC,0.032491728469926894,2632553295.710088,161479060.6411611
2024-11-20 00:00:00 UTC,0.033798594045435525,2737141072.8533206,153936217.62007147
2024-11-21 00:00:00 UTC,0.031639852330772246,2563359664.8768244,98248615.23576848
2024-11-22 00:00:00 UTC,0.03221189231897795,2608058982.511355,140067402.26351452
2024-11-23 00:00:00 UTC,0.035646157044447,2886306507.5399776,177687518.61752558
2024-11-24 00:00:00 UTC,0.04219675671344767,3410920950.322247,756442645.3923371
2024-11-25 00:00:00 UTC,0.044706856213126686,3617470819.5189085,291873805.28873014
2024-11-26 00:00:00 UTC,0.040456491463159064,3282812334.1841664,177554549.92404845
2024-11-27 00:00:00 UTC,0.04141700677103753,3353379368.303778,179745622.16982767
2024-11-28 00:00:00 UTC,0.04307948622591195,3487285609.483195,146614857.33280337
2024-11-29 00:00:00 UTC,0.04184666386747605,3387253973.294784,105218511.0166732
2024-11-30 00:00:00 UTC,0.045369856326630605,3674279802.6287427,148435590.3949248
2024-12-01 00:00:00 UTC,0.046016828976327015,3726884578.593831,195063503.37450573
2024-12-02 00:00:00 UTC,0.0461619448700114,3738019570.3898168,159117797.5653105
2024-12-03 00:00:00 UTC,0.05669059657022495,4585150195.717706,740118875.6086063
2024-12-04 00:00:00 UTC,0.07776334901890973,6301337728.543725,1920233324.930137
2024-12-05 00:00:00 UTC,0.06809644621850426,5508698938.436793,700453848.713842
2024-12-06 00:00:00 UTC,0.06515976820646764,5273085614.679156,616370809.76589
2024-12-07 00:00:00 UTC,0.06735843708898138,5452276526.393469,297238245.08042216
2024-12-08 00:00:00 UTC,0.06672863946256549,5401012314.885857,270810718.974638
2024-12-09 00:00:00 UTC,0.06821569686215073,5514291184.424685,176001445.44193828
2024-12-10 00:00:00 UTC,0.0568877901614383,4602064694.432725,438825244.8988641
2024-12-11 00:00:00 UTC,0.055768029734746,4515958117.182108,401784429.90957075
2024-12-12 00:00:00 UTC,0.059396471320380076,4811193828.775626,303621467.9615462
2024-12-13 00:00:00 UTC,0.05982298938753372,4831437662.723963,287084287.43076324
2024-12-14 00:00:00 UTC,0.05985340543140366,4841510403.13894,193859354.56515953
2024-12-15 00:00:00 UTC,0.056954343268263444,4615535286.101966,128272913.78708151
2024-12-16 00:00:00 UTC,0.05866178185718082,4753744195.954921,130834858.61967812
2024-12-17 00:00:00 UTC,0.05560480196268232,4514407139.543347,197458813.68261448
2024-12-18 00:00:00 UTC,0.05658251405139571,4582176404.514581,214154590.7120448
2024-12-19 00:00:00 UTC,0.050424873989657656,4087299484.9007707,217563036.6799761
2024-12-20 00:00:00 UTC,0.0454849752915982,3686146143.883633,254027117.22822595
2024-12-21 00:00:00 UTC,0.04798434018492151,3877627502.758089,326013434.9285769
2024-12-22 00:00:00 UTC,0.04508129759196259,3644457432.861608,172300090.15650582
2024-12-23 00:00:00 UTC,0.045793722539650104,3709022634.9586964,131621770.25172798
2024-12-24 00:00:00 UTC,0.04857587061729423,3934321311.538304,106613230.11372828
2024-12-25 00:00:00 UTC,0.052885866102950145,4278667351.6198955,125280860.90292086
2024-12-26 00:00:00 UTC,0.05135056496228031,4156291741.5945992,79884483.49052987
2024-12-27 00:00:00 UTC,0.04666001609420426,3781596306.003239,74238981.75209202
2024-12-28 00:00:00 UTC,0.045565901754805925,3687128561.475626,77842269.55667335
2024-12-29 00:00:00 UTC,0.04749011334575368,3847233623.393806,53317177.24770256
2024-12-30 00:00:00 UTC,0.045072279514098826,3650021541.099051,50843951.06291399
2024-12-31 00:00:00 UTC,0.0438299566498788,3546650532.5624895,66883114.900815785
2025-01-01 00:00:00 UTC,0.04307502104565982,3490158493.640697,60993360.94080049
2025-01-02 00:00:00 UTC,0.04657037977979735,3776888341.3967414,69440613.18872654
2025-01-03 00:00:00 UTC,0.04829858741804022,3911900574.968552,84646738.27131978
2025-01-04 00:00:00 UTC,0.05274064604313858,4273590011.390008,119305722.8577075
2025-01-05 00:00:00 UTC,0.05098081823382113,4133443252.886834,76086734.57327197
2025-01-06 00:00:00 UTC,0.05106397776920793,4135402890.131411,70357108.14657609
2025-01-07 00:00:00 UTC,0.05272406368821289,4267181279.82028,94941665.75771646
2025-01-08 00:00:00 UTC,0.0468858855267785,3797174723.290644,97930024.92224507
2025-01-09 00:00:00 UTC,0.045039588958114565,3657900765.170405,85602229.60740122
2025-01-10 00:00:00 UTC,0.04443161515680555,3600029842.9093266,69070409.71804766
2025-01-11 00:00:00 UTC,0.04527462474525088,3670499370.648215,68762803.74757504
2025-01-12 00:00:00 UTC,0.04522420854523355,3663215163.8112564,46939571.12575917
2025-01-13 00:00:00 UTC,0.04463940900133657,3613643145.1159296,42411701.16939668
2025-01-14 00:00:00 UTC,0.04324338705159323,3502360877.8872914,85952271.81577377
2025-01-15 00:00:00 UTC,0.0451109426354591,3645139086.1306543,59382080.14856521
2025-01-16 00:00:00 UTC,0.049021982821565176,3965926142.0777907,105874932.31632607
2025-01-17 00:00:00 UTC,0.051021628433876635,4128442537.9621367,152533414.63358203
2025-01-18 00:00:00 UTC,0.05623659315626727,4558231571.800934,236443538.6151585
2025-01-19 00:00:00 UTC,0.05176458141407224,4192802832.2883906,127735237.17677209
2025-01-20 00:00:00 UTC,0.045516917560663006,3702684065.1366315,181736686.1385181
2025-01-21 00:00:00 UTC,0.04592850933566661,3719735109.3497176,165443605.4420924
2025-01-22 00:00:00 UTC,0.04934780540179914,3993840989.7145076,272671441.6044486
2025-01-23 00:00:00 UTC,0.04774492829733886,3866840670.68453,159464538.1368173
2025-01-24 00:00:00 UTC,0.04900013286021092,3968322283.2133245,119928197.3029111
2025-01-25 00:00:00 UTC,0.04762479654169191,3853731756.903608,82371825.60839084
2025-01-26 00:00:00 UTC,0.04767438063900894,3867411137.488338,70614759.44922635
2025-01-27 00:00:00 UTC,0.04530381888960816,3678452872.5200124,72092069.23197131
2025-01-28 00:00:00 UTC,0.04460925267761296,3612947527.1552486,107240735.23131463
2025-01-29 00:00:00 UTC,0.042425275065686364,3434193159.6834235,67906674.75927956
2025-01-30 00:00:00 UTC,0.043328187248948005,3510560066.8626184,75383245.38020264
2025-01-31 00:00:00 UTC,0.046504428555535895,3766163061.4829288,85927187.83735783
2025-02-01 00:00:00 UTC,0.046625992836618196,3772826670.390984,94570396.68481193
2025-02-02 00:00:00 UTC,0.04369246430672181,3541082194.433727,87978397.37655261
2025-02-03 00:00:00 UTC,0.03770774057272293,3053778999.3437476,137848998.69897056
2025-02-04 00:00:00 UTC,0.038939052739611166,3152446650.4247923,274318077.45572346
2025-02-05 00:00:00 UTC,0.03604933349104848,2914451559.0697384,108093288.7006224
2025-02-06 00:00:00 UTC,0.0345643441667239,2799995291.8087516,64735282.41074791
2025-02-07 00:00:00 UTC,0.03248331164454002,2625711422.6883955,59155903.949239045
2025-02-08 00:00:00 UTC,0.03246521656543663,2625129243.683067,64876339.66413384
2025-02-09 00:00:00 UTC,0.03303970564280573,2673537855.3905854,47952052.302850716
2025-02-10 00:00:00 UTC,0.03204693945700131,2594800240.5357285,51047230.83166864
2025-02-11 00:00:00 UTC,0.03353898050399351,2715630562.3530574,54585181.643563434
2025-02-12 00:00:00 UTC,0.03315786703942648,2685995073.197157,55198528.30618722
2025-02-13 00:00:00 UTC,0.03547774691532085,2872244650.0804057,66101601.55346751
2025-02-14 00:00:00 UTC,0.03443459100326568,2789656968.696208,50557799.47730084
2025-02-15 00:00:00 UTC,0.03525982056792941,2854524533.889534,46442032.37477069
2025-02-16 00:00:00 UTC,0.03405089015031252,2756402041.5987697,32265318.89027257
2025-02-17 00:00:00 UTC,0.033081486155085785,2676948392.6252513,27004380.73855892
2025-02-18 00:00:00 UTC,0.03280256262366741,2656821487.435946,45105429.07301562
2025-02-19 00:00:00 UTC,0.03158796954010125,2557889355.265702,48395359.633163884
2025-02-20 00:00:00 UTC,0.03181920744897794,2577078543.3719807,38001854.628314465
2025-02-21 00:00:00 UTC,0.03280398139160818,2656610942.443852,39404849.27053091
2025-02-22 00:00:00 UTC,0.03115826042601602,2524498309.7887278,59519423.02646751
2025-02-23 00:00:00 UTC,0.032418981974400726,2628729246.898368,32547048.788881876
2025-02-24 00:00:00 UTC,0.03224534596103591,2608945778.552121,33583309.511046514
2025-02-25 00:00:00 UTC,0.028027880428513893,2265032641.64099,60949778.15831026
2025-02-26 00:00:00 UTC,0.028677612064763897,2324216903.0587816,96829356.55393064
2025-02-27 00:00:00 UTC,0.02788630601819231,2259059590.4492216,57002713.77063133
2025-02-28 00:00:00 UTC,0.028195993441796657,2283970157.833338,46553640.43602818
2025-03-01 00:00:00 UTC,0.02811276444401463,2276000864.8789005,76262557.18320905
2025-03-02 00:00:00 UTC,0.02844911635931389,2302359675.4238973,41143421.05842836
2025-03-03 00:00:00 UTC,0.03218260244861678,2602285475.752124,99504516.13363123
2025-03-04 00:00:00 UTC,0.026996499429562337,2186312246.7180033,94019145.95381066
2025-03-05 00:00:00 UTC,0.027237530755128473,2206002171.696339,85984188.1529495
2025-03-06 00:00:00 UTC,0.029023054481669742,2500001980.17773,58036895.31935964
2025-03-07 00:00:00 UTC,0.028030760173491223,2409939848.6187882,44431252.805331565
2025-03-08 00:00:00 UTC,0.0278193137489396,2391371864.3698697,83868186.1072611
2025-03-09 00:00:00 UTC,0.02712915349805991,2331513338.8614736,45885685.52657652
2025-03-10 00:00:00 UTC,0.02466673585518528,2115315908.1969988,56925757.43855382
2025-03-11 00:00:00 UTC,0.02275981978857749,1960925577.2098577,82296062.97241019
2025-03-12 00:00:00 UTC,0.023881895902939015,2052665851.727184,83794833.33198637
2025-03-13 00:00:00 UTC,0.024345929648202837,2093287716.0799878,64727278.42808436
2025-03-14 00:00:00 UTC,0.023670630430366456,2034855884.8376727,78346083.51902166
2025-03-15 00:00:00 UTC,0.024739676934068935,2126247369.8954957,53986333.15383558
2025-03-16 00:00:00 UTC,0.025347310870817905,2180120341.6221213,41458330.087350085
2025-03-17 00:00:00 UTC,0.02430342614637849,2089731097.9385328,45788801.30853962
2025-03-18 00:00:00 UTC,0.025349775484517494,2179162374.9139433,54526157.52012495
2025-03-19 00:00:00 UTC,0.025261501573325365,2171807701.4791713,54916297.69161392
2025-03-20 00:00:00 UTC,0.02709857004622156,2330102942.5052195,92071635.7249714
2025-03-21 00:00:00 UTC,0.02605453530875977,2240612892.416855,54330175.95228795
2025-03-22 00:00:00 UTC,0.025178852032535365,2166365186.377685,51552990.61722647
2025-03-23 00:00:00 UTC,0.025288016762442776,2173581845.998509,40557777.95658153
2025-03-24 00:00:00 UTC,0.025051616873313788,2152893928.282194,59752142.25725219
2025-03-25 00:00:00 UTC,0.02626004453047148,2253857171.181008,76375791.97893488
2025-03-26 00:00:00 UTC,0.02657865518776138,2285447035.1291356,54422067.36493427
2025-03-27 00:00:00 UTC,0.02636890026206786,2263318351.457908,61001148.46950285
2025-03-28 00:00:00 UTC,0.02619566340004193,2251803189.2073774,54278284.55647676
2025-03-29 00:00:00 UTC,0.024174357573805677,2078455119.8555887,66230304.413221054
2025-03-30 00:00:00 UTC,0.022831661879650005,1961225890.4946797,47002337.345276356
2025-03-31 00:00:00 UTC,0.022728075740985527,1952338149.2374268,41574612.28059591
2025-04-01 00:00:00 UTC,0.022496228358393346,1932591029.8740976,56410462.18473856
2025-04-02 00:00:00 UTC,0.02344304261006686,2017122032.0563002,50064163.48531033
2025-04-03 00:00:00 UTC,0.021594960988999105,1855980455.5100462,65552229.72623905
2025-04-04 00:00:00 UTC,0.02175075184142372,1873652200.8380544,52697447.21043562
2025-04-05 00:00:00 UTC,0.022068414391448674,1897393089.69887,42392771.900433555
2025-04-06 00:00:00 UTC,0.02179303190035186,1870608428.5929532,30338044.18018974
2025-04-07 00:00:00 UTC,0.019733898988437956,1698052683.4123306,52681836.55381845
2025-04-08 00:00:00 UTC,0.020273163868086044,1749671106.8267288,105956119.37757157
2025-04-09 00:00:00 UTC,0.019704909163656536,1694124067.372012,56605399.68763024
2025-04-10 00:00:00 UTC,0.022149238068627432,1904838657.557895,77508921.85069846
2025-04-11 00:00:00 UTC,0.021210791183967466,1823594927.2740965,52997177.71650247
2025-04-12 00:00:00 UTC,0.022095129601342113,1899271928.0249882,52216173.675597936
2025-04-13 00:00:00 UTC,0.0233532588045088,2009716017.8587787,50171063.95814585
2025-04-14 00:00:00 UTC,0.022684084098289602,1949419159.4653955,55952785.87395308
2025-04-15 00:00:00 UTC,0.023400629978859225,2014576561.143599,102805742.12636115
2025-04-16 00:00:00 UTC,0.02254064894154256,1938927890.6382828,89615405.61881828
2025-04-17 00:00:00 UTC,0.022144685414662895,1903501791.5171883,84205873.65881453
2025-04-18 00:00:00 UTC,0.022767647573558144,1957583348.104386,39442301.68263339
2025-04-19 00:00:00 UTC,0.023176090156899993,1992679722.728721,59084757.69697988
2025-04-20 00:00:00 UTC,0.0235101303153305,2020853098.5452359,37043157.61590329
2025-04-21 00:00:00 UTC,0.02360249629549993,2029402818.446639,29037830.771146473
2025-04-22 00:00:00 UTC,0.023517999633724578,2021233633.1800203,66255475.138655685
2025-04-23 00:00:00 UTC,0.025484065333549147,2191736327.524618,65391792.304428816
2025-04-24 00:00:00 UTC,0.026087718940675533,2241075343.203381,84813924.98784561
2025-04-25 00:00:00 UTC,0.02675251056389963,2299791485.036582,100889419.76759797
2025-04-26 00:00:00 UTC,0.027037794096239093,2325036580.3723025,76710313.0678348
2025-04-27 00:00:00 UTC,0.027166902924877723,2330285713.385434,105474570.84376128
2025-04-28 00:00:00 UTC,0.02651718420667763,2280081175.9092703,106837289.77484016
2025-04-29 00:00:00 UTC,0.027311488027173102,2345006445.323519,65520578.03914064
2025-04-30 00:00:00 UTC,0.026816917910581068,2304404229.842196,59174015.58369843
2025-05-01 00:00:00 UTC,0.02625830054900474,2257821053.9442143,40889303.686184764
2025-05-02 00:00:00 UTC,0.027154410987477572,2334873146.89544,37727303.668928705
2025-05-03 00:00:00 UTC,0.027410493253601603,2356627174.4841146,38859266.14040399
2025-05-04 00:00:00 UTC,0.026170217094259703,2252145735.3343787,28477537.84202124
2025-05-05 00:00:00 UTC,0.025070541112516758,2155296215.680565,27786965.402540375
2025-05-06 00:00:00 UTC,0.025013208898925086,2150813115.4257464,27556122.65041569
2025-05-07 00:00:00 UTC,0.02492123903551772,2143943341.890696,39515408.59132888
2025-05-08 00:00:00 UTC,0.024886668555427698,2140803247.5801826,42485822.53106652
2025-05-09 00:00:00 UTC,0.028562100448515856,2455794212.605281,77639837.00607175
2025-05-10 00:00:00 UTC,0.029965210336889175,2576396915.9577756,100504103.67418848
2025-05-11 00:00:00 UTC,0.03226162095028205,2767570560.941808,81470432.65981929
2025-05-12 00:00:00 UTC,0.0311949762967617,2683851969.787663,70062659.28989935
2025-05-13 00:00:00 UTC,0.03091806856330729,2661939088.9609404,129909067.73823254
2025-05-14 00:00:00 UTC,0.03197995596146759,2750249924.378445,78427854.78156519
2025-05-15 00:00:00 UTC,0.03030574300348555,2604551763.4209275,76874427.68685664
2025-05-16 00:00:00 UTC,0.028679951937423877,2463983481.812481,72156387.58181427
2025-05-17 00:00:00 UTC,0.028680648315953086,2467006806.516556,46972612.69533387
2025-05-18 00:00:00 UTC,0.027709747508474356,2382190761.1721883,44599834.834460825
2025-05-19 00:00:00 UTC,0.02861135213968714,2456683260.667232,54195439.77370524
2025-05-20 00:00:00 UTC,0.02800374877781652,2407876883.516436,51426366.51367883
2025-05-21 00:00:00 UTC,0.028566385103461864,2458900941.209852,49742346.80581381
2025-05-22 00:00:00 UTC,0.029256374073430853,2517951164.6044464,62666792.64370361
2025-05-23 00:00:00 UTC,0.03060119140989502,2625841616.158038,59037657.59708587
2025-05-24 00:00:00 UTC,0.028023129235918636,2409449394.5758476,90536387.61301193
2025-05-25 00:00:00 UTC,0.02744446793530275,2359861057.9683633,51750841.8071631
2025-05-26 00:00:00 UTC,0.027320424769595945,2349038146.688279,44794989.43854337
2025-05-27 00:00:00 UTC,0.027405601952115825,2354580852.857652,45809520.67165124
2025-05-28 00:00:00 UTC,0.027565202466898028,2369673348.888752,50365968.52953309
2025-05-29 00:00:00 UTC,0.027137586664981193,2337203963.377147,49834309.72605854
2025-05-30 00:00:00 UTC,0.026068665710363027,2241515294.5350122,57112714.13728121
2025-05-31 00:00:00 UTC,0.023926355677036142,2057167829.6385684,68452817.53665046
2025-06-01 00:00:00 UTC,0.024160535206642738,2077704802.6376388,47998259.71596719
2025-06-02 00:00:00 UTC,0.024338133030493102,2093516110.346102,30581005.157025944
2025-06-03 00:00:00 UTC,0.0248520672166338,2136788403.8326933,34903654.18058001
2025-06-04 00:00:00 UTC,0.024666630964351045,2120547948.0311997,41448062.76968142
2025-06-05 00:00:00 UTC,0.023775173875886232,2043922758.115624,35236174.74575357
2025-06-06 00:00:00 UTC,0.022693939650530015,1951582839.041432,59132718.244689055
2025-06-07 00:00:00 UTC,0.02353467504593778,2023634896.9904747,42665164.986147285
2025-06-08 00:00:00 UTC,0.024119282886078165,2074064905.9147797,27287841.984120395
2025-06-09 00:00:00 UTC,0.02408258772582424,2070626867.9261281,29842166.185927816
2025-06-10 00:00:00 UTC,0.025220554313899208,2169385420.176728,42643918.40099441
2025-06-11 00:00:00 UTC,0.02618873539471095,2251050510.5814624,64983116.365069285
2025-06-12 00:00:00 UTC,0.025020181429997835,2150747261.5970545,56999882.07398736
2025-06-13 00:00:00 UTC,0.023481478655589506,2021742962.2612302,42958838.06175902
2025-06-14 00:00:00 UTC,0.022604470843836613,1945704740.136505,62416585.49343708
2025-06-15 00:00:00 UTC,0.022062127777998593,1898016311.520681,23309247.625875015
2025-06-16 00:00:00 UTC,0.02226895176786113,1914818859.8751824,22563388.68628206
2025-06-17 00:00:00 UTC,0.02233755925621383,1926741351.2184494,32223980.139676347
2025-06-18 00:00:00 UTC,0.021502762804119634,1849945438.9029634,37662111.27338539
2025-06-19 00:00:00 UTC,0.021733928637181404,1868757013.5013971,32651735.839288995
2025-06-20 00:00:00 UTC,0.021695528616203188,1865881948.1890826,24498801.3922782
2025-06-21 00:00:00 UTC,0.0208406015890074,1791926320.7649448,32624833.865237642
2025-06-22 00:00:00 UTC,0.019844008804471115,1703531767.8364682,31765945.472277824
2025-06-23 00:00:00 UTC,0.019282989680413178,1658961679.9581823,46082966.19466281
2025-06-24 00:00:00 UTC,0.021504565071252833,1849041135.308327,47580972.44087897
2025-06-25 00:00:00 UTC,0.021548666455430476,1851623393.6468105,42782495.628247835
2025-06-26 00:00:00 UTC,0.021006772147658278,1805791052.5562694,27155409.603590067
2025-06-27 00:00:00 UTC,0.020377898628137055,1752081760.5797646,31007567.682378832
2025-06-28 00:00:00 UTC,0.020414822267135264,1754798899.3126826,27185605.145924266
2025-06-29 00:00:00 UTC,0.021220480456213255,1825300658.2004735,21398406.697784793
2025-06-30 00:00:00 UTC,0.021821724546868634,1877015303.3692493,22102424.140198644
2025-07-01 00:00:00 UTC,0.021212982505586425,1823348987.2185838,28386110.991447333
2025-07-02 00:00:00 UTC,0.020301008228791956,1745788182.4499369,28492047.31321792
2025-07-03 00:00:00 UTC,0.021791597983213482,1874614880.6638882,35686797.250137314
2025-07-04 00:00:00 UTC,0.021945561439888166,1886684717.7194755,30949077.815673202
2025-07-05 00:00:00 UTC,0.02082577819991997,1790942771.7638752,27160944.981207337
2025-07-06 00:00:00 UTC,0.02070010750660173,1779929552.5095577,16174140.569901144
2025-07-07 00:00:00 UTC,0.02085482816123419,1793195992.7114332,23205270.87264711
2025-07-08 00:00:00 UTC,0.020402479817815924,1754276007.2722826,27461674.20505679
2025-07-09 00:00:00 UTC,0.020930075110644472,1799314944.4260142,26520839.8333632
2025-07-10 00:00:00 UTC,0.022435622457384008,1929350941.6012735,37491970.53777577
2025-07-11 00:00:00 UTC,0.024054148695455187,2064357025.8234048,51720634.3649854
2025-07-12 00:00:00 UTC,0.024055625287227093,2067863269.019731,74110571.76450875
2025-07-13 00:00:00 UTC,0.023634925411446236,2030633900.4760098,43720162.153649636
2025-07-14 00:00:00 UTC,0.024660524456808393,2116839480.6408193,48690135.19789793
2025-07-15 00:00:00 UTC,0.024296160004301594,2088973067.6033013,59536033.86478466
2025-07-16 00:00:00 UTC,0.02516013601231262,2163704145.9984913,55822295.83127689
2025-07-17 00:00:00 UTC,0.02559028388127092,2200916588.050646,64064978.17257938
2025-07-18 00:00:00 UTC,0.02660736126377508,2288340947.084702,70400849.268717
2025-07-19 00:00:00 UTC,0.027053723327433995,2325344279.9453754,118565360.8860939
2025-07-20 00:00:00 UTC,0.027818694740467526,2391300948.498329,52046907.67356656
2025-07-21 00:00:00 UTC,0.02841414162810885,2442503605.484521,71190481.40467925
2025-07-22 00:00:00 UTC,0.02842580245456641,2444236789.9675627,68124648.40668944
2025-07-23 00:00:00 UTC,0.028091701119469396,2415281610.416799,72368819.31760846
2025-07-24 00:00:00 UTC,0.025366094502478863,2181281390.6389084,79686324.65014702
2025-07-25 00:00:00 UTC,0.024780730930091324,2130772169.4200597,68082299.21067013
2025-07-26 00:00:00 UTC,0.025763938009149487,2215306767.274142,49612233.290965185
2025-07-27 00:00:00 UTC,0.02579244726853619,2217798396.532804,31417921.581958767
2025-07-28 00:00:00 UTC,0.026292230037599937,2260486937.086573,36086356.18535855
2025-07-29 00:00:00 UTC,0.02464311925292918,2124019981.6110566,54212527.951729044
2025-07-30 00:00:00 UTC,0.025235120983947954,2169757971.344404,65402075.3461041
2025-07-31 00:00:00 UTC,0.02448888672108922,2105517322.0407183,59356648.24941213
2025-08-01 00:00:00 UTC,0.023083113392434743,1987115668.2598855,54496818.38990042
2025-08-02 00:00:00 UTC,0.022686995533849345,1950428072.2861562,72544410.46357735
2025-08-03 00:00:00 UTC,0.022215509503292777,1910252091.3692245,36640282.15085779
2025-08-04 00:00:00 UTC,0.023077861227665232,1983837906.2679186,27545380.465363577
2025-08-05 00:00:00 UTC,0.023703238157393825,2038310429.564552,35747506.029770516
2025-08-06 00:00:00 UTC,0.022956624789415733,1974191812.772274,33538127.024557926
2025-08-07 00:00:00 UTC,0.023477199943138342,2018753587.5579195,29554484.13533044
2025-08-08 00:00:00 UTC,0.024402331936706316,2097739274.167255,39134147.411865436
2025-08-09 00:00:00 UTC,0.024561894722350434,2112221830.2993562,45044207.37244072
2025-08-10 00:00:00 UTC,0.02519016798029089,2166251412.603617,41775504.79702986
2025-08-11 00:00:00 UTC,0.025148852695930146,2161625370.7196794,43931896.17684487
2025-08-12 00:00:00 UTC,0.02471155042970585,2124329825.1252964,66174983.11907392
2025-08-13 00:00:00 UTC,0.025694190845393528,2210341088.350896,48316114.067044176
2025-08-14 00:00:00 UTC,0.026548451516435756,2284460298.3219543,62902046.61798054
2025-08-15 00:00:00 UTC,0.02467529875877569,2122255360.0664287,89239512.22710428
2025-08-16 00:00:00 UTC,0.024280695170106493,2087654861.4712446,46405017.39669105
2025-08-17 00:00:00 UTC,0.024646021077253725,2118732635.076039,28033550.236640193
2025-08-18 00:00:00 UTC,0.02489059386045202,2140555673.6980906,38217989.049056076
2025-08-19 00:00:00 UTC,0.023827891338157076,2048854105.8009188,54247636.285283305
2025-08-20 00:00:00 UTC,0.02300960724679428,1980975418.796514,45855487.92320939
2025-08-21 00:00:00 UTC,0.023859168800855216,2053202401.6012337,44478450.95024913
2025-08-22 00:00:00 UTC,0.023646846625937253,2033275080.8374178,42833760.31410309
2025-08-23 00:00:00 UTC,0.02535354797064594,2180113875.2260385,76468817.3423043
2025-08-24 00:00:00 UTC,0.025513642687590796,2193619832.993351,73320782.46195948
2025-08-25 00:00:00 UTC,0.025992375851607543,2235599407.6338053,87136715.79623236
2025-08-26 00:00:00 UTC,0.024210741334021076,2081121162.583398,141255726.96887735
2025-08-27 00:00:00 UTC,0.025184221552833997,2164503432.888373,64318798.79952941
2025-08-28 00:00:00 UTC,0.02489304045060606,2140429108.1660888,49299116.19244474
2025-08-29 00:00:00 UTC,0.025626208053913982,2202382478.993319,56094407.047207765
2025-08-30 00:00:00 UTC,0.024283239969035388,2087781632.0904124,48859148.745945975
2025-08-31 00:00:00 UTC,0.02469411763108166,2123363360.2770095,28576299.879387744
2025-09-01 00:00:00 UTC,0.024164188299964362,2077629772.6049922,27088032.571856234
2025-09-02 00:00:00 UTC,0.02347824007470624,2019114341.1552916,50262547.96823887
2025-09-03 00:00:00 UTC,0.02388739470442958,2052653946.259749,34594213.484577134
2025-09-04 00:00:00 UTC,0.023946164606680642,2058481085.9077933,30952152.516355272
2025-09-05 00:00:00 UTC,0.023179717134842206,1992632114.589302,31121199.2656893
2025-09-06 00:00:00 UTC,0.023592447921455924,2028358483.0629313,35840431.08834009
2025-09-07 00:00:00 UTC,0.02332329603883918,2006854551.2525804,18441496.59699576
2025-09-08 00:00:00 UTC,0.02356532558064134,2026255358.2700403,15776544.550144084
2025-09-09 00:00:00 UTC,0.02435590660709992,2092489914.9956987,46949805.83205764
2025-09-10 00:00:00 UTC,0.02422333888693128,2081978297.807385,43092123.511432014
2025-09-11 00:00:00 UTC,0.024391447946514225,2097202300.589672,35022357.627976604
2025-09-12 00:00:00 UTC,0.024960462411246307,2146022556.8355052,36814703.802770026
2025-09-13 00:00:00 UTC,0.025374970498560766,2178842448.805466,42298417.98752655
2025-09-14 00:00:00 UTC,0.02564021843866973,2204038901.569043,53050169.26191525
2025-09-15 00:00:00 UTC,0.024639971870422727,2118863262.87767,38504495.602961704
2025-09-16 00:00:00 UTC,0.0240939397161013,2071706937.1259851,42401908.53646608
2025-09-17 00:00:00 UTC,0.0244875192376473,2104895383.6001415,34125052.13000768
2025-09-18 00:00:00 UTC,0.025264099371894545,2172215697.6850953,47593253.66080516
2025-09-19 00:00:00 UTC,0.025949248530005874,2231511470.1399393,55607991.03474419
2025-09-20 00:00:00 UTC,0.024971413619223788,2147619121.219875,57555269.7377217
2025-09-21 00:00:00 UTC,0.024680484475630607,2122122043.5788622,28308660.295874503
2025-09-22 00:00:00 UTC,0.02437422429211247,2095921993.6437738,25245217.420280434
2025-09-23 00:00:00 UTC,0.02292201448953661,1971939521.6208582,63643476.28677443
2025-09-24 00:00:00 UTC,0.02253966182000923,1937508692.0219798,40725299.41373601
2025-09-25 00:00:00 UTC,0.022654671962484513,1945295120.1892953,35148230.854228675
2025-09-26 00:00:00 UTC,0.021427706865472195,1842559499.5873184,43494527.87721649
2025-09-27 00:00:00 UTC,0.022264876394101095,1913074365.9713457,45238197.397817284
2025-09-28 00:00:00 UTC,0.021830418597759825,1876954768.9911761,19718847.483176228
2025-09-29 00:00:00 UTC,0.02211916999212578,1902533624.088275,23305738.203707807
2025-09-30 00:00:00 UTC,0.02205811491547126,1897410236.9971135,31447150.44738401
2025-10-01 00:00:00 UTC,0.021709881982011684,1866471404.4833503,27981979.92606272
2025-10-02 00:00:00 UTC,0.023163152671002267,1990773360.821084,36756995.69121174
2025-10-03 00:00:00 UTC,0.023685236769681244,2036273194.4574451,45996627.716181345
2025-10-04 00:00:00 UTC,0.023732420317959774,2040359682.946232,44589871.76145983
2025-10-05 00:00:00 UTC,0.02296937013010396,1975677295.155841,30830952.0422668
2025-10-06 00:00:00 UTC,0.022860829372749223,1966955733.243715,35590250.65062395
2025-10-07 00:00:00 UTC,0.023663760668272794,2034411936.4868143,35930914.21026775
2025-10-08 00:00:00 UTC,0.022548407196383752,1938706769.5326688,40490244.66309634
2025-10-09 00:00:00 UTC,0.02276616119167702,1957546436.6390595,29292497.818254896
2025-10-10 00:00:00 UTC,0.02203828352038581,1894303440.689985,28542194.04922304
2025-10-11 00:00:00 UTC,0.015966777580851063,1397833097.0244272,133856441.89600657
2025-10-12 00:00:00 UTC,0.016750466895427828,1441544015.260797,141907590.60922867
2025-10-13 00:00:00 UTC,0.01924392700687988,1654364486.375676,52765021.65026264
2025-10-14 00:00:00 UTC,0.019899058541941617,1710477088.1017232,53799420.06104719
2025-10-15 00:00:00 UTC,0.019155741002296212,1647434260.4918795,60385847.74227442
2025-10-16 00:00:00 UTC,0.018299785030366666,1571192316.1425965,40753182.90656358
2025-10-17 00:00:00 UTC,0.0173156696728663,1487388220.8730216,47854702.37486085
2025-10-18 00:00:00 UTC,0.017143472983207373,1473338277.6355455,53159862.39951106
2025-10-19 00:00:00 UTC,0.017126957128122382,1472570545.0894716,22916764.858549885
2025-10-20 00:00:00 UTC,0.01763247263333761,1516216412.3174822,26547307.568290703
2025-10-21 00:00:00 UTC,0.017834561460465765,1534027918.6253784,25055555.398235884
2025-10-22 00:00:00 UTC,0.017235197234010183,1482403658.0973272,39417576.34926418
2025-10-23 00:00:00 UTC,0.016972511135848665,1456833354.4226787,30911556.202408582
2025-10-24 00:00:00 UTC,0.017182091593473905,1477404521.1960852,20342756.88844386
2025-10-25 00:00:00 UTC,0.017360595921737443,1493216855.8137393,23128754.512092195
2025-10-26 00:00:00 UTC,0.017343231384542693,1491126233.7192097,14457363.186011946
2025-10-27 00:00:00 UTC,0.01791371255062997,1541944714.961383,19493520.80248665
2025-10-28 00:00:00 UTC,0.017277272863147407,1485352746.466222,30952955.51894202
2025-10-29 00:00:00 UTC,0.016778893157185847,1442901302.804144,29097952.68455909
2025-10-30 00:00:00 UTC,0.01681654528069693,1445571846.572761,24405975.740308218
2025-10-31 00:00:00 UTC,0.015564972103478087,1337578318.8763602,41863410.827422306
2025-11-01 00:00:00 UTC,0.015602478722866265,1342212241.2234406,23016117.187329613
2025-11-02 00:00:00 UTC,0.01626386835140473,1396972226.7673995,20399065.64743521
2025-11-03 00:00:00 UTC,0.016318033786934596,1401042668.6061802,20521422.550642997
2025-11-04 00:00:00 UTC,0.014628088138096218,1257899254.4250214,44938124.106072575
2025-11-05 00:00:00 UTC,0.014046314282301844,1206626019.9497378,49422687.243672766
2025-11-06 00:00:00 UTC,0.015182270814663164,1305789954.8276508,40965134.95198307
2025-11-07 00:00:00 UTC,0.014621476446600138,1256350525.3638415,32850017.961679578
2025-11-08 00:00:00 UTC,0.016886899052680548,1454156653.8997948,67132814.55668962
2025-11-09 00:00:00 UTC,0.017324006221888323,1489362922.2888072,45358006.702251054
2025-11-10 00:00:00 UTC,0.017126019468128667,1472325819.8339877,35782336.311106205
2025-11-11 00:00:00 UTC,0.017337451115996716,1491439922.167967,39890040.26522615
2025-11-12 00:00:00 UTC,0.016935637138694015,1456182153.4626586,74163991.99463762
2025-11-13 00:00:00 UTC,0.016434395940077447,1412575920.7034142,46610266.9242075
2025-11-14 00:00:00 UTC,0.01605913158594442,1381204960.0722864,39267628.04786064
2025-11-15 00:00:00 UTC,0.015493317713106925,1336963960.2012384,34321920.52119973
2025-11-16 00:00:00 UTC,0.01565403886699927,1346706901.985638,18431385.94513296
2025-11-17 00:00:00 UTC,0.015102720513923747,1299527015.879739,29521216.040911116
2025-11-18 00:00:00 UTC,0.014413016411526971,1239282391.6451688,34541885.7974663
2025-11-19 00:00:00 UTC,0.014861793869792535,1278029278.8174002,32694119.71112799
2025-11-20 00:00:00 UTC,0.014314201338500974,1230752229.1295083,28636227.095207606
2025-11-21 00:00:00 UTC,0.01336867321269635,1149508850.7798429,36555055.333382905
2025-11-22 00:00:00 UTC,0.012847000398513365,1104722281.5601435,49997697.839654386
2025-11-23 00:00:00 UTC,0.012797481214461424,1101072704.4604404,21358636.30108735
2025-11-24 00:00:00 UTC,0.012963537562893071,1116768743.656242,21300219.19189752
2025-11-25 00:00:00 UTC,0.013704634428946608,1180424863.1165617,31026589.070002485
2025-11-26 00:00:00 UTC,0.013615372389662551,1171974343.7660933,24419471.126174636
2025-11-27 00:00:00 UTC,0.013894465448083518,1194564672.2488534,26410896.426106747
2025-11-28 00:00:00 UTC,0.013802524318694012,1187042866.6703358,20502478.6710603
2025-11-29 00:00:00 UTC,0.013635832675744313,1172366499.5314755,20664033.030151542
2025-11-30 00:00:00 UTC,0.01341174021740713,1153212467.8340044,14614791.89098786
2025-12-01 00:00:00 UTC,0.013122472473455372,1129154414.4930804,13788676.39034054
2025-12-02 00:00:00 UTC,0.012429783916898345,1068586006.7269546,38141675.25580641
2025-12-03 00:00:00 UTC,0.013316995989018587,1144381180.8329494,30749812.37687312
2025-12-04 00:00:00 UTC,0.013692671402758504,1177602752.1041036,23198613.272141065
2025-12-05 00:00:00 UTC,0.013018726432535202,1119518909.8542802,21669711.788921956
2025-12-06 00:00:00 UTC,0.012630525498919635,1085620127.4542809,24722874.82028839
2025-12-07 00:00:00 UTC,0.012626375300723108,1084205181.603274,15352933.70448977
2025-12-08 00:00:00 UTC,0.012284193804842346,1055065524.2891943,19133920.18413083
2025-12-09 00:00:00 UTC,0.01256153084862842,1079185215.921705,23267154.012446746
2025-12-10 00:00:00 UTC,0.01278291395953091,1099636966.2122617,25723326.86220302
2025-12-11 00:00:00 UTC,0.012323217902175132,1061154807.8753948,29674033.408136245
2025-12-12 00:00:00 UTC,0.01205367975409692,1038189057.6279035,31749043.81546458
2025-12-13 00:00:00 UTC,0.01158038291471594,996104250.6699538,22797255.462276347
2025-12-14 00:00:00 UTC,0.011655444370342345,1002114158.7070124,16466545.758250453
2025-12-15 00:00:00 UTC,0.011242080341028174,966625076.2649112,20915874.167691946
2025-12-16 00:00:00 UTC,0.010754368712067981,924916484.0570892,27239493.283745054
2025-12-17 00:00:00 UTC,0.01084780984984458,931011853.4883192,24546728.95652117
2025-12-18 00:00:00 UTC,0.010254373405161122,881942219.9417975,23965102.97167601
2025-12-19 00:00:00 UTC,0.009786457538480033,840277336.8772339,27921465.19849991
2025-12-20 00:00:00 UTC,0.010732726377479488,922644180.3431145,27431085.17838308
2025-12-21 00:00:00 UTC,0.010634880230824746,914310592.7561039,12726950.530360082
2025-12-22 00:00:00 UTC,0.010515817358629179,904222377.266297,20492220.82529939
2025-12-23 00:00:00 UTC,0.010604577525369035,911817759.8688966,28903103.110210717
2025-12-24 00:00:00 UTC,0.010512578333266048,904051709.0467573,18254489.15836198
2025-12-25 00:00:00 UTC,0.010583080539125154,909457273.2341942,14694049.380248742
2025-12-26 00:00:00 UTC,0.010379913425527453,892458781.1663823,12974656.406294363
2025-12-27 00:00:00 UTC,0.010549934073327787,905997081.614023,14681672.143731749
2025-12-28 00:00:00 UTC,0.011416842667050807,981263277.5679649,22436514.103430856
2025-12-29 00:00:00 UTC,0.011125185955905526,955866934.3354352,17177457.085956875
2025-12-30 00:00:00 UTC,0.010871949889312803,934821193.0692978,17333017.703985624
2025-12-31 00:00:00 UTC,0.010832467518139327,931181199.2657217,16172107.3478015
2026-01-01 00:00:00 UTC,0.010410645861810593,895107040.0479859,16512030.357730944
2026-01-02 00:00:00 UTC,0.011051050752358302,950224949.8348875,16825691.80895694
2026-01-03 00:00:00 UTC,0.011692884611541367,1006158126.2082926,24559728.96588636
2026-01-04 00:00:00 UTC,0.011716712641772395,1007674005.276913,19745795.912438855
2026-01-05 00:00:00 UTC,0.012115809729914764,1041738062.7261637,19530787.257496312
2026-01-06 00:00:00 UTC,0.012624986073935167,1086783707.252647,26020408.86655193
2026-01-07 00:00:00 UTC,0.012854595977189201,1105516501.3514442,28267053.61218014
2026-01-08 00:00:00 UTC,0.01212405275410178,1042465091.4336588,21263193.281752843
2026-01-09 00:00:00 UTC,0.011788051597688606,1013968543.8259445,21540660.77311239
2026-01-10 00:00:00 UTC,0.011743256725955515,1010027467.3205069,17417433.46054978
2026-01-11 00:00:00 UTC,0.011693325382419661,1005145258.7016758,12751766.0467015
2026-01-12 00:00:00 UTC,0.011484212317491947,986935347.5615393,13903303.544360755
2026-01-13 00:00:00 UTC,0.01128948021669583,971067493.9197658,17968821.566186313
2026-01-14 00:00:00 UTC,0.012164291923345944,1045947141.9179492,26847572.43441686
2026-01-15 00:00:00 UTC,0.012116731301920296,1041174080.0539491,27443340.103545256
2026-01-16 00:00:00 UTC,0.011530409691913136,991128529.3883642,26758229.19001255
2026-01-17 00:00:00 UTC,0.011789703418763833,1013344898.9226784,26938131.644407228
2026-01-18 00:00:00 UTC,0.011786822931313718,1013343453.9268557,21092556.339472674
2026-01-19 00:00:00 UTC,0.011129894880074112,960524651.8926417,18865799.92956428
2026-01-20 00:00:00 UTC,0.010844668917394731,932899233.8552722,31932652.755994357
2026-01-21 00:00:00 UTC,0.01007699531012682,866539187.9549755,30021590.217571314
2026-01-22 00:00:00 UTC,0.010423239692155301,895845862.1298145,27030820.16817196
2026-01-23 00:00:00 UTC,0.010195809215079036,877157140.0464637,15252912.039295148
2026-01-24 00:00:00 UTC,0.010242923854402565,879954547.1318866,18341256.25705376
2026-01-25 00:00:00 UTC,0.010294085042120812,884679498.4025307,12685257.944761723
2026-01-26 00:00:00 UTC,0.009877604003479777,849490776.8428195,22245609.36204622
2026-01-27 00:00:00 UTC,0.010128920142607774,871544617.5258329,19684694.460363083
2026-01-28 00:00:00 UTC,0.010280326420165263,883965648.6453227,18115069.59700517
2026-01-29 00:00:00 UTC,0.01020966798303846,877916206.2403343,16093559.214405827
2026-01-30 00:00:00 UTC,0.00934959988342032,803728699.7084193,28875796.434473567
2026-01-31 00:00:00 UTC,0.009228895913702706,793082370.7391684,26399738.548170295
2026-02-01 00:00:00 UTC,0.008424858935215778,724192986.6522878,38238355.75580742
2026-02-02 00:00:00 UTC,0.00818916481601802,704940022.97692,24168212.86393981
2026-02-03 00:00:00 UTC,0.008609816589213363,740277340.7978824,30718584.605861425
2026-02-04 00:00:00 UTC,0.008410424655025147,723566024.8040943,27003401.762460474
2026-02-05 00:00:00 UTC,0.008346606169372727,718671612.3270978,27666646.751578398
2026-02-06 00:00:00 UTC,0.007311819942397105,632571694.3319894,46474302.99021977
2026-02-07 00:00:00 UTC,0.008277941370055279,711710170.6103346,40573187.08354278
2026-02-08 00:00:00 UTC,0.008084307375142869,695842813.7278563,20653763.021308772
2026-02-09 00:00:00 UTC,0.00804541324134751,691886655.4893851,15347503.227266982
2026-02-10 00:00:00 UTC,0.007914982002402406,680621197.5749874,16527937.870212007
2026-02-11 00:00:00 UTC,0.007697673045852485,661952023.6154107,14978930.821929155
2026-02-12 00:00:00 UTC,0.007558078186019298,650011884.0753164,17578394.506178603
2026-02-13 00:00:00 UTC,0.007883099568120718,677898618.4262723,18234574.87913959
2026-02-14 00:00:00 UTC,0.00820468082293373,705472481.9965953,17954366.102959197
2026-02-15 00:00:00 UTC,0.008881976266359577,764314093.8282399,22782003.82384934
2026-02-16 00:00:00 UTC,0.008354652306812219,718311923.4582825,22096967.1573725
2026-02-17 00:00:00 UTC,0.008323585120555808,715460486.9992057,15249787.507539757
2026-02-18 00:00:00 UTC,0.008116792874344551,697658919.7820636,15431999.241692325
2026-02-19 00:00:00 UTC,0.007829442504382118,672708399.1452522,14938140.79831343
2026-02-20 00:00:00 UTC,0.007726865301165334,664383358.883814,16536403.214756744
2026-02-21 00:00:00 UTC,0.007815299155537796,671578579.1319531,17397925.466816194
2026-02-22 00:00:00 UTC,0.007666791963518057,659228566.5390179,12459732.305982387
2026-02-23 00:00:00 UTC,0.007438981239238395,639612519.3029807,13214691.218804086
2026-02-24 00:00:00 UTC,0.007315807675940589,629035966.6789328,17496862.400340952
2026-02-25 00:00:00 UTC,0.007101955916554041,610605287.9525822,17505269.46434072
2026-02-26 00:00:00 UTC,0.007795579852487691,669481635.4763372,27256937.084478367
2026-02-27 00:00:00 UTC,0.007594871168510192,653181840.9733452,21779627.94339115
2026-02-28 00:00:00 UTC,0.007353837897765867,631795541.1263791,19411303.660298582
2026-03-01 00:00:00 UTC,0.0072945729218782795,627341822.4323334,23375098.04110833
2026-03-02 00:00:00 UTC,0.007141653124619791,613949829.9308428,18976803.53966866
2026-03-03 00:00:00 UTC,0.007258850547002684,623803275.1324805,27067414.302491944
2026-03-04 00:00:00 UTC,0.007136330709193912,613758062.7033516,24858144.71619921
2026-03-05 00:00:00 UTC,0.0074531277968280345,640883522.2843269,27521076.64528237
2026-03-06 00:00:00 UTC,0.0072983331369862224,627455926.2556099,19356324.824920252
2026-03-07 00:00:00 UTC,0.007100896586863168,610570885.4150482,15109807.779505203
2026-03-08 00:00:00 UTC,0.00692986142284457,595851380.8990852,11376435.794884719
2026-03-09 00:00:00 UTC,0.006778268928141657,583388866.004174,13972801.348668415
2026-03-10 00:00:00 UTC,0.006967500689066808,599133241.8091817,14535141.058084324
2026-03-11 00:00:00 UTC,0.007011226496162183,603426528.2952843,16803906.45691048
